date,ticker,name,price
2006-02-17,USDCHF,USDCHF,1.31
2006-02-17,EURCHF,EURCHF,1.56
2006-02-20,USDCHF,USDCHF,1.31
2006-02-20,EURCHF,EURCHF,1.56
2006-02-21,USDCHF,USDCHF,1.31
2006-02-21,EURCHF,EURCHF,1.56
2006-02-22,USDCHF,USDCHF,1.31
2006-02-22,EURCHF,EURCHF,1.56
2006-02-23,USDCHF,USDCHF,1.31
2006-02-23,EURCHF,EURCHF,1.56
2006-02-24,USDCHF,USDCHF,1.32
2006-02-24,EURCHF,EURCHF,1.56
2006-02-27,USDCHF,USDCHF,1.32
2006-02-27,EURCHF,EURCHF,1.57
2006-02-28,USDCHF,USDCHF,1.31
2006-02-28,EURCHF,EURCHF,1.56
2006-03-01,USDCHF,USDCHF,1.31
2006-03-01,EURCHF,EURCHF,1.56
2006-03-02,USDCHF,USDCHF,1.31
2006-03-02,EURCHF,EURCHF,1.57
2006-03-03,USDCHF,USDCHF,1.3
2006-03-03,EURCHF,EURCHF,1.56
2006-03-06,USDCHF,USDCHF,1.3
2006-03-06,EURCHF,EURCHF,1.56
2006-03-07,USDCHF,USDCHF,1.31
2006-03-07,EURCHF,EURCHF,1.56
2006-03-08,USDCHF,USDCHF,1.31
2006-03-08,EURCHF,EURCHF,1.56
2006-03-09,USDCHF,USDCHF,1.31
2006-03-09,EURCHF,EURCHF,1.57
2006-03-10,USDCHF,USDCHF,1.32
2006-03-10,EURCHF,EURCHF,1.57
2006-03-13,USDCHF,USDCHF,1.32
2006-03-13,EURCHF,EURCHF,1.57
2006-03-14,USDCHF,USDCHF,1.3
2006-03-14,EURCHF,EURCHF,1.57
2006-03-15,USDCHF,USDCHF,1.3
2006-03-15,EURCHF,EURCHF,1.57
2006-03-16,USDCHF,USDCHF,1.29
2006-03-16,EURCHF,EURCHF,1.57
2006-03-17,USDCHF,USDCHF,1.29
2006-03-17,EURCHF,EURCHF,1.57
2006-03-20,USDCHF,USDCHF,1.29
2006-03-20,EURCHF,EURCHF,1.57
2006-03-21,USDCHF,USDCHF,1.3
2006-03-21,EURCHF,EURCHF,1.57
2006-03-22,USDCHF,USDCHF,1.3
2006-03-22,EURCHF,EURCHF,1.57
2006-03-23,USDCHF,USDCHF,1.32
2006-03-23,EURCHF,EURCHF,1.58
2006-03-24,USDCHF,USDCHF,1.31
2006-03-24,EURCHF,EURCHF,1.58
2006-03-27,USDCHF,USDCHF,1.31
2006-03-27,EURCHF,EURCHF,1.57
2006-03-28,USDCHF,USDCHF,1.3
2006-03-28,EURCHF,EURCHF,1.57
2006-03-29,USDCHF,USDCHF,1.31
2006-03-29,EURCHF,EURCHF,1.57
2006-03-30,USDCHF,USDCHF,1.3
2006-03-30,EURCHF,EURCHF,1.58
2006-03-31,USDCHF,USDCHF,1.31
2006-03-31,EURCHF,EURCHF,1.58
2006-04-03,USDCHF,USDCHF,1.31
2006-04-03,EURCHF,EURCHF,1.58
2006-04-04,USDCHF,USDCHF,1.29
2006-04-04,EURCHF,EURCHF,1.58
2006-04-05,USDCHF,USDCHF,1.29
2006-04-05,EURCHF,EURCHF,1.58
2006-04-06,USDCHF,USDCHF,1.29
2006-04-06,EURCHF,EURCHF,1.58
2006-04-07,USDCHF,USDCHF,1.3
2006-04-07,EURCHF,EURCHF,1.58
2006-04-10,USDCHF,USDCHF,1.3
2006-04-10,EURCHF,EURCHF,1.58
2006-04-11,USDCHF,USDCHF,1.3
2006-04-11,EURCHF,EURCHF,1.58
2006-04-12,USDCHF,USDCHF,1.3
2006-04-12,EURCHF,EURCHF,1.57
2006-04-13,USDCHF,USDCHF,1.3
2006-04-13,EURCHF,EURCHF,1.57
2006-04-14,USDCHF,USDCHF,1.3
2006-04-14,EURCHF,EURCHF,1.57
2006-04-17,USDCHF,USDCHF,1.28
2006-04-17,EURCHF,EURCHF,1.57
2006-04-18,USDCHF,USDCHF,1.27
2006-04-18,EURCHF,EURCHF,1.57
2006-04-19,USDCHF,USDCHF,1.27
2006-04-19,EURCHF,EURCHF,1.57
2006-04-20,USDCHF,USDCHF,1.28
2006-04-20,EURCHF,EURCHF,1.57
2006-04-21,USDCHF,USDCHF,1.28
2006-04-21,EURCHF,EURCHF,1.57
2006-04-24,USDCHF,USDCHF,1.27
2006-04-24,EURCHF,EURCHF,1.57
2006-04-25,USDCHF,USDCHF,1.27
2006-04-25,EURCHF,EURCHF,1.57
2006-04-26,USDCHF,USDCHF,1.27
2006-04-26,EURCHF,EURCHF,1.58
2006-04-27,USDCHF,USDCHF,1.26
2006-04-27,EURCHF,EURCHF,1.58
2006-04-28,USDCHF,USDCHF,1.24
2006-04-28,EURCHF,EURCHF,1.57
2006-05-01,USDCHF,USDCHF,1.24
2006-05-01,EURCHF,EURCHF,1.56
2006-05-02,USDCHF,USDCHF,1.24
2006-05-02,EURCHF,EURCHF,1.56
2006-05-03,USDCHF,USDCHF,1.24
2006-05-03,EURCHF,EURCHF,1.56
2006-05-04,USDCHF,USDCHF,1.23
2006-05-04,EURCHF,EURCHF,1.56
2006-05-05,USDCHF,USDCHF,1.22
2006-05-05,EURCHF,EURCHF,1.56
2006-05-08,USDCHF,USDCHF,1.23
2006-05-08,EURCHF,EURCHF,1.56
2006-05-09,USDCHF,USDCHF,1.22
2006-05-09,EURCHF,EURCHF,1.56
2006-05-10,USDCHF,USDCHF,1.22
2006-05-10,EURCHF,EURCHF,1.56
2006-05-11,USDCHF,USDCHF,1.21
2006-05-11,EURCHF,EURCHF,1.56
2006-05-12,USDCHF,USDCHF,1.2
2006-05-12,EURCHF,EURCHF,1.55
2006-05-15,USDCHF,USDCHF,1.21
2006-05-15,EURCHF,EURCHF,1.55
2006-05-16,USDCHF,USDCHF,1.21
2006-05-16,EURCHF,EURCHF,1.55
2006-05-17,USDCHF,USDCHF,1.21
2006-05-17,EURCHF,EURCHF,1.55
2006-05-18,USDCHF,USDCHF,1.21
2006-05-18,EURCHF,EURCHF,1.55
2006-05-19,USDCHF,USDCHF,1.22
2006-05-19,EURCHF,EURCHF,1.55
2006-05-22,USDCHF,USDCHF,1.21
2006-05-22,EURCHF,EURCHF,1.55
2006-05-23,USDCHF,USDCHF,1.21
2006-05-23,EURCHF,EURCHF,1.55
2006-05-24,USDCHF,USDCHF,1.22
2006-05-24,EURCHF,EURCHF,1.55
2006-05-25,USDCHF,USDCHF,1.22
2006-05-25,EURCHF,EURCHF,1.56
2006-05-26,USDCHF,USDCHF,1.23
2006-05-26,EURCHF,EURCHF,1.56
2006-05-29,USDCHF,USDCHF,1.22
2006-05-29,EURCHF,EURCHF,1.56
2006-05-30,USDCHF,USDCHF,1.21
2006-05-30,EURCHF,EURCHF,1.56
2006-05-31,USDCHF,USDCHF,1.22
2006-05-31,EURCHF,EURCHF,1.56
2006-06-01,USDCHF,USDCHF,1.22
2006-06-01,EURCHF,EURCHF,1.56
2006-06-02,USDCHF,USDCHF,1.21
2006-06-02,EURCHF,EURCHF,1.56
2006-06-05,USDCHF,USDCHF,1.2
2006-06-05,EURCHF,EURCHF,1.56
2006-06-06,USDCHF,USDCHF,1.22
2006-06-06,EURCHF,EURCHF,1.56
2006-06-07,USDCHF,USDCHF,1.22
2006-06-07,EURCHF,EURCHF,1.56
2006-06-08,USDCHF,USDCHF,1.23
2006-06-08,EURCHF,EURCHF,1.56
2006-06-09,USDCHF,USDCHF,1.23
2006-06-09,EURCHF,EURCHF,1.56
2006-06-12,USDCHF,USDCHF,1.23
2006-06-12,EURCHF,EURCHF,1.55
2006-06-13,USDCHF,USDCHF,1.24
2006-06-13,EURCHF,EURCHF,1.55
2006-06-14,USDCHF,USDCHF,1.23
2006-06-14,EURCHF,EURCHF,1.55
2006-06-15,USDCHF,USDCHF,1.23
2006-06-15,EURCHF,EURCHF,1.55
2006-06-16,USDCHF,USDCHF,1.23
2006-06-16,EURCHF,EURCHF,1.56
2006-06-19,USDCHF,USDCHF,1.24
2006-06-19,EURCHF,EURCHF,1.56
2006-06-20,USDCHF,USDCHF,1.24
2006-06-20,EURCHF,EURCHF,1.56
2006-06-21,USDCHF,USDCHF,1.24
2006-06-21,EURCHF,EURCHF,1.56
2006-06-22,USDCHF,USDCHF,1.24
2006-06-22,EURCHF,EURCHF,1.56
2006-06-23,USDCHF,USDCHF,1.25
2006-06-23,EURCHF,EURCHF,1.56
2006-06-26,USDCHF,USDCHF,1.25
2006-06-26,EURCHF,EURCHF,1.56
2006-06-27,USDCHF,USDCHF,1.24
2006-06-27,EURCHF,EURCHF,1.57
2006-06-28,USDCHF,USDCHF,1.25
2006-06-28,EURCHF,EURCHF,1.56
2006-06-29,USDCHF,USDCHF,1.25
2006-06-29,EURCHF,EURCHF,1.57
2006-06-30,USDCHF,USDCHF,1.23
2006-06-30,EURCHF,EURCHF,1.57
2006-07-03,USDCHF,USDCHF,1.22
2006-07-03,EURCHF,EURCHF,1.57
2006-07-04,USDCHF,USDCHF,1.23
2006-07-04,EURCHF,EURCHF,1.57
2006-07-05,USDCHF,USDCHF,1.23
2006-07-05,EURCHF,EURCHF,1.57
2006-07-06,USDCHF,USDCHF,1.23
2006-07-06,EURCHF,EURCHF,1.57
2006-07-07,USDCHF,USDCHF,1.22
2006-07-07,EURCHF,EURCHF,1.57
2006-07-10,USDCHF,USDCHF,1.23
2006-07-10,EURCHF,EURCHF,1.57
2006-07-11,USDCHF,USDCHF,1.23
2006-07-11,EURCHF,EURCHF,1.57
2006-07-12,USDCHF,USDCHF,1.24
2006-07-12,EURCHF,EURCHF,1.57
2006-07-13,USDCHF,USDCHF,1.23
2006-07-13,EURCHF,EURCHF,1.56
2006-07-14,USDCHF,USDCHF,1.24
2006-07-14,EURCHF,EURCHF,1.56
2006-07-17,USDCHF,USDCHF,1.25
2006-07-17,EURCHF,EURCHF,1.56
2006-07-18,USDCHF,USDCHF,1.25
2006-07-18,EURCHF,EURCHF,1.57
2006-07-19,USDCHF,USDCHF,1.25
2006-07-19,EURCHF,EURCHF,1.57
2006-07-20,USDCHF,USDCHF,1.24
2006-07-20,EURCHF,EURCHF,1.57
2006-07-21,USDCHF,USDCHF,1.24
2006-07-21,EURCHF,EURCHF,1.57
2006-07-24,USDCHF,USDCHF,1.25
2006-07-24,EURCHF,EURCHF,1.57
2006-07-25,USDCHF,USDCHF,1.25
2006-07-25,EURCHF,EURCHF,1.58
2006-07-26,USDCHF,USDCHF,1.25
2006-07-26,EURCHF,EURCHF,1.58
2006-07-27,USDCHF,USDCHF,1.24
2006-07-27,EURCHF,EURCHF,1.57
2006-07-28,USDCHF,USDCHF,1.23
2006-07-28,EURCHF,EURCHF,1.57
2006-07-31,USDCHF,USDCHF,1.23
2006-07-31,EURCHF,EURCHF,1.57
2006-08-01,USDCHF,USDCHF,1.24
2006-08-01,EURCHF,EURCHF,1.57
2006-08-02,USDCHF,USDCHF,1.23
2006-08-02,EURCHF,EURCHF,1.57
2006-08-03,USDCHF,USDCHF,1.23
2006-08-03,EURCHF,EURCHF,1.58
2006-08-04,USDCHF,USDCHF,1.22
2006-08-04,EURCHF,EURCHF,1.58
2006-08-07,USDCHF,USDCHF,1.22
2006-08-07,EURCHF,EURCHF,1.57
2006-08-08,USDCHF,USDCHF,1.23
2006-08-08,EURCHF,EURCHF,1.57
2006-08-09,USDCHF,USDCHF,1.22
2006-08-09,EURCHF,EURCHF,1.58
2006-08-10,USDCHF,USDCHF,1.24
2006-08-10,EURCHF,EURCHF,1.58
2006-08-11,USDCHF,USDCHF,1.24
2006-08-11,EURCHF,EURCHF,1.58
2006-08-14,USDCHF,USDCHF,1.24
2006-08-14,EURCHF,EURCHF,1.58
2006-08-15,USDCHF,USDCHF,1.24
2006-08-15,EURCHF,EURCHF,1.58
2006-08-16,USDCHF,USDCHF,1.23
2006-08-16,EURCHF,EURCHF,1.58
2006-08-17,USDCHF,USDCHF,1.23
2006-08-17,EURCHF,EURCHF,1.58
2006-08-18,USDCHF,USDCHF,1.23
2006-08-18,EURCHF,EURCHF,1.58
2006-08-21,USDCHF,USDCHF,1.22
2006-08-21,EURCHF,EURCHF,1.58
2006-08-22,USDCHF,USDCHF,1.23
2006-08-22,EURCHF,EURCHF,1.58
2006-08-23,USDCHF,USDCHF,1.23
2006-08-23,EURCHF,EURCHF,1.58
2006-08-24,USDCHF,USDCHF,1.23
2006-08-24,EURCHF,EURCHF,1.58
2006-08-25,USDCHF,USDCHF,1.24
2006-08-25,EURCHF,EURCHF,1.58
2006-08-28,USDCHF,USDCHF,1.24
2006-08-28,EURCHF,EURCHF,1.58
2006-08-29,USDCHF,USDCHF,1.24
2006-08-29,EURCHF,EURCHF,1.58
2006-08-30,USDCHF,USDCHF,1.23
2006-08-30,EURCHF,EURCHF,1.58
2006-08-31,USDCHF,USDCHF,1.23
2006-08-31,EURCHF,EURCHF,1.58
2006-09-01,USDCHF,USDCHF,1.23
2006-09-01,EURCHF,EURCHF,1.58
2006-09-04,USDCHF,USDCHF,1.23
2006-09-04,EURCHF,EURCHF,1.58
2006-09-05,USDCHF,USDCHF,1.24
2006-09-05,EURCHF,EURCHF,1.58
2006-09-06,USDCHF,USDCHF,1.24
2006-09-06,EURCHF,EURCHF,1.58
2006-09-07,USDCHF,USDCHF,1.24
2006-09-07,EURCHF,EURCHF,1.58
2006-09-08,USDCHF,USDCHF,1.25
2006-09-08,EURCHF,EURCHF,1.58
2006-09-11,USDCHF,USDCHF,1.25
2006-09-11,EURCHF,EURCHF,1.58
2006-09-12,USDCHF,USDCHF,1.25
2006-09-12,EURCHF,EURCHF,1.58
2006-09-13,USDCHF,USDCHF,1.25
2006-09-13,EURCHF,EURCHF,1.59
2006-09-14,USDCHF,USDCHF,1.25
2006-09-14,EURCHF,EURCHF,1.59
2006-09-15,USDCHF,USDCHF,1.26
2006-09-15,EURCHF,EURCHF,1.59
2006-09-18,USDCHF,USDCHF,1.25
2006-09-18,EURCHF,EURCHF,1.59
2006-09-19,USDCHF,USDCHF,1.25
2006-09-19,EURCHF,EURCHF,1.59
2006-09-20,USDCHF,USDCHF,1.25
2006-09-20,EURCHF,EURCHF,1.59
2006-09-21,USDCHF,USDCHF,1.25
2006-09-21,EURCHF,EURCHF,1.59
2006-09-22,USDCHF,USDCHF,1.23
2006-09-22,EURCHF,EURCHF,1.58
2006-09-25,USDCHF,USDCHF,1.24
2006-09-25,EURCHF,EURCHF,1.58
2006-09-26,USDCHF,USDCHF,1.24
2006-09-26,EURCHF,EURCHF,1.58
2006-09-27,USDCHF,USDCHF,1.24
2006-09-27,EURCHF,EURCHF,1.58
2006-09-28,USDCHF,USDCHF,1.25
2006-09-28,EURCHF,EURCHF,1.58
2006-09-29,USDCHF,USDCHF,1.25
2006-09-29,EURCHF,EURCHF,1.59
2006-10-02,USDCHF,USDCHF,1.24
2006-10-02,EURCHF,EURCHF,1.58
2006-10-03,USDCHF,USDCHF,1.24
2006-10-03,EURCHF,EURCHF,1.59
2006-10-04,USDCHF,USDCHF,1.25
2006-10-04,EURCHF,EURCHF,1.59
2006-10-05,USDCHF,USDCHF,1.25
2006-10-05,EURCHF,EURCHF,1.59
2006-10-06,USDCHF,USDCHF,1.26
2006-10-06,EURCHF,EURCHF,1.59
2006-10-09,USDCHF,USDCHF,1.26
2006-10-09,EURCHF,EURCHF,1.59
2006-10-10,USDCHF,USDCHF,1.27
2006-10-10,EURCHF,EURCHF,1.59
2006-10-11,USDCHF,USDCHF,1.27
2006-10-11,EURCHF,EURCHF,1.59
2006-10-12,USDCHF,USDCHF,1.27
2006-10-12,EURCHF,EURCHF,1.59
2006-10-13,USDCHF,USDCHF,1.28
2006-10-13,EURCHF,EURCHF,1.59
2006-10-16,USDCHF,USDCHF,1.27
2006-10-16,EURCHF,EURCHF,1.59
2006-10-17,USDCHF,USDCHF,1.27
2006-10-17,EURCHF,EURCHF,1.59
2006-10-18,USDCHF,USDCHF,1.27
2006-10-18,EURCHF,EURCHF,1.59
2006-10-19,USDCHF,USDCHF,1.26
2006-10-19,EURCHF,EURCHF,1.59
2006-10-20,USDCHF,USDCHF,1.26
2006-10-20,EURCHF,EURCHF,1.59
2006-10-23,USDCHF,USDCHF,1.27
2006-10-23,EURCHF,EURCHF,1.59
2006-10-24,USDCHF,USDCHF,1.27
2006-10-24,EURCHF,EURCHF,1.59
2006-10-25,USDCHF,USDCHF,1.27
2006-10-25,EURCHF,EURCHF,1.59
2006-10-26,USDCHF,USDCHF,1.26
2006-10-26,EURCHF,EURCHF,1.59
2006-10-27,USDCHF,USDCHF,1.25
2006-10-27,EURCHF,EURCHF,1.59
2006-10-30,USDCHF,USDCHF,1.25
2006-10-30,EURCHF,EURCHF,1.59
2006-10-31,USDCHF,USDCHF,1.24
2006-10-31,EURCHF,EURCHF,1.59
2006-11-01,USDCHF,USDCHF,1.24
2006-11-01,EURCHF,EURCHF,1.59
2006-11-02,USDCHF,USDCHF,1.25
2006-11-02,EURCHF,EURCHF,1.59
2006-11-03,USDCHF,USDCHF,1.26
2006-11-03,EURCHF,EURCHF,1.59
2006-11-06,USDCHF,USDCHF,1.26
2006-11-06,EURCHF,EURCHF,1.6
2006-11-07,USDCHF,USDCHF,1.25
2006-11-07,EURCHF,EURCHF,1.6
2006-11-08,USDCHF,USDCHF,1.25
2006-11-08,EURCHF,EURCHF,1.6
2006-11-09,USDCHF,USDCHF,1.25
2006-11-09,EURCHF,EURCHF,1.6
2006-11-10,USDCHF,USDCHF,1.24
2006-11-10,EURCHF,EURCHF,1.59
2006-11-13,USDCHF,USDCHF,1.24
2006-11-13,EURCHF,EURCHF,1.59
2006-11-14,USDCHF,USDCHF,1.24
2006-11-14,EURCHF,EURCHF,1.59
2006-11-15,USDCHF,USDCHF,1.25
2006-11-15,EURCHF,EURCHF,1.6
2006-11-16,USDCHF,USDCHF,1.25
2006-11-16,EURCHF,EURCHF,1.6
2006-11-17,USDCHF,USDCHF,1.24
2006-11-17,EURCHF,EURCHF,1.6
2006-11-20,USDCHF,USDCHF,1.24
2006-11-20,EURCHF,EURCHF,1.59
2006-11-21,USDCHF,USDCHF,1.24
2006-11-21,EURCHF,EURCHF,1.59
2006-11-22,USDCHF,USDCHF,1.23
2006-11-22,EURCHF,EURCHF,1.59
2006-11-23,USDCHF,USDCHF,1.22
2006-11-23,EURCHF,EURCHF,1.58
2006-11-24,USDCHF,USDCHF,1.21
2006-11-24,EURCHF,EURCHF,1.58
2006-11-27,USDCHF,USDCHF,1.21
2006-11-27,EURCHF,EURCHF,1.59
2006-11-28,USDCHF,USDCHF,1.21
2006-11-28,EURCHF,EURCHF,1.59
2006-11-29,USDCHF,USDCHF,1.21
2006-11-29,EURCHF,EURCHF,1.59
2006-11-30,USDCHF,USDCHF,1.2
2006-11-30,EURCHF,EURCHF,1.59
2006-12-01,USDCHF,USDCHF,1.19
2006-12-01,EURCHF,EURCHF,1.59
2006-12-04,USDCHF,USDCHF,1.19
2006-12-04,EURCHF,EURCHF,1.59
2006-12-05,USDCHF,USDCHF,1.19
2006-12-05,EURCHF,EURCHF,1.59
2006-12-06,USDCHF,USDCHF,1.19
2006-12-06,EURCHF,EURCHF,1.59
2006-12-07,USDCHF,USDCHF,1.19
2006-12-07,EURCHF,EURCHF,1.59
2006-12-08,USDCHF,USDCHF,1.19
2006-12-08,EURCHF,EURCHF,1.59
2006-12-11,USDCHF,USDCHF,1.2
2006-12-11,EURCHF,EURCHF,1.59
2006-12-12,USDCHF,USDCHF,1.2
2006-12-12,EURCHF,EURCHF,1.59
2006-12-13,USDCHF,USDCHF,1.21
2006-12-13,EURCHF,EURCHF,1.59
2006-12-14,USDCHF,USDCHF,1.21
2006-12-14,EURCHF,EURCHF,1.6
2006-12-15,USDCHF,USDCHF,1.22
2006-12-15,EURCHF,EURCHF,1.6
2006-12-18,USDCHF,USDCHF,1.22
2006-12-18,EURCHF,EURCHF,1.6
2006-12-19,USDCHF,USDCHF,1.22
2006-12-19,EURCHF,EURCHF,1.6
2006-12-20,USDCHF,USDCHF,1.22
2006-12-20,EURCHF,EURCHF,1.6
2006-12-21,USDCHF,USDCHF,1.22
2006-12-21,EURCHF,EURCHF,1.6
2006-12-22,USDCHF,USDCHF,1.22
2006-12-22,EURCHF,EURCHF,1.6
2006-12-25,USDCHF,USDCHF,1.22
2006-12-25,EURCHF,EURCHF,1.6
2006-12-26,USDCHF,USDCHF,1.22
2006-12-26,EURCHF,EURCHF,1.6
2006-12-27,USDCHF,USDCHF,1.23
2006-12-27,EURCHF,EURCHF,1.61
2006-12-28,USDCHF,USDCHF,1.22
2006-12-28,EURCHF,EURCHF,1.61
2006-12-29,USDCHF,USDCHF,1.22
2006-12-29,EURCHF,EURCHF,1.61
2007-01-01,USDCHF,USDCHF,1.22
2007-01-01,EURCHF,EURCHF,1.61
2007-01-02,USDCHF,USDCHF,1.21
2007-01-02,EURCHF,EURCHF,1.61
2007-01-03,USDCHF,USDCHF,1.22
2007-01-03,EURCHF,EURCHF,1.61
2007-01-04,USDCHF,USDCHF,1.23
2007-01-04,EURCHF,EURCHF,1.61
2007-01-05,USDCHF,USDCHF,1.24
2007-01-05,EURCHF,EURCHF,1.61
2007-01-08,USDCHF,USDCHF,1.24
2007-01-08,EURCHF,EURCHF,1.61
2007-01-09,USDCHF,USDCHF,1.24
2007-01-09,EURCHF,EURCHF,1.61
2007-01-10,USDCHF,USDCHF,1.25
2007-01-10,EURCHF,EURCHF,1.61
2007-01-11,USDCHF,USDCHF,1.25
2007-01-11,EURCHF,EURCHF,1.61
2007-01-12,USDCHF,USDCHF,1.25
2007-01-12,EURCHF,EURCHF,1.61
2007-01-15,USDCHF,USDCHF,1.25
2007-01-15,EURCHF,EURCHF,1.61
2007-01-16,USDCHF,USDCHF,1.25
2007-01-16,EURCHF,EURCHF,1.61
2007-01-17,USDCHF,USDCHF,1.25
2007-01-17,EURCHF,EURCHF,1.61
2007-01-18,USDCHF,USDCHF,1.25
2007-01-18,EURCHF,EURCHF,1.62
2007-01-19,USDCHF,USDCHF,1.25
2007-01-19,EURCHF,EURCHF,1.62
2007-01-22,USDCHF,USDCHF,1.25
2007-01-22,EURCHF,EURCHF,1.62
2007-01-23,USDCHF,USDCHF,1.24
2007-01-23,EURCHF,EURCHF,1.62
2007-01-24,USDCHF,USDCHF,1.25
2007-01-24,EURCHF,EURCHF,1.62
2007-01-25,USDCHF,USDCHF,1.24
2007-01-25,EURCHF,EURCHF,1.62
2007-01-26,USDCHF,USDCHF,1.25
2007-01-26,EURCHF,EURCHF,1.62
2007-01-29,USDCHF,USDCHF,1.25
2007-01-29,EURCHF,EURCHF,1.62
2007-01-30,USDCHF,USDCHF,1.25
2007-01-30,EURCHF,EURCHF,1.62
2007-01-31,USDCHF,USDCHF,1.25
2007-01-31,EURCHF,EURCHF,1.62
2007-02-01,USDCHF,USDCHF,1.24
2007-02-01,EURCHF,EURCHF,1.62
2007-02-02,USDCHF,USDCHF,1.25
2007-02-02,EURCHF,EURCHF,1.62
2007-02-05,USDCHF,USDCHF,1.25
2007-02-05,EURCHF,EURCHF,1.61
2007-02-06,USDCHF,USDCHF,1.24
2007-02-06,EURCHF,EURCHF,1.61
2007-02-07,USDCHF,USDCHF,1.24
2007-02-07,EURCHF,EURCHF,1.61
2007-02-08,USDCHF,USDCHF,1.25
2007-02-08,EURCHF,EURCHF,1.62
2007-02-09,USDCHF,USDCHF,1.25
2007-02-09,EURCHF,EURCHF,1.62
2007-02-12,USDCHF,USDCHF,1.25
2007-02-12,EURCHF,EURCHF,1.62
2007-02-13,USDCHF,USDCHF,1.25
2007-02-13,EURCHF,EURCHF,1.63
2007-02-14,USDCHF,USDCHF,1.24
2007-02-14,EURCHF,EURCHF,1.63
2007-02-15,USDCHF,USDCHF,1.24
2007-02-15,EURCHF,EURCHF,1.62
2007-02-16,USDCHF,USDCHF,1.24
2007-02-16,EURCHF,EURCHF,1.62
2007-02-19,USDCHF,USDCHF,1.23
2007-02-19,EURCHF,EURCHF,1.62
2007-02-20,USDCHF,USDCHF,1.24
2007-02-20,EURCHF,EURCHF,1.63
2007-02-21,USDCHF,USDCHF,1.24
2007-02-21,EURCHF,EURCHF,1.63
2007-02-22,USDCHF,USDCHF,1.24
2007-02-22,EURCHF,EURCHF,1.63
2007-02-23,USDCHF,USDCHF,1.23
2007-02-23,EURCHF,EURCHF,1.62
2007-02-26,USDCHF,USDCHF,1.23
2007-02-26,EURCHF,EURCHF,1.62
2007-02-27,USDCHF,USDCHF,1.22
2007-02-27,EURCHF,EURCHF,1.62
2007-02-28,USDCHF,USDCHF,1.22
2007-02-28,EURCHF,EURCHF,1.61
2007-03-01,USDCHF,USDCHF,1.22
2007-03-01,EURCHF,EURCHF,1.61
2007-03-02,USDCHF,USDCHF,1.22
2007-03-02,EURCHF,EURCHF,1.61
2007-03-05,USDCHF,USDCHF,1.22
2007-03-05,EURCHF,EURCHF,1.6
2007-03-06,USDCHF,USDCHF,1.22
2007-03-06,EURCHF,EURCHF,1.6
2007-03-07,USDCHF,USDCHF,1.22
2007-03-07,EURCHF,EURCHF,1.61
2007-03-08,USDCHF,USDCHF,1.23
2007-03-08,EURCHF,EURCHF,1.61
2007-03-09,USDCHF,USDCHF,1.23
2007-03-09,EURCHF,EURCHF,1.62
2007-03-12,USDCHF,USDCHF,1.23
2007-03-12,EURCHF,EURCHF,1.62
2007-03-13,USDCHF,USDCHF,1.22
2007-03-13,EURCHF,EURCHF,1.61
2007-03-14,USDCHF,USDCHF,1.21
2007-03-14,EURCHF,EURCHF,1.61
2007-03-15,USDCHF,USDCHF,1.21
2007-03-15,EURCHF,EURCHF,1.61
2007-03-16,USDCHF,USDCHF,1.21
2007-03-16,EURCHF,EURCHF,1.61
2007-03-19,USDCHF,USDCHF,1.21
2007-03-19,EURCHF,EURCHF,1.61
2007-03-20,USDCHF,USDCHF,1.21
2007-03-20,EURCHF,EURCHF,1.61
2007-03-21,USDCHF,USDCHF,1.22
2007-03-21,EURCHF,EURCHF,1.62
2007-03-22,USDCHF,USDCHF,1.21
2007-03-22,EURCHF,EURCHF,1.62
2007-03-23,USDCHF,USDCHF,1.22
2007-03-23,EURCHF,EURCHF,1.62
2007-03-26,USDCHF,USDCHF,1.21
2007-03-26,EURCHF,EURCHF,1.62
2007-03-27,USDCHF,USDCHF,1.21
2007-03-27,EURCHF,EURCHF,1.62
2007-03-28,USDCHF,USDCHF,1.21
2007-03-28,EURCHF,EURCHF,1.62
2007-03-29,USDCHF,USDCHF,1.22
2007-03-29,EURCHF,EURCHF,1.62
2007-03-30,USDCHF,USDCHF,1.22
2007-03-30,EURCHF,EURCHF,1.63
2007-04-02,USDCHF,USDCHF,1.21
2007-04-02,EURCHF,EURCHF,1.62
2007-04-03,USDCHF,USDCHF,1.22
2007-04-03,EURCHF,EURCHF,1.63
2007-04-04,USDCHF,USDCHF,1.22
2007-04-04,EURCHF,EURCHF,1.63
2007-04-05,USDCHF,USDCHF,1.21
2007-04-05,EURCHF,EURCHF,1.63
2007-04-06,USDCHF,USDCHF,1.21
2007-04-06,EURCHF,EURCHF,1.63
2007-04-09,USDCHF,USDCHF,1.22
2007-04-09,EURCHF,EURCHF,1.64
2007-04-10,USDCHF,USDCHF,1.22
2007-04-10,EURCHF,EURCHF,1.63
2007-04-11,USDCHF,USDCHF,1.22
2007-04-11,EURCHF,EURCHF,1.64
2007-04-12,USDCHF,USDCHF,1.21
2007-04-12,EURCHF,EURCHF,1.64
2007-04-13,USDCHF,USDCHF,1.22
2007-04-13,EURCHF,EURCHF,1.64
2007-04-16,USDCHF,USDCHF,1.21
2007-04-16,EURCHF,EURCHF,1.64
2007-04-17,USDCHF,USDCHF,1.21
2007-04-17,EURCHF,EURCHF,1.64
2007-04-18,USDCHF,USDCHF,1.21
2007-04-18,EURCHF,EURCHF,1.64
2007-04-19,USDCHF,USDCHF,1.2
2007-04-19,EURCHF,EURCHF,1.64
2007-04-20,USDCHF,USDCHF,1.21
2007-04-20,EURCHF,EURCHF,1.64
2007-04-23,USDCHF,USDCHF,1.21
2007-04-23,EURCHF,EURCHF,1.64
2007-04-24,USDCHF,USDCHF,1.2
2007-04-24,EURCHF,EURCHF,1.64
2007-04-25,USDCHF,USDCHF,1.2
2007-04-25,EURCHF,EURCHF,1.64
2007-04-26,USDCHF,USDCHF,1.21
2007-04-26,EURCHF,EURCHF,1.64
2007-04-27,USDCHF,USDCHF,1.2
2007-04-27,EURCHF,EURCHF,1.64
2007-04-30,USDCHF,USDCHF,1.21
2007-04-30,EURCHF,EURCHF,1.65
2007-05-01,USDCHF,USDCHF,1.21
2007-05-01,EURCHF,EURCHF,1.65
2007-05-02,USDCHF,USDCHF,1.21
2007-05-02,EURCHF,EURCHF,1.65
2007-05-03,USDCHF,USDCHF,1.21
2007-05-03,EURCHF,EURCHF,1.65
2007-05-04,USDCHF,USDCHF,1.21
2007-05-04,EURCHF,EURCHF,1.65
2007-05-07,USDCHF,USDCHF,1.21
2007-05-07,EURCHF,EURCHF,1.65
2007-05-08,USDCHF,USDCHF,1.22
2007-05-08,EURCHF,EURCHF,1.65
2007-05-09,USDCHF,USDCHF,1.22
2007-05-09,EURCHF,EURCHF,1.65
2007-05-10,USDCHF,USDCHF,1.22
2007-05-10,EURCHF,EURCHF,1.65
2007-05-11,USDCHF,USDCHF,1.22
2007-05-11,EURCHF,EURCHF,1.65
2007-05-14,USDCHF,USDCHF,1.22
2007-05-14,EURCHF,EURCHF,1.65
2007-05-15,USDCHF,USDCHF,1.21
2007-05-15,EURCHF,EURCHF,1.65
2007-05-16,USDCHF,USDCHF,1.22
2007-05-16,EURCHF,EURCHF,1.65
2007-05-17,USDCHF,USDCHF,1.23
2007-05-17,EURCHF,EURCHF,1.65
2007-05-18,USDCHF,USDCHF,1.23
2007-05-18,EURCHF,EURCHF,1.66
2007-05-21,USDCHF,USDCHF,1.23
2007-05-21,EURCHF,EURCHF,1.66
2007-05-22,USDCHF,USDCHF,1.23
2007-05-22,EURCHF,EURCHF,1.66
2007-05-23,USDCHF,USDCHF,1.23
2007-05-23,EURCHF,EURCHF,1.65
2007-05-24,USDCHF,USDCHF,1.23
2007-05-24,EURCHF,EURCHF,1.65
2007-05-25,USDCHF,USDCHF,1.23
2007-05-25,EURCHF,EURCHF,1.65
2007-05-28,USDCHF,USDCHF,1.23
2007-05-28,EURCHF,EURCHF,1.65
2007-05-29,USDCHF,USDCHF,1.22
2007-05-29,EURCHF,EURCHF,1.65
2007-05-30,USDCHF,USDCHF,1.23
2007-05-30,EURCHF,EURCHF,1.65
2007-05-31,USDCHF,USDCHF,1.23
2007-05-31,EURCHF,EURCHF,1.65
2007-06-01,USDCHF,USDCHF,1.23
2007-06-01,EURCHF,EURCHF,1.65
2007-06-04,USDCHF,USDCHF,1.22
2007-06-04,EURCHF,EURCHF,1.65
2007-06-05,USDCHF,USDCHF,1.22
2007-06-05,EURCHF,EURCHF,1.65
2007-06-06,USDCHF,USDCHF,1.22
2007-06-06,EURCHF,EURCHF,1.64
2007-06-07,USDCHF,USDCHF,1.22
2007-06-07,EURCHF,EURCHF,1.65
2007-06-08,USDCHF,USDCHF,1.23
2007-06-08,EURCHF,EURCHF,1.65
2007-06-11,USDCHF,USDCHF,1.24
2007-06-11,EURCHF,EURCHF,1.65
2007-06-12,USDCHF,USDCHF,1.24
2007-06-12,EURCHF,EURCHF,1.65
2007-06-13,USDCHF,USDCHF,1.24
2007-06-13,EURCHF,EURCHF,1.65
2007-06-14,USDCHF,USDCHF,1.25
2007-06-14,EURCHF,EURCHF,1.66
2007-06-15,USDCHF,USDCHF,1.24
2007-06-15,EURCHF,EURCHF,1.66
2007-06-18,USDCHF,USDCHF,1.24
2007-06-18,EURCHF,EURCHF,1.66
2007-06-19,USDCHF,USDCHF,1.24
2007-06-19,EURCHF,EURCHF,1.66
2007-06-20,USDCHF,USDCHF,1.24
2007-06-20,EURCHF,EURCHF,1.66
2007-06-21,USDCHF,USDCHF,1.24
2007-06-21,EURCHF,EURCHF,1.66
2007-06-22,USDCHF,USDCHF,1.23
2007-06-22,EURCHF,EURCHF,1.66
2007-06-25,USDCHF,USDCHF,1.23
2007-06-25,EURCHF,EURCHF,1.65
2007-06-26,USDCHF,USDCHF,1.23
2007-06-26,EURCHF,EURCHF,1.65
2007-06-27,USDCHF,USDCHF,1.23
2007-06-27,EURCHF,EURCHF,1.65
2007-06-28,USDCHF,USDCHF,1.23
2007-06-28,EURCHF,EURCHF,1.65
2007-06-29,USDCHF,USDCHF,1.23
2007-06-29,EURCHF,EURCHF,1.66
2007-07-02,USDCHF,USDCHF,1.21
2007-07-02,EURCHF,EURCHF,1.65
2007-07-03,USDCHF,USDCHF,1.22
2007-07-03,EURCHF,EURCHF,1.65
2007-07-04,USDCHF,USDCHF,1.22
2007-07-04,EURCHF,EURCHF,1.66
2007-07-05,USDCHF,USDCHF,1.22
2007-07-05,EURCHF,EURCHF,1.66
2007-07-06,USDCHF,USDCHF,1.22
2007-07-06,EURCHF,EURCHF,1.66
2007-07-09,USDCHF,USDCHF,1.22
2007-07-09,EURCHF,EURCHF,1.66
2007-07-10,USDCHF,USDCHF,1.21
2007-07-10,EURCHF,EURCHF,1.66
2007-07-11,USDCHF,USDCHF,1.2
2007-07-11,EURCHF,EURCHF,1.66
2007-07-12,USDCHF,USDCHF,1.2
2007-07-12,EURCHF,EURCHF,1.66
2007-07-13,USDCHF,USDCHF,1.2
2007-07-13,EURCHF,EURCHF,1.66
2007-07-16,USDCHF,USDCHF,1.2
2007-07-16,EURCHF,EURCHF,1.66
2007-07-17,USDCHF,USDCHF,1.2
2007-07-17,EURCHF,EURCHF,1.66
2007-07-18,USDCHF,USDCHF,1.2
2007-07-18,EURCHF,EURCHF,1.66
2007-07-19,USDCHF,USDCHF,1.2
2007-07-19,EURCHF,EURCHF,1.66
2007-07-20,USDCHF,USDCHF,1.2
2007-07-20,EURCHF,EURCHF,1.66
2007-07-23,USDCHF,USDCHF,1.21
2007-07-23,EURCHF,EURCHF,1.67
2007-07-24,USDCHF,USDCHF,1.2
2007-07-24,EURCHF,EURCHF,1.67
2007-07-25,USDCHF,USDCHF,1.21
2007-07-25,EURCHF,EURCHF,1.66
2007-07-26,USDCHF,USDCHF,1.21
2007-07-26,EURCHF,EURCHF,1.66
2007-07-27,USDCHF,USDCHF,1.21
2007-07-27,EURCHF,EURCHF,1.65
2007-07-30,USDCHF,USDCHF,1.2
2007-07-30,EURCHF,EURCHF,1.64
2007-07-31,USDCHF,USDCHF,1.2
2007-07-31,EURCHF,EURCHF,1.65
2007-08-01,USDCHF,USDCHF,1.2
2007-08-01,EURCHF,EURCHF,1.64
2007-08-02,USDCHF,USDCHF,1.21
2007-08-02,EURCHF,EURCHF,1.65
2007-08-03,USDCHF,USDCHF,1.19
2007-08-03,EURCHF,EURCHF,1.64
2007-08-06,USDCHF,USDCHF,1.19
2007-08-06,EURCHF,EURCHF,1.64
2007-08-07,USDCHF,USDCHF,1.19
2007-08-07,EURCHF,EURCHF,1.64
2007-08-08,USDCHF,USDCHF,1.19
2007-08-08,EURCHF,EURCHF,1.65
2007-08-09,USDCHF,USDCHF,1.2
2007-08-09,EURCHF,EURCHF,1.64
2007-08-10,USDCHF,USDCHF,1.2
2007-08-10,EURCHF,EURCHF,1.64
2007-08-13,USDCHF,USDCHF,1.21
2007-08-13,EURCHF,EURCHF,1.64
2007-08-14,USDCHF,USDCHF,1.21
2007-08-14,EURCHF,EURCHF,1.64
2007-08-15,USDCHF,USDCHF,1.22
2007-08-15,EURCHF,EURCHF,1.64
2007-08-16,USDCHF,USDCHF,1.22
2007-08-16,EURCHF,EURCHF,1.63
2007-08-17,USDCHF,USDCHF,1.2
2007-08-17,EURCHF,EURCHF,1.63
2007-08-20,USDCHF,USDCHF,1.21
2007-08-20,EURCHF,EURCHF,1.63
2007-08-21,USDCHF,USDCHF,1.2
2007-08-21,EURCHF,EURCHF,1.62
2007-08-22,USDCHF,USDCHF,1.21
2007-08-22,EURCHF,EURCHF,1.63
2007-08-23,USDCHF,USDCHF,1.21
2007-08-23,EURCHF,EURCHF,1.64
2007-08-24,USDCHF,USDCHF,1.2
2007-08-24,EURCHF,EURCHF,1.64
2007-08-27,USDCHF,USDCHF,1.2
2007-08-27,EURCHF,EURCHF,1.64
2007-08-28,USDCHF,USDCHF,1.2
2007-08-28,EURCHF,EURCHF,1.64
2007-08-29,USDCHF,USDCHF,1.2
2007-08-29,EURCHF,EURCHF,1.64
2007-08-30,USDCHF,USDCHF,1.2
2007-08-30,EURCHF,EURCHF,1.64
2007-08-31,USDCHF,USDCHF,1.21
2007-08-31,EURCHF,EURCHF,1.65
2007-09-03,USDCHF,USDCHF,1.21
2007-09-03,EURCHF,EURCHF,1.65
2007-09-04,USDCHF,USDCHF,1.21
2007-09-04,EURCHF,EURCHF,1.65
2007-09-05,USDCHF,USDCHF,1.21
2007-09-05,EURCHF,EURCHF,1.65
2007-09-06,USDCHF,USDCHF,1.2
2007-09-06,EURCHF,EURCHF,1.64
2007-09-07,USDCHF,USDCHF,1.19
2007-09-07,EURCHF,EURCHF,1.64
2007-09-10,USDCHF,USDCHF,1.19
2007-09-10,EURCHF,EURCHF,1.64
2007-09-11,USDCHF,USDCHF,1.19
2007-09-11,EURCHF,EURCHF,1.64
2007-09-12,USDCHF,USDCHF,1.18
2007-09-12,EURCHF,EURCHF,1.64
2007-09-13,USDCHF,USDCHF,1.19
2007-09-13,EURCHF,EURCHF,1.65
2007-09-14,USDCHF,USDCHF,1.19
2007-09-14,EURCHF,EURCHF,1.65
2007-09-17,USDCHF,USDCHF,1.19
2007-09-17,EURCHF,EURCHF,1.65
2007-09-18,USDCHF,USDCHF,1.19
2007-09-18,EURCHF,EURCHF,1.65
2007-09-19,USDCHF,USDCHF,1.19
2007-09-19,EURCHF,EURCHF,1.66
2007-09-20,USDCHF,USDCHF,1.17
2007-09-20,EURCHF,EURCHF,1.65
2007-09-21,USDCHF,USDCHF,1.17
2007-09-21,EURCHF,EURCHF,1.65
2007-09-24,USDCHF,USDCHF,1.17
2007-09-24,EURCHF,EURCHF,1.65
2007-09-25,USDCHF,USDCHF,1.17
2007-09-25,EURCHF,EURCHF,1.65
2007-09-26,USDCHF,USDCHF,1.17
2007-09-26,EURCHF,EURCHF,1.65
2007-09-27,USDCHF,USDCHF,1.17
2007-09-27,EURCHF,EURCHF,1.66
2007-09-28,USDCHF,USDCHF,1.17
2007-09-28,EURCHF,EURCHF,1.66
2007-10-01,USDCHF,USDCHF,1.17
2007-10-01,EURCHF,EURCHF,1.66
2007-10-02,USDCHF,USDCHF,1.18
2007-10-02,EURCHF,EURCHF,1.66
2007-10-03,USDCHF,USDCHF,1.18
2007-10-03,EURCHF,EURCHF,1.67
2007-10-04,USDCHF,USDCHF,1.18
2007-10-04,EURCHF,EURCHF,1.66
2007-10-05,USDCHF,USDCHF,1.18
2007-10-05,EURCHF,EURCHF,1.66
2007-10-08,USDCHF,USDCHF,1.18
2007-10-08,EURCHF,EURCHF,1.67
2007-10-09,USDCHF,USDCHF,1.18
2007-10-09,EURCHF,EURCHF,1.67
2007-10-10,USDCHF,USDCHF,1.18
2007-10-10,EURCHF,EURCHF,1.67
2007-10-11,USDCHF,USDCHF,1.18
2007-10-11,EURCHF,EURCHF,1.68
2007-10-12,USDCHF,USDCHF,1.18
2007-10-12,EURCHF,EURCHF,1.68
2007-10-15,USDCHF,USDCHF,1.18
2007-10-15,EURCHF,EURCHF,1.68
2007-10-16,USDCHF,USDCHF,1.18
2007-10-16,EURCHF,EURCHF,1.68
2007-10-17,USDCHF,USDCHF,1.18
2007-10-17,EURCHF,EURCHF,1.68
2007-10-18,USDCHF,USDCHF,1.17
2007-10-18,EURCHF,EURCHF,1.67
2007-10-19,USDCHF,USDCHF,1.17
2007-10-19,EURCHF,EURCHF,1.67
2007-10-22,USDCHF,USDCHF,1.18
2007-10-22,EURCHF,EURCHF,1.66
2007-10-23,USDCHF,USDCHF,1.17
2007-10-23,EURCHF,EURCHF,1.67
2007-10-24,USDCHF,USDCHF,1.17
2007-10-24,EURCHF,EURCHF,1.67
2007-10-25,USDCHF,USDCHF,1.17
2007-10-25,EURCHF,EURCHF,1.67
2007-10-26,USDCHF,USDCHF,1.16
2007-10-26,EURCHF,EURCHF,1.67
2007-10-29,USDCHF,USDCHF,1.17
2007-10-29,EURCHF,EURCHF,1.68
2007-10-30,USDCHF,USDCHF,1.16
2007-10-30,EURCHF,EURCHF,1.68
2007-10-31,USDCHF,USDCHF,1.16
2007-10-31,EURCHF,EURCHF,1.68
2007-11-01,USDCHF,USDCHF,1.16
2007-11-01,EURCHF,EURCHF,1.67
2007-11-02,USDCHF,USDCHF,1.15
2007-11-02,EURCHF,EURCHF,1.67
2007-11-05,USDCHF,USDCHF,1.15
2007-11-05,EURCHF,EURCHF,1.67
2007-11-06,USDCHF,USDCHF,1.15
2007-11-06,EURCHF,EURCHF,1.67
2007-11-07,USDCHF,USDCHF,1.13
2007-11-07,EURCHF,EURCHF,1.66
2007-11-08,USDCHF,USDCHF,1.13
2007-11-08,EURCHF,EURCHF,1.66
2007-11-09,USDCHF,USDCHF,1.12
2007-11-09,EURCHF,EURCHF,1.65
2007-11-12,USDCHF,USDCHF,1.13
2007-11-12,EURCHF,EURCHF,1.64
2007-11-13,USDCHF,USDCHF,1.12
2007-11-13,EURCHF,EURCHF,1.64
2007-11-14,USDCHF,USDCHF,1.12
2007-11-14,EURCHF,EURCHF,1.65
2007-11-15,USDCHF,USDCHF,1.12
2007-11-15,EURCHF,EURCHF,1.64
2007-11-16,USDCHF,USDCHF,1.12
2007-11-16,EURCHF,EURCHF,1.64
2007-11-19,USDCHF,USDCHF,1.12
2007-11-19,EURCHF,EURCHF,1.64
2007-11-20,USDCHF,USDCHF,1.11
2007-11-20,EURCHF,EURCHF,1.64
2007-11-21,USDCHF,USDCHF,1.1
2007-11-21,EURCHF,EURCHF,1.64
2007-11-22,USDCHF,USDCHF,1.1
2007-11-22,EURCHF,EURCHF,1.63
2007-11-23,USDCHF,USDCHF,1.1
2007-11-23,EURCHF,EURCHF,1.63
2007-11-26,USDCHF,USDCHF,1.1
2007-11-26,EURCHF,EURCHF,1.64
2007-11-27,USDCHF,USDCHF,1.1
2007-11-27,EURCHF,EURCHF,1.64
2007-11-28,USDCHF,USDCHF,1.12
2007-11-28,EURCHF,EURCHF,1.65
2007-11-29,USDCHF,USDCHF,1.12
2007-11-29,EURCHF,EURCHF,1.65
2007-11-30,USDCHF,USDCHF,1.13
2007-11-30,EURCHF,EURCHF,1.66
2007-12-03,USDCHF,USDCHF,1.13
2007-12-03,EURCHF,EURCHF,1.65
2007-12-04,USDCHF,USDCHF,1.12
2007-12-04,EURCHF,EURCHF,1.65
2007-12-05,USDCHF,USDCHF,1.13
2007-12-05,EURCHF,EURCHF,1.65
2007-12-06,USDCHF,USDCHF,1.13
2007-12-06,EURCHF,EURCHF,1.65
2007-12-07,USDCHF,USDCHF,1.13
2007-12-07,EURCHF,EURCHF,1.66
2007-12-10,USDCHF,USDCHF,1.13
2007-12-10,EURCHF,EURCHF,1.66
2007-12-11,USDCHF,USDCHF,1.13
2007-12-11,EURCHF,EURCHF,1.66
2007-12-12,USDCHF,USDCHF,1.14
2007-12-12,EURCHF,EURCHF,1.67
2007-12-13,USDCHF,USDCHF,1.14
2007-12-13,EURCHF,EURCHF,1.67
2007-12-14,USDCHF,USDCHF,1.15
2007-12-14,EURCHF,EURCHF,1.66
2007-12-17,USDCHF,USDCHF,1.15
2007-12-17,EURCHF,EURCHF,1.66
2007-12-18,USDCHF,USDCHF,1.15
2007-12-18,EURCHF,EURCHF,1.66
2007-12-19,USDCHF,USDCHF,1.15
2007-12-19,EURCHF,EURCHF,1.66
2007-12-20,USDCHF,USDCHF,1.16
2007-12-20,EURCHF,EURCHF,1.66
2007-12-21,USDCHF,USDCHF,1.16
2007-12-21,EURCHF,EURCHF,1.66
2007-12-24,USDCHF,USDCHF,1.16
2007-12-24,EURCHF,EURCHF,1.67
2007-12-25,USDCHF,USDCHF,1.16
2007-12-25,EURCHF,EURCHF,1.67
2007-12-26,USDCHF,USDCHF,1.15
2007-12-26,EURCHF,EURCHF,1.67
2007-12-27,USDCHF,USDCHF,1.14
2007-12-27,EURCHF,EURCHF,1.67
2007-12-28,USDCHF,USDCHF,1.13
2007-12-28,EURCHF,EURCHF,1.66
2007-12-31,USDCHF,USDCHF,1.13
2007-12-31,EURCHF,EURCHF,1.66
2008-01-01,USDCHF,USDCHF,1.13
2008-01-01,EURCHF,EURCHF,1.66
2008-01-02,USDCHF,USDCHF,1.12
2008-01-02,EURCHF,EURCHF,1.65
2008-01-03,USDCHF,USDCHF,1.11
2008-01-03,EURCHF,EURCHF,1.64
2008-01-04,USDCHF,USDCHF,1.11
2008-01-04,EURCHF,EURCHF,1.64
2008-01-07,USDCHF,USDCHF,1.11
2008-01-07,EURCHF,EURCHF,1.64
2008-01-08,USDCHF,USDCHF,1.12
2008-01-08,EURCHF,EURCHF,1.64
2008-01-09,USDCHF,USDCHF,1.11
2008-01-09,EURCHF,EURCHF,1.64
2008-01-10,USDCHF,USDCHF,1.11
2008-01-10,EURCHF,EURCHF,1.63
2008-01-11,USDCHF,USDCHF,1.1
2008-01-11,EURCHF,EURCHF,1.63
2008-01-14,USDCHF,USDCHF,1.09
2008-01-14,EURCHF,EURCHF,1.63
2008-01-15,USDCHF,USDCHF,1.09
2008-01-15,EURCHF,EURCHF,1.62
2008-01-16,USDCHF,USDCHF,1.1
2008-01-16,EURCHF,EURCHF,1.61
2008-01-17,USDCHF,USDCHF,1.1
2008-01-17,EURCHF,EURCHF,1.62
2008-01-18,USDCHF,USDCHF,1.1
2008-01-18,EURCHF,EURCHF,1.61
2008-01-21,USDCHF,USDCHF,1.1
2008-01-21,EURCHF,EURCHF,1.6
2008-01-22,USDCHF,USDCHF,1.1
2008-01-22,EURCHF,EURCHF,1.6
2008-01-23,USDCHF,USDCHF,1.09
2008-01-23,EURCHF,EURCHF,1.59
2008-01-24,USDCHF,USDCHF,1.09
2008-01-24,EURCHF,EURCHF,1.6
2008-01-25,USDCHF,USDCHF,1.1
2008-01-25,EURCHF,EURCHF,1.61
2008-01-28,USDCHF,USDCHF,1.09
2008-01-28,EURCHF,EURCHF,1.61
2008-01-29,USDCHF,USDCHF,1.09
2008-01-29,EURCHF,EURCHF,1.61
2008-01-30,USDCHF,USDCHF,1.09
2008-01-30,EURCHF,EURCHF,1.62
2008-01-31,USDCHF,USDCHF,1.08
2008-01-31,EURCHF,EURCHF,1.61
2008-02-01,USDCHF,USDCHF,1.08
2008-02-01,EURCHF,EURCHF,1.6
2008-02-04,USDCHF,USDCHF,1.09
2008-02-04,EURCHF,EURCHF,1.61
2008-02-05,USDCHF,USDCHF,1.1
2008-02-05,EURCHF,EURCHF,1.61
2008-02-06,USDCHF,USDCHF,1.1
2008-02-06,EURCHF,EURCHF,1.61
2008-02-07,USDCHF,USDCHF,1.1
2008-02-07,EURCHF,EURCHF,1.6
2008-02-08,USDCHF,USDCHF,1.11
2008-02-08,EURCHF,EURCHF,1.6
2008-02-11,USDCHF,USDCHF,1.1
2008-02-11,EURCHF,EURCHF,1.6
2008-02-12,USDCHF,USDCHF,1.1
2008-02-12,EURCHF,EURCHF,1.61
2008-02-13,USDCHF,USDCHF,1.11
2008-02-13,EURCHF,EURCHF,1.61
2008-02-14,USDCHF,USDCHF,1.1
2008-02-14,EURCHF,EURCHF,1.61
2008-02-15,USDCHF,USDCHF,1.09
2008-02-15,EURCHF,EURCHF,1.6
2008-02-18,USDCHF,USDCHF,1.1
2008-02-18,EURCHF,EURCHF,1.61
2008-02-19,USDCHF,USDCHF,1.09
2008-02-19,EURCHF,EURCHF,1.61
2008-02-20,USDCHF,USDCHF,1.1
2008-02-20,EURCHF,EURCHF,1.61
2008-02-21,USDCHF,USDCHF,1.09
2008-02-21,EURCHF,EURCHF,1.62
2008-02-22,USDCHF,USDCHF,1.09
2008-02-22,EURCHF,EURCHF,1.61
2008-02-25,USDCHF,USDCHF,1.09
2008-02-25,EURCHF,EURCHF,1.62
2008-02-26,USDCHF,USDCHF,1.08
2008-02-26,EURCHF,EURCHF,1.61
2008-02-27,USDCHF,USDCHF,1.07
2008-02-27,EURCHF,EURCHF,1.61
2008-02-28,USDCHF,USDCHF,1.05
2008-02-28,EURCHF,EURCHF,1.6
2008-02-29,USDCHF,USDCHF,1.04
2008-02-29,EURCHF,EURCHF,1.58
2008-03-03,USDCHF,USDCHF,1.04
2008-03-03,EURCHF,EURCHF,1.58
2008-03-04,USDCHF,USDCHF,1.03
2008-03-04,EURCHF,EURCHF,1.58
2008-03-05,USDCHF,USDCHF,1.04
2008-03-05,EURCHF,EURCHF,1.58
2008-03-06,USDCHF,USDCHF,1.03
2008-03-06,EURCHF,EURCHF,1.58
2008-03-07,USDCHF,USDCHF,1.03
2008-03-07,EURCHF,EURCHF,1.57
2008-03-10,USDCHF,USDCHF,1.02
2008-03-10,EURCHF,EURCHF,1.57
2008-03-11,USDCHF,USDCHF,1.03
2008-03-11,EURCHF,EURCHF,1.58
2008-03-12,USDCHF,USDCHF,1.02
2008-03-12,EURCHF,EURCHF,1.58
2008-03-13,USDCHF,USDCHF,1.01
2008-03-13,EURCHF,EURCHF,1.58
2008-03-14,USDCHF,USDCHF,1.01
2008-03-14,EURCHF,EURCHF,1.57
2008-03-17,USDCHF,USDCHF,0.99
2008-03-17,EURCHF,EURCHF,1.55
2008-03-18,USDCHF,USDCHF,0.99
2008-03-18,EURCHF,EURCHF,1.56
2008-03-19,USDCHF,USDCHF,1.0
2008-03-19,EURCHF,EURCHF,1.57
2008-03-20,USDCHF,USDCHF,1.01
2008-03-20,EURCHF,EURCHF,1.56
2008-03-21,USDCHF,USDCHF,1.01
2008-03-21,EURCHF,EURCHF,1.56
2008-03-24,USDCHF,USDCHF,1.02
2008-03-24,EURCHF,EURCHF,1.57
2008-03-25,USDCHF,USDCHF,1.01
2008-03-25,EURCHF,EURCHF,1.57
2008-03-26,USDCHF,USDCHF,1.0
2008-03-26,EURCHF,EURCHF,1.57
2008-03-27,USDCHF,USDCHF,0.99
2008-03-27,EURCHF,EURCHF,1.57
2008-03-28,USDCHF,USDCHF,1.0
2008-03-28,EURCHF,EURCHF,1.57
2008-03-31,USDCHF,USDCHF,0.99
2008-03-31,EURCHF,EURCHF,1.57
2008-04-01,USDCHF,USDCHF,1.01
2008-04-01,EURCHF,EURCHF,1.58
2008-04-02,USDCHF,USDCHF,1.01
2008-04-02,EURCHF,EURCHF,1.58
2008-04-03,USDCHF,USDCHF,1.01
2008-04-03,EURCHF,EURCHF,1.58
2008-04-04,USDCHF,USDCHF,1.0
2008-04-04,EURCHF,EURCHF,1.58
2008-04-07,USDCHF,USDCHF,1.01
2008-04-07,EURCHF,EURCHF,1.59
2008-04-08,USDCHF,USDCHF,1.01
2008-04-08,EURCHF,EURCHF,1.59
2008-04-09,USDCHF,USDCHF,1.01
2008-04-09,EURCHF,EURCHF,1.59
2008-04-10,USDCHF,USDCHF,1.0
2008-04-10,EURCHF,EURCHF,1.58
2008-04-11,USDCHF,USDCHF,1.0
2008-04-11,EURCHF,EURCHF,1.58
2008-04-14,USDCHF,USDCHF,1.0
2008-04-14,EURCHF,EURCHF,1.58
2008-04-15,USDCHF,USDCHF,1.0
2008-04-15,EURCHF,EURCHF,1.58
2008-04-16,USDCHF,USDCHF,1.0
2008-04-16,EURCHF,EURCHF,1.59
2008-04-17,USDCHF,USDCHF,1.0
2008-04-17,EURCHF,EURCHF,1.6
2008-04-18,USDCHF,USDCHF,1.03
2008-04-18,EURCHF,EURCHF,1.61
2008-04-21,USDCHF,USDCHF,1.01
2008-04-21,EURCHF,EURCHF,1.61
2008-04-22,USDCHF,USDCHF,1.01
2008-04-22,EURCHF,EURCHF,1.61
2008-04-23,USDCHF,USDCHF,1.02
2008-04-23,EURCHF,EURCHF,1.61
2008-04-24,USDCHF,USDCHF,1.03
2008-04-24,EURCHF,EURCHF,1.62
2008-04-25,USDCHF,USDCHF,1.03
2008-04-25,EURCHF,EURCHF,1.62
2008-04-28,USDCHF,USDCHF,1.03
2008-04-28,EURCHF,EURCHF,1.62
2008-04-29,USDCHF,USDCHF,1.03
2008-04-29,EURCHF,EURCHF,1.61
2008-04-30,USDCHF,USDCHF,1.04
2008-04-30,EURCHF,EURCHF,1.62
2008-05-01,USDCHF,USDCHF,1.05
2008-05-01,EURCHF,EURCHF,1.62
2008-05-02,USDCHF,USDCHF,1.06
2008-05-02,EURCHF,EURCHF,1.63
2008-05-05,USDCHF,USDCHF,1.05
2008-05-05,EURCHF,EURCHF,1.63
2008-05-06,USDCHF,USDCHF,1.05
2008-05-06,EURCHF,EURCHF,1.63
2008-05-07,USDCHF,USDCHF,1.06
2008-05-07,EURCHF,EURCHF,1.63
2008-05-08,USDCHF,USDCHF,1.05
2008-05-08,EURCHF,EURCHF,1.62
2008-05-09,USDCHF,USDCHF,1.04
2008-05-09,EURCHF,EURCHF,1.61
2008-05-12,USDCHF,USDCHF,1.05
2008-05-12,EURCHF,EURCHF,1.62
2008-05-13,USDCHF,USDCHF,1.05
2008-05-13,EURCHF,EURCHF,1.63
2008-05-14,USDCHF,USDCHF,1.06
2008-05-14,EURCHF,EURCHF,1.63
2008-05-15,USDCHF,USDCHF,1.06
2008-05-15,EURCHF,EURCHF,1.63
2008-05-16,USDCHF,USDCHF,1.05
2008-05-16,EURCHF,EURCHF,1.63
2008-05-19,USDCHF,USDCHF,1.05
2008-05-19,EURCHF,EURCHF,1.63
2008-05-20,USDCHF,USDCHF,1.04
2008-05-20,EURCHF,EURCHF,1.63
2008-05-21,USDCHF,USDCHF,1.03
2008-05-21,EURCHF,EURCHF,1.62
2008-05-22,USDCHF,USDCHF,1.03
2008-05-22,EURCHF,EURCHF,1.62
2008-05-23,USDCHF,USDCHF,1.02
2008-05-23,EURCHF,EURCHF,1.62
2008-05-26,USDCHF,USDCHF,1.02
2008-05-26,EURCHF,EURCHF,1.62
2008-05-27,USDCHF,USDCHF,1.03
2008-05-27,EURCHF,EURCHF,1.62
2008-05-28,USDCHF,USDCHF,1.04
2008-05-28,EURCHF,EURCHF,1.62
2008-05-29,USDCHF,USDCHF,1.05
2008-05-29,EURCHF,EURCHF,1.63
2008-05-30,USDCHF,USDCHF,1.04
2008-05-30,EURCHF,EURCHF,1.62
2008-06-02,USDCHF,USDCHF,1.04
2008-06-02,EURCHF,EURCHF,1.62
2008-06-03,USDCHF,USDCHF,1.04
2008-06-03,EURCHF,EURCHF,1.61
2008-06-04,USDCHF,USDCHF,1.04
2008-06-04,EURCHF,EURCHF,1.61
2008-06-05,USDCHF,USDCHF,1.04
2008-06-05,EURCHF,EURCHF,1.62
2008-06-06,USDCHF,USDCHF,1.02
2008-06-06,EURCHF,EURCHF,1.61
2008-06-09,USDCHF,USDCHF,1.02
2008-06-09,EURCHF,EURCHF,1.61
2008-06-10,USDCHF,USDCHF,1.04
2008-06-10,EURCHF,EURCHF,1.61
2008-06-11,USDCHF,USDCHF,1.03
2008-06-11,EURCHF,EURCHF,1.61
2008-06-12,USDCHF,USDCHF,1.04
2008-06-12,EURCHF,EURCHF,1.61
2008-06-13,USDCHF,USDCHF,1.05
2008-06-13,EURCHF,EURCHF,1.61
2008-06-16,USDCHF,USDCHF,1.04
2008-06-16,EURCHF,EURCHF,1.61
2008-06-17,USDCHF,USDCHF,1.04
2008-06-17,EURCHF,EURCHF,1.62
2008-06-18,USDCHF,USDCHF,1.04
2008-06-18,EURCHF,EURCHF,1.61
2008-06-19,USDCHF,USDCHF,1.05
2008-06-19,EURCHF,EURCHF,1.62
2008-06-20,USDCHF,USDCHF,1.03
2008-06-20,EURCHF,EURCHF,1.62
2008-06-23,USDCHF,USDCHF,1.05
2008-06-23,EURCHF,EURCHF,1.62
2008-06-24,USDCHF,USDCHF,1.04
2008-06-24,EURCHF,EURCHF,1.62
2008-06-25,USDCHF,USDCHF,1.04
2008-06-25,EURCHF,EURCHF,1.62
2008-06-26,USDCHF,USDCHF,1.03
2008-06-26,EURCHF,EURCHF,1.62
2008-06-27,USDCHF,USDCHF,1.02
2008-06-27,EURCHF,EURCHF,1.61
2008-06-30,USDCHF,USDCHF,1.02
2008-06-30,EURCHF,EURCHF,1.6
2008-07-01,USDCHF,USDCHF,1.02
2008-07-01,EURCHF,EURCHF,1.61
2008-07-02,USDCHF,USDCHF,1.02
2008-07-02,EURCHF,EURCHF,1.61
2008-07-03,USDCHF,USDCHF,1.03
2008-07-03,EURCHF,EURCHF,1.61
2008-07-04,USDCHF,USDCHF,1.02
2008-07-04,EURCHF,EURCHF,1.61
2008-07-07,USDCHF,USDCHF,1.03
2008-07-07,EURCHF,EURCHF,1.62
2008-07-08,USDCHF,USDCHF,1.03
2008-07-08,EURCHF,EURCHF,1.61
2008-07-09,USDCHF,USDCHF,1.03
2008-07-09,EURCHF,EURCHF,1.62
2008-07-10,USDCHF,USDCHF,1.03
2008-07-10,EURCHF,EURCHF,1.62
2008-07-11,USDCHF,USDCHF,1.02
2008-07-11,EURCHF,EURCHF,1.62
2008-07-14,USDCHF,USDCHF,1.02
2008-07-14,EURCHF,EURCHF,1.62
2008-07-15,USDCHF,USDCHF,1.0
2008-07-15,EURCHF,EURCHF,1.6
2008-07-16,USDCHF,USDCHF,1.02
2008-07-16,EURCHF,EURCHF,1.61
2008-07-17,USDCHF,USDCHF,1.02
2008-07-17,EURCHF,EURCHF,1.61
2008-07-18,USDCHF,USDCHF,1.02
2008-07-18,EURCHF,EURCHF,1.62
2008-07-21,USDCHF,USDCHF,1.02
2008-07-21,EURCHF,EURCHF,1.62
2008-07-22,USDCHF,USDCHF,1.02
2008-07-22,EURCHF,EURCHF,1.62
2008-07-23,USDCHF,USDCHF,1.04
2008-07-23,EURCHF,EURCHF,1.63
2008-07-24,USDCHF,USDCHF,1.04
2008-07-24,EURCHF,EURCHF,1.63
2008-07-25,USDCHF,USDCHF,1.04
2008-07-25,EURCHF,EURCHF,1.63
2008-07-28,USDCHF,USDCHF,1.03
2008-07-28,EURCHF,EURCHF,1.63
2008-07-29,USDCHF,USDCHF,1.05
2008-07-29,EURCHF,EURCHF,1.63
2008-07-30,USDCHF,USDCHF,1.05
2008-07-30,EURCHF,EURCHF,1.63
2008-07-31,USDCHF,USDCHF,1.05
2008-07-31,EURCHF,EURCHF,1.64
2008-08-01,USDCHF,USDCHF,1.05
2008-08-01,EURCHF,EURCHF,1.63
2008-08-04,USDCHF,USDCHF,1.05
2008-08-04,EURCHF,EURCHF,1.63
2008-08-05,USDCHF,USDCHF,1.05
2008-08-05,EURCHF,EURCHF,1.63
2008-08-06,USDCHF,USDCHF,1.06
2008-08-06,EURCHF,EURCHF,1.63
2008-08-07,USDCHF,USDCHF,1.06
2008-08-07,EURCHF,EURCHF,1.63
2008-08-08,USDCHF,USDCHF,1.08
2008-08-08,EURCHF,EURCHF,1.63
2008-08-11,USDCHF,USDCHF,1.08
2008-08-11,EURCHF,EURCHF,1.62
2008-08-12,USDCHF,USDCHF,1.09
2008-08-12,EURCHF,EURCHF,1.62
2008-08-13,USDCHF,USDCHF,1.09
2008-08-13,EURCHF,EURCHF,1.62
2008-08-14,USDCHF,USDCHF,1.09
2008-08-14,EURCHF,EURCHF,1.62
2008-08-15,USDCHF,USDCHF,1.1
2008-08-15,EURCHF,EURCHF,1.61
2008-08-18,USDCHF,USDCHF,1.1
2008-08-18,EURCHF,EURCHF,1.62
2008-08-19,USDCHF,USDCHF,1.1
2008-08-19,EURCHF,EURCHF,1.61
2008-08-20,USDCHF,USDCHF,1.1
2008-08-20,EURCHF,EURCHF,1.62
2008-08-21,USDCHF,USDCHF,1.09
2008-08-21,EURCHF,EURCHF,1.62
2008-08-22,USDCHF,USDCHF,1.1
2008-08-22,EURCHF,EURCHF,1.62
2008-08-25,USDCHF,USDCHF,1.1
2008-08-25,EURCHF,EURCHF,1.62
2008-08-26,USDCHF,USDCHF,1.1
2008-08-26,EURCHF,EURCHF,1.61
2008-08-27,USDCHF,USDCHF,1.1
2008-08-27,EURCHF,EURCHF,1.62
2008-08-28,USDCHF,USDCHF,1.1
2008-08-28,EURCHF,EURCHF,1.61
2008-08-29,USDCHF,USDCHF,1.1
2008-08-29,EURCHF,EURCHF,1.62
2008-09-01,USDCHF,USDCHF,1.1
2008-09-01,EURCHF,EURCHF,1.61
2008-09-02,USDCHF,USDCHF,1.11
2008-09-02,EURCHF,EURCHF,1.61
2008-09-03,USDCHF,USDCHF,1.11
2008-09-03,EURCHF,EURCHF,1.6
2008-09-04,USDCHF,USDCHF,1.11
2008-09-04,EURCHF,EURCHF,1.6
2008-09-05,USDCHF,USDCHF,1.11
2008-09-05,EURCHF,EURCHF,1.58
2008-09-08,USDCHF,USDCHF,1.13
2008-09-08,EURCHF,EURCHF,1.6
2008-09-09,USDCHF,USDCHF,1.13
2008-09-09,EURCHF,EURCHF,1.6
2008-09-10,USDCHF,USDCHF,1.13
2008-09-10,EURCHF,EURCHF,1.59
2008-09-11,USDCHF,USDCHF,1.14
2008-09-11,EURCHF,EURCHF,1.59
2008-09-12,USDCHF,USDCHF,1.13
2008-09-12,EURCHF,EURCHF,1.61
2008-09-15,USDCHF,USDCHF,1.12
2008-09-15,EURCHF,EURCHF,1.59
2008-09-16,USDCHF,USDCHF,1.12
2008-09-16,EURCHF,EURCHF,1.59
2008-09-17,USDCHF,USDCHF,1.12
2008-09-17,EURCHF,EURCHF,1.59
2008-09-18,USDCHF,USDCHF,1.1
2008-09-18,EURCHF,EURCHF,1.58
2008-09-19,USDCHF,USDCHF,1.11
2008-09-19,EURCHF,EURCHF,1.6
2008-09-22,USDCHF,USDCHF,1.09
2008-09-22,EURCHF,EURCHF,1.59
2008-09-23,USDCHF,USDCHF,1.08
2008-09-23,EURCHF,EURCHF,1.59
2008-09-24,USDCHF,USDCHF,1.09
2008-09-24,EURCHF,EURCHF,1.6
2008-09-25,USDCHF,USDCHF,1.09
2008-09-25,EURCHF,EURCHF,1.59
2008-09-26,USDCHF,USDCHF,1.09
2008-09-26,EURCHF,EURCHF,1.59
2008-09-29,USDCHF,USDCHF,1.09
2008-09-29,EURCHF,EURCHF,1.58
2008-09-30,USDCHF,USDCHF,1.12
2008-09-30,EURCHF,EURCHF,1.57
2008-10-01,USDCHF,USDCHF,1.12
2008-10-01,EURCHF,EURCHF,1.57
2008-10-02,USDCHF,USDCHF,1.14
2008-10-02,EURCHF,EURCHF,1.57
2008-10-03,USDCHF,USDCHF,1.13
2008-10-03,EURCHF,EURCHF,1.56
2008-10-06,USDCHF,USDCHF,1.15
2008-10-06,EURCHF,EURCHF,1.55
2008-10-07,USDCHF,USDCHF,1.14
2008-10-07,EURCHF,EURCHF,1.56
2008-10-08,USDCHF,USDCHF,1.13
2008-10-08,EURCHF,EURCHF,1.54
2008-10-09,USDCHF,USDCHF,1.13
2008-10-09,EURCHF,EURCHF,1.54
2008-10-10,USDCHF,USDCHF,1.12
2008-10-10,EURCHF,EURCHF,1.52
2008-10-13,USDCHF,USDCHF,1.13
2008-10-13,EURCHF,EURCHF,1.54
2008-10-14,USDCHF,USDCHF,1.14
2008-10-14,EURCHF,EURCHF,1.55
2008-10-15,USDCHF,USDCHF,1.13
2008-10-15,EURCHF,EURCHF,1.54
2008-10-16,USDCHF,USDCHF,1.13
2008-10-16,EURCHF,EURCHF,1.52
2008-10-17,USDCHF,USDCHF,1.13
2008-10-17,EURCHF,EURCHF,1.52
2008-10-20,USDCHF,USDCHF,1.15
2008-10-20,EURCHF,EURCHF,1.53
2008-10-21,USDCHF,USDCHF,1.15
2008-10-21,EURCHF,EURCHF,1.52
2008-10-22,USDCHF,USDCHF,1.16
2008-10-22,EURCHF,EURCHF,1.5
2008-10-23,USDCHF,USDCHF,1.16
2008-10-23,EURCHF,EURCHF,1.5
2008-10-24,USDCHF,USDCHF,1.15
2008-10-24,EURCHF,EURCHF,1.47
2008-10-27,USDCHF,USDCHF,1.16
2008-10-27,EURCHF,EURCHF,1.44
2008-10-28,USDCHF,USDCHF,1.16
2008-10-28,EURCHF,EURCHF,1.45
2008-10-29,USDCHF,USDCHF,1.14
2008-10-29,EURCHF,EURCHF,1.46
2008-10-30,USDCHF,USDCHF,1.14
2008-10-30,EURCHF,EURCHF,1.47
2008-10-31,USDCHF,USDCHF,1.17
2008-10-31,EURCHF,EURCHF,1.48
2008-11-03,USDCHF,USDCHF,1.16
2008-11-03,EURCHF,EURCHF,1.49
2008-11-04,USDCHF,USDCHF,1.16
2008-11-04,EURCHF,EURCHF,1.5
2008-11-05,USDCHF,USDCHF,1.16
2008-11-05,EURCHF,EURCHF,1.51
2008-11-06,USDCHF,USDCHF,1.17
2008-11-06,EURCHF,EURCHF,1.5
2008-11-07,USDCHF,USDCHF,1.18
2008-11-07,EURCHF,EURCHF,1.5
2008-11-10,USDCHF,USDCHF,1.18
2008-11-10,EURCHF,EURCHF,1.51
2008-11-11,USDCHF,USDCHF,1.18
2008-11-11,EURCHF,EURCHF,1.48
2008-11-12,USDCHF,USDCHF,1.18
2008-11-12,EURCHF,EURCHF,1.48
2008-11-13,USDCHF,USDCHF,1.19
2008-11-13,EURCHF,EURCHF,1.5
2008-11-14,USDCHF,USDCHF,1.19
2008-11-14,EURCHF,EURCHF,1.51
2008-11-17,USDCHF,USDCHF,1.2
2008-11-17,EURCHF,EURCHF,1.52
2008-11-18,USDCHF,USDCHF,1.2
2008-11-18,EURCHF,EURCHF,1.52
2008-11-19,USDCHF,USDCHF,1.21
2008-11-19,EURCHF,EURCHF,1.53
2008-11-20,USDCHF,USDCHF,1.22
2008-11-20,EURCHF,EURCHF,1.53
2008-11-21,USDCHF,USDCHF,1.22
2008-11-21,EURCHF,EURCHF,1.53
2008-11-24,USDCHF,USDCHF,1.2
2008-11-24,EURCHF,EURCHF,1.54
2008-11-25,USDCHF,USDCHF,1.19
2008-11-25,EURCHF,EURCHF,1.55
2008-11-26,USDCHF,USDCHF,1.2
2008-11-26,EURCHF,EURCHF,1.55
2008-11-27,USDCHF,USDCHF,1.2
2008-11-27,EURCHF,EURCHF,1.55
2008-11-28,USDCHF,USDCHF,1.21
2008-11-28,EURCHF,EURCHF,1.54
2008-12-01,USDCHF,USDCHF,1.21
2008-12-01,EURCHF,EURCHF,1.52
2008-12-02,USDCHF,USDCHF,1.2
2008-12-02,EURCHF,EURCHF,1.53
2008-12-03,USDCHF,USDCHF,1.21
2008-12-03,EURCHF,EURCHF,1.54
2008-12-04,USDCHF,USDCHF,1.21
2008-12-04,EURCHF,EURCHF,1.54
2008-12-05,USDCHF,USDCHF,1.22
2008-12-05,EURCHF,EURCHF,1.55
2008-12-08,USDCHF,USDCHF,1.2
2008-12-08,EURCHF,EURCHF,1.56
2008-12-09,USDCHF,USDCHF,1.21
2008-12-09,EURCHF,EURCHF,1.56
2008-12-10,USDCHF,USDCHF,1.2
2008-12-10,EURCHF,EURCHF,1.56
2008-12-11,USDCHF,USDCHF,1.19
2008-12-11,EURCHF,EURCHF,1.58
2008-12-12,USDCHF,USDCHF,1.18
2008-12-12,EURCHF,EURCHF,1.57
2008-12-15,USDCHF,USDCHF,1.16
2008-12-15,EURCHF,EURCHF,1.58
2008-12-16,USDCHF,USDCHF,1.15
2008-12-16,EURCHF,EURCHF,1.58
2008-12-17,USDCHF,USDCHF,1.09
2008-12-17,EURCHF,EURCHF,1.55
2008-12-18,USDCHF,USDCHF,1.06
2008-12-18,EURCHF,EURCHF,1.54
2008-12-19,USDCHF,USDCHF,1.11
2008-12-19,EURCHF,EURCHF,1.54
2008-12-22,USDCHF,USDCHF,1.1
2008-12-22,EURCHF,EURCHF,1.53
2008-12-23,USDCHF,USDCHF,1.09
2008-12-23,EURCHF,EURCHF,1.51
2008-12-24,USDCHF,USDCHF,1.07
2008-12-24,EURCHF,EURCHF,1.5
2008-12-25,USDCHF,USDCHF,1.07
2008-12-25,EURCHF,EURCHF,1.5
2008-12-26,USDCHF,USDCHF,1.07
2008-12-26,EURCHF,EURCHF,1.5
2008-12-29,USDCHF,USDCHF,1.04
2008-12-29,EURCHF,EURCHF,1.48
2008-12-30,USDCHF,USDCHF,1.05
2008-12-30,EURCHF,EURCHF,1.49
2008-12-31,USDCHF,USDCHF,1.06
2008-12-31,EURCHF,EURCHF,1.48
2009-01-01,USDCHF,USDCHF,1.06
2009-01-01,EURCHF,EURCHF,1.48
2009-01-02,USDCHF,USDCHF,1.07
2009-01-02,EURCHF,EURCHF,1.49
2009-01-05,USDCHF,USDCHF,1.1
2009-01-05,EURCHF,EURCHF,1.5
2009-01-06,USDCHF,USDCHF,1.13
2009-01-06,EURCHF,EURCHF,1.51
2009-01-07,USDCHF,USDCHF,1.1
2009-01-07,EURCHF,EURCHF,1.5
2009-01-08,USDCHF,USDCHF,1.09
2009-01-08,EURCHF,EURCHF,1.5
2009-01-09,USDCHF,USDCHF,1.11
2009-01-09,EURCHF,EURCHF,1.5
2009-01-12,USDCHF,USDCHF,1.12
2009-01-12,EURCHF,EURCHF,1.49
2009-01-13,USDCHF,USDCHF,1.12
2009-01-13,EURCHF,EURCHF,1.48
2009-01-14,USDCHF,USDCHF,1.12
2009-01-14,EURCHF,EURCHF,1.47
2009-01-15,USDCHF,USDCHF,1.13
2009-01-15,EURCHF,EURCHF,1.47
2009-01-16,USDCHF,USDCHF,1.12
2009-01-16,EURCHF,EURCHF,1.48
2009-01-19,USDCHF,USDCHF,1.13
2009-01-19,EURCHF,EURCHF,1.49
2009-01-20,USDCHF,USDCHF,1.15
2009-01-20,EURCHF,EURCHF,1.48
2009-01-21,USDCHF,USDCHF,1.15
2009-01-21,EURCHF,EURCHF,1.48
2009-01-22,USDCHF,USDCHF,1.15
2009-01-22,EURCHF,EURCHF,1.49
2009-01-23,USDCHF,USDCHF,1.17
2009-01-23,EURCHF,EURCHF,1.5
2009-01-26,USDCHF,USDCHF,1.15
2009-01-26,EURCHF,EURCHF,1.51
2009-01-27,USDCHF,USDCHF,1.14
2009-01-27,EURCHF,EURCHF,1.5
2009-01-28,USDCHF,USDCHF,1.15
2009-01-28,EURCHF,EURCHF,1.52
2009-01-29,USDCHF,USDCHF,1.15
2009-01-29,EURCHF,EURCHF,1.5
2009-01-30,USDCHF,USDCHF,1.16
2009-01-30,EURCHF,EURCHF,1.49
2009-02-02,USDCHF,USDCHF,1.16
2009-02-02,EURCHF,EURCHF,1.49
2009-02-03,USDCHF,USDCHF,1.14
2009-02-03,EURCHF,EURCHF,1.48
2009-02-04,USDCHF,USDCHF,1.16
2009-02-04,EURCHF,EURCHF,1.49
2009-02-05,USDCHF,USDCHF,1.16
2009-02-05,EURCHF,EURCHF,1.49
2009-02-06,USDCHF,USDCHF,1.17
2009-02-06,EURCHF,EURCHF,1.5
2009-02-09,USDCHF,USDCHF,1.16
2009-02-09,EURCHF,EURCHF,1.51
2009-02-10,USDCHF,USDCHF,1.15
2009-02-10,EURCHF,EURCHF,1.5
2009-02-11,USDCHF,USDCHF,1.16
2009-02-11,EURCHF,EURCHF,1.5
2009-02-12,USDCHF,USDCHF,1.17
2009-02-12,EURCHF,EURCHF,1.49
2009-02-13,USDCHF,USDCHF,1.16
2009-02-13,EURCHF,EURCHF,1.5
2009-02-16,USDCHF,USDCHF,1.16
2009-02-16,EURCHF,EURCHF,1.48
2009-02-17,USDCHF,USDCHF,1.18
2009-02-17,EURCHF,EURCHF,1.48
2009-02-18,USDCHF,USDCHF,1.18
2009-02-18,EURCHF,EURCHF,1.48
2009-02-19,USDCHF,USDCHF,1.17
2009-02-19,EURCHF,EURCHF,1.49
2009-02-20,USDCHF,USDCHF,1.18
2009-02-20,EURCHF,EURCHF,1.49
2009-02-23,USDCHF,USDCHF,1.16
2009-02-23,EURCHF,EURCHF,1.48
2009-02-24,USDCHF,USDCHF,1.17
2009-02-24,EURCHF,EURCHF,1.49
2009-02-25,USDCHF,USDCHF,1.17
2009-02-25,EURCHF,EURCHF,1.48
2009-02-26,USDCHF,USDCHF,1.17
2009-02-26,EURCHF,EURCHF,1.49
2009-02-27,USDCHF,USDCHF,1.17
2009-02-27,EURCHF,EURCHF,1.48
2009-03-02,USDCHF,USDCHF,1.17
2009-03-02,EURCHF,EURCHF,1.48
2009-03-03,USDCHF,USDCHF,1.18
2009-03-03,EURCHF,EURCHF,1.48
2009-03-04,USDCHF,USDCHF,1.18
2009-03-04,EURCHF,EURCHF,1.48
2009-03-05,USDCHF,USDCHF,1.18
2009-03-05,EURCHF,EURCHF,1.47
2009-03-06,USDCHF,USDCHF,1.15
2009-03-06,EURCHF,EURCHF,1.46
2009-03-09,USDCHF,USDCHF,1.16
2009-03-09,EURCHF,EURCHF,1.47
2009-03-10,USDCHF,USDCHF,1.15
2009-03-10,EURCHF,EURCHF,1.47
2009-03-11,USDCHF,USDCHF,1.16
2009-03-11,EURCHF,EURCHF,1.48
2009-03-12,USDCHF,USDCHF,1.19
2009-03-12,EURCHF,EURCHF,1.52
2009-03-13,USDCHF,USDCHF,1.19
2009-03-13,EURCHF,EURCHF,1.53
2009-03-16,USDCHF,USDCHF,1.18
2009-03-16,EURCHF,EURCHF,1.54
2009-03-17,USDCHF,USDCHF,1.18
2009-03-17,EURCHF,EURCHF,1.53
2009-03-18,USDCHF,USDCHF,1.17
2009-03-18,EURCHF,EURCHF,1.53
2009-03-19,USDCHF,USDCHF,1.12
2009-03-19,EURCHF,EURCHF,1.54
2009-03-20,USDCHF,USDCHF,1.12
2009-03-20,EURCHF,EURCHF,1.52
2009-03-23,USDCHF,USDCHF,1.13
2009-03-23,EURCHF,EURCHF,1.53
2009-03-24,USDCHF,USDCHF,1.13
2009-03-24,EURCHF,EURCHF,1.53
2009-03-25,USDCHF,USDCHF,1.12
2009-03-25,EURCHF,EURCHF,1.52
2009-03-26,USDCHF,USDCHF,1.13
2009-03-26,EURCHF,EURCHF,1.53
2009-03-27,USDCHF,USDCHF,1.14
2009-03-27,EURCHF,EURCHF,1.52
2009-03-30,USDCHF,USDCHF,1.15
2009-03-30,EURCHF,EURCHF,1.52
2009-03-31,USDCHF,USDCHF,1.14
2009-03-31,EURCHF,EURCHF,1.51
2009-04-01,USDCHF,USDCHF,1.15
2009-04-01,EURCHF,EURCHF,1.52
2009-04-02,USDCHF,USDCHF,1.13
2009-04-02,EURCHF,EURCHF,1.52
2009-04-03,USDCHF,USDCHF,1.13
2009-04-03,EURCHF,EURCHF,1.52
2009-04-06,USDCHF,USDCHF,1.14
2009-04-06,EURCHF,EURCHF,1.52
2009-04-07,USDCHF,USDCHF,1.14
2009-04-07,EURCHF,EURCHF,1.52
2009-04-08,USDCHF,USDCHF,1.15
2009-04-08,EURCHF,EURCHF,1.52
2009-04-09,USDCHF,USDCHF,1.15
2009-04-09,EURCHF,EURCHF,1.52
2009-04-10,USDCHF,USDCHF,1.15
2009-04-10,EURCHF,EURCHF,1.52
2009-04-13,USDCHF,USDCHF,1.14
2009-04-13,EURCHF,EURCHF,1.52
2009-04-14,USDCHF,USDCHF,1.14
2009-04-14,EURCHF,EURCHF,1.51
2009-04-15,USDCHF,USDCHF,1.15
2009-04-15,EURCHF,EURCHF,1.51
2009-04-16,USDCHF,USDCHF,1.15
2009-04-16,EURCHF,EURCHF,1.51
2009-04-17,USDCHF,USDCHF,1.17
2009-04-17,EURCHF,EURCHF,1.52
2009-04-20,USDCHF,USDCHF,1.17
2009-04-20,EURCHF,EURCHF,1.51
2009-04-21,USDCHF,USDCHF,1.17
2009-04-21,EURCHF,EURCHF,1.51
2009-04-22,USDCHF,USDCHF,1.16
2009-04-22,EURCHF,EURCHF,1.51
2009-04-23,USDCHF,USDCHF,1.16
2009-04-23,EURCHF,EURCHF,1.51
2009-04-24,USDCHF,USDCHF,1.14
2009-04-24,EURCHF,EURCHF,1.51
2009-04-27,USDCHF,USDCHF,1.15
2009-04-27,EURCHF,EURCHF,1.51
2009-04-28,USDCHF,USDCHF,1.15
2009-04-28,EURCHF,EURCHF,1.51
2009-04-29,USDCHF,USDCHF,1.14
2009-04-29,EURCHF,EURCHF,1.51
2009-04-30,USDCHF,USDCHF,1.14
2009-04-30,EURCHF,EURCHF,1.51
2009-05-01,USDCHF,USDCHF,1.14
2009-05-01,EURCHF,EURCHF,1.51
2009-05-04,USDCHF,USDCHF,1.13
2009-05-04,EURCHF,EURCHF,1.51
2009-05-05,USDCHF,USDCHF,1.13
2009-05-05,EURCHF,EURCHF,1.51
2009-05-06,USDCHF,USDCHF,1.13
2009-05-06,EURCHF,EURCHF,1.51
2009-05-07,USDCHF,USDCHF,1.13
2009-05-07,EURCHF,EURCHF,1.51
2009-05-08,USDCHF,USDCHF,1.12
2009-05-08,EURCHF,EURCHF,1.51
2009-05-11,USDCHF,USDCHF,1.11
2009-05-11,EURCHF,EURCHF,1.51
2009-05-12,USDCHF,USDCHF,1.1
2009-05-12,EURCHF,EURCHF,1.51
2009-05-13,USDCHF,USDCHF,1.11
2009-05-13,EURCHF,EURCHF,1.51
2009-05-14,USDCHF,USDCHF,1.11
2009-05-14,EURCHF,EURCHF,1.51
2009-05-15,USDCHF,USDCHF,1.1
2009-05-15,EURCHF,EURCHF,1.5
2009-05-18,USDCHF,USDCHF,1.12
2009-05-18,EURCHF,EURCHF,1.51
2009-05-19,USDCHF,USDCHF,1.11
2009-05-19,EURCHF,EURCHF,1.52
2009-05-20,USDCHF,USDCHF,1.1
2009-05-20,EURCHF,EURCHF,1.51
2009-05-21,USDCHF,USDCHF,1.1
2009-05-21,EURCHF,EURCHF,1.52
2009-05-22,USDCHF,USDCHF,1.09
2009-05-22,EURCHF,EURCHF,1.52
2009-05-25,USDCHF,USDCHF,1.08
2009-05-25,EURCHF,EURCHF,1.52
2009-05-26,USDCHF,USDCHF,1.08
2009-05-26,EURCHF,EURCHF,1.52
2009-05-27,USDCHF,USDCHF,1.09
2009-05-27,EURCHF,EURCHF,1.51
2009-05-28,USDCHF,USDCHF,1.08
2009-05-28,EURCHF,EURCHF,1.51
2009-05-29,USDCHF,USDCHF,1.07
2009-05-29,EURCHF,EURCHF,1.51
2009-06-01,USDCHF,USDCHF,1.07
2009-06-01,EURCHF,EURCHF,1.52
2009-06-02,USDCHF,USDCHF,1.06
2009-06-02,EURCHF,EURCHF,1.52
2009-06-03,USDCHF,USDCHF,1.07
2009-06-03,EURCHF,EURCHF,1.52
2009-06-04,USDCHF,USDCHF,1.07
2009-06-04,EURCHF,EURCHF,1.52
2009-06-05,USDCHF,USDCHF,1.08
2009-06-05,EURCHF,EURCHF,1.52
2009-06-08,USDCHF,USDCHF,1.09
2009-06-08,EURCHF,EURCHF,1.52
2009-06-09,USDCHF,USDCHF,1.08
2009-06-09,EURCHF,EURCHF,1.52
2009-06-10,USDCHF,USDCHF,1.08
2009-06-10,EURCHF,EURCHF,1.51
2009-06-11,USDCHF,USDCHF,1.07
2009-06-11,EURCHF,EURCHF,1.51
2009-06-12,USDCHF,USDCHF,1.08
2009-06-12,EURCHF,EURCHF,1.51
2009-06-15,USDCHF,USDCHF,1.09
2009-06-15,EURCHF,EURCHF,1.51
2009-06-16,USDCHF,USDCHF,1.08
2009-06-16,EURCHF,EURCHF,1.51
2009-06-17,USDCHF,USDCHF,1.09
2009-06-17,EURCHF,EURCHF,1.51
2009-06-18,USDCHF,USDCHF,1.08
2009-06-18,EURCHF,EURCHF,1.51
2009-06-19,USDCHF,USDCHF,1.08
2009-06-19,EURCHF,EURCHF,1.51
2009-06-22,USDCHF,USDCHF,1.09
2009-06-22,EURCHF,EURCHF,1.51
2009-06-23,USDCHF,USDCHF,1.07
2009-06-23,EURCHF,EURCHF,1.5
2009-06-24,USDCHF,USDCHF,1.08
2009-06-24,EURCHF,EURCHF,1.52
2009-06-25,USDCHF,USDCHF,1.1
2009-06-25,EURCHF,EURCHF,1.53
2009-06-26,USDCHF,USDCHF,1.09
2009-06-26,EURCHF,EURCHF,1.53
2009-06-29,USDCHF,USDCHF,1.08
2009-06-29,EURCHF,EURCHF,1.52
2009-06-30,USDCHF,USDCHF,1.09
2009-06-30,EURCHF,EURCHF,1.53
2009-07-01,USDCHF,USDCHF,1.08
2009-07-01,EURCHF,EURCHF,1.52
2009-07-02,USDCHF,USDCHF,1.08
2009-07-02,EURCHF,EURCHF,1.52
2009-07-03,USDCHF,USDCHF,1.09
2009-07-03,EURCHF,EURCHF,1.52
2009-07-06,USDCHF,USDCHF,1.09
2009-07-06,EURCHF,EURCHF,1.52
2009-07-07,USDCHF,USDCHF,1.08
2009-07-07,EURCHF,EURCHF,1.52
2009-07-08,USDCHF,USDCHF,1.09
2009-07-08,EURCHF,EURCHF,1.52
2009-07-09,USDCHF,USDCHF,1.08
2009-07-09,EURCHF,EURCHF,1.51
2009-07-10,USDCHF,USDCHF,1.09
2009-07-10,EURCHF,EURCHF,1.51
2009-07-13,USDCHF,USDCHF,1.09
2009-07-13,EURCHF,EURCHF,1.51
2009-07-14,USDCHF,USDCHF,1.09
2009-07-14,EURCHF,EURCHF,1.52
2009-07-15,USDCHF,USDCHF,1.08
2009-07-15,EURCHF,EURCHF,1.52
2009-07-16,USDCHF,USDCHF,1.08
2009-07-16,EURCHF,EURCHF,1.52
2009-07-17,USDCHF,USDCHF,1.08
2009-07-17,EURCHF,EURCHF,1.52
2009-07-20,USDCHF,USDCHF,1.07
2009-07-20,EURCHF,EURCHF,1.52
2009-07-21,USDCHF,USDCHF,1.07
2009-07-21,EURCHF,EURCHF,1.52
2009-07-22,USDCHF,USDCHF,1.07
2009-07-22,EURCHF,EURCHF,1.52
2009-07-23,USDCHF,USDCHF,1.07
2009-07-23,EURCHF,EURCHF,1.52
2009-07-24,USDCHF,USDCHF,1.07
2009-07-24,EURCHF,EURCHF,1.52
2009-07-27,USDCHF,USDCHF,1.07
2009-07-27,EURCHF,EURCHF,1.52
2009-07-28,USDCHF,USDCHF,1.08
2009-07-28,EURCHF,EURCHF,1.52
2009-07-29,USDCHF,USDCHF,1.08
2009-07-29,EURCHF,EURCHF,1.52
2009-07-30,USDCHF,USDCHF,1.09
2009-07-30,EURCHF,EURCHF,1.53
2009-07-31,USDCHF,USDCHF,1.08
2009-07-31,EURCHF,EURCHF,1.53
2009-08-03,USDCHF,USDCHF,1.06
2009-08-03,EURCHF,EURCHF,1.52
2009-08-04,USDCHF,USDCHF,1.06
2009-08-04,EURCHF,EURCHF,1.53
2009-08-05,USDCHF,USDCHF,1.06
2009-08-05,EURCHF,EURCHF,1.53
2009-08-06,USDCHF,USDCHF,1.07
2009-08-06,EURCHF,EURCHF,1.53
2009-08-07,USDCHF,USDCHF,1.08
2009-08-07,EURCHF,EURCHF,1.53
2009-08-10,USDCHF,USDCHF,1.08
2009-08-10,EURCHF,EURCHF,1.54
2009-08-11,USDCHF,USDCHF,1.08
2009-08-11,EURCHF,EURCHF,1.53
2009-08-12,USDCHF,USDCHF,1.08
2009-08-12,EURCHF,EURCHF,1.53
2009-08-13,USDCHF,USDCHF,1.07
2009-08-13,EURCHF,EURCHF,1.53
2009-08-14,USDCHF,USDCHF,1.07
2009-08-14,EURCHF,EURCHF,1.53
2009-08-17,USDCHF,USDCHF,1.08
2009-08-17,EURCHF,EURCHF,1.52
2009-08-18,USDCHF,USDCHF,1.08
2009-08-18,EURCHF,EURCHF,1.52
2009-08-19,USDCHF,USDCHF,1.07
2009-08-19,EURCHF,EURCHF,1.52
2009-08-20,USDCHF,USDCHF,1.07
2009-08-20,EURCHF,EURCHF,1.52
2009-08-21,USDCHF,USDCHF,1.06
2009-08-21,EURCHF,EURCHF,1.52
2009-08-24,USDCHF,USDCHF,1.06
2009-08-24,EURCHF,EURCHF,1.52
2009-08-25,USDCHF,USDCHF,1.06
2009-08-25,EURCHF,EURCHF,1.52
2009-08-26,USDCHF,USDCHF,1.07
2009-08-26,EURCHF,EURCHF,1.52
2009-08-27,USDCHF,USDCHF,1.07
2009-08-27,EURCHF,EURCHF,1.52
2009-08-28,USDCHF,USDCHF,1.06
2009-08-28,EURCHF,EURCHF,1.52
2009-08-31,USDCHF,USDCHF,1.06
2009-08-31,EURCHF,EURCHF,1.52
2009-09-01,USDCHF,USDCHF,1.06
2009-09-01,EURCHF,EURCHF,1.52
2009-09-02,USDCHF,USDCHF,1.06
2009-09-02,EURCHF,EURCHF,1.51
2009-09-03,USDCHF,USDCHF,1.06
2009-09-03,EURCHF,EURCHF,1.51
2009-09-04,USDCHF,USDCHF,1.07
2009-09-04,EURCHF,EURCHF,1.52
2009-09-07,USDCHF,USDCHF,1.06
2009-09-07,EURCHF,EURCHF,1.52
2009-09-08,USDCHF,USDCHF,1.04
2009-09-08,EURCHF,EURCHF,1.52
2009-09-09,USDCHF,USDCHF,1.04
2009-09-09,EURCHF,EURCHF,1.52
2009-09-10,USDCHF,USDCHF,1.04
2009-09-10,EURCHF,EURCHF,1.52
2009-09-11,USDCHF,USDCHF,1.04
2009-09-11,EURCHF,EURCHF,1.51
2009-09-14,USDCHF,USDCHF,1.03
2009-09-14,EURCHF,EURCHF,1.51
2009-09-15,USDCHF,USDCHF,1.04
2009-09-15,EURCHF,EURCHF,1.52
2009-09-16,USDCHF,USDCHF,1.03
2009-09-16,EURCHF,EURCHF,1.52
2009-09-17,USDCHF,USDCHF,1.03
2009-09-17,EURCHF,EURCHF,1.52
2009-09-18,USDCHF,USDCHF,1.03
2009-09-18,EURCHF,EURCHF,1.51
2009-09-21,USDCHF,USDCHF,1.04
2009-09-21,EURCHF,EURCHF,1.52
2009-09-22,USDCHF,USDCHF,1.02
2009-09-22,EURCHF,EURCHF,1.52
2009-09-23,USDCHF,USDCHF,1.02
2009-09-23,EURCHF,EURCHF,1.51
2009-09-24,USDCHF,USDCHF,1.03
2009-09-24,EURCHF,EURCHF,1.51
2009-09-25,USDCHF,USDCHF,1.03
2009-09-25,EURCHF,EURCHF,1.51
2009-09-28,USDCHF,USDCHF,1.03
2009-09-28,EURCHF,EURCHF,1.51
2009-09-29,USDCHF,USDCHF,1.04
2009-09-29,EURCHF,EURCHF,1.51
2009-09-30,USDCHF,USDCHF,1.04
2009-09-30,EURCHF,EURCHF,1.52
2009-10-01,USDCHF,USDCHF,1.04
2009-10-01,EURCHF,EURCHF,1.52
2009-10-02,USDCHF,USDCHF,1.03
2009-10-02,EURCHF,EURCHF,1.51
2009-10-05,USDCHF,USDCHF,1.03
2009-10-05,EURCHF,EURCHF,1.51
2009-10-06,USDCHF,USDCHF,1.03
2009-10-06,EURCHF,EURCHF,1.51
2009-10-07,USDCHF,USDCHF,1.03
2009-10-07,EURCHF,EURCHF,1.52
2009-10-08,USDCHF,USDCHF,1.03
2009-10-08,EURCHF,EURCHF,1.52
2009-10-09,USDCHF,USDCHF,1.03
2009-10-09,EURCHF,EURCHF,1.52
2009-10-12,USDCHF,USDCHF,1.02
2009-10-12,EURCHF,EURCHF,1.52
2009-10-13,USDCHF,USDCHF,1.02
2009-10-13,EURCHF,EURCHF,1.52
2009-10-14,USDCHF,USDCHF,1.02
2009-10-14,EURCHF,EURCHF,1.52
2009-10-15,USDCHF,USDCHF,1.01
2009-10-15,EURCHF,EURCHF,1.51
2009-10-16,USDCHF,USDCHF,1.02
2009-10-16,EURCHF,EURCHF,1.52
2009-10-19,USDCHF,USDCHF,1.01
2009-10-19,EURCHF,EURCHF,1.51
2009-10-20,USDCHF,USDCHF,1.01
2009-10-20,EURCHF,EURCHF,1.51
2009-10-21,USDCHF,USDCHF,1.01
2009-10-21,EURCHF,EURCHF,1.51
2009-10-22,USDCHF,USDCHF,1.01
2009-10-22,EURCHF,EURCHF,1.51
2009-10-23,USDCHF,USDCHF,1.01
2009-10-23,EURCHF,EURCHF,1.51
2009-10-26,USDCHF,USDCHF,1.01
2009-10-26,EURCHF,EURCHF,1.51
2009-10-27,USDCHF,USDCHF,1.02
2009-10-27,EURCHF,EURCHF,1.51
2009-10-28,USDCHF,USDCHF,1.02
2009-10-28,EURCHF,EURCHF,1.51
2009-10-29,USDCHF,USDCHF,1.02
2009-10-29,EURCHF,EURCHF,1.51
2009-10-30,USDCHF,USDCHF,1.02
2009-10-30,EURCHF,EURCHF,1.51
2009-11-02,USDCHF,USDCHF,1.02
2009-11-02,EURCHF,EURCHF,1.51
2009-11-03,USDCHF,USDCHF,1.03
2009-11-03,EURCHF,EURCHF,1.51
2009-11-04,USDCHF,USDCHF,1.02
2009-11-04,EURCHF,EURCHF,1.51
2009-11-05,USDCHF,USDCHF,1.02
2009-11-05,EURCHF,EURCHF,1.51
2009-11-06,USDCHF,USDCHF,1.02
2009-11-06,EURCHF,EURCHF,1.51
2009-11-09,USDCHF,USDCHF,1.01
2009-11-09,EURCHF,EURCHF,1.51
2009-11-10,USDCHF,USDCHF,1.01
2009-11-10,EURCHF,EURCHF,1.51
2009-11-11,USDCHF,USDCHF,1.01
2009-11-11,EURCHF,EURCHF,1.51
2009-11-12,USDCHF,USDCHF,1.02
2009-11-12,EURCHF,EURCHF,1.51
2009-11-13,USDCHF,USDCHF,1.01
2009-11-13,EURCHF,EURCHF,1.51
2009-11-16,USDCHF,USDCHF,1.01
2009-11-16,EURCHF,EURCHF,1.51
2009-11-17,USDCHF,USDCHF,1.02
2009-11-17,EURCHF,EURCHF,1.51
2009-11-18,USDCHF,USDCHF,1.01
2009-11-18,EURCHF,EURCHF,1.51
2009-11-19,USDCHF,USDCHF,1.02
2009-11-19,EURCHF,EURCHF,1.51
2009-11-20,USDCHF,USDCHF,1.02
2009-11-20,EURCHF,EURCHF,1.51
2009-11-23,USDCHF,USDCHF,1.01
2009-11-23,EURCHF,EURCHF,1.51
2009-11-24,USDCHF,USDCHF,1.01
2009-11-24,EURCHF,EURCHF,1.51
2009-11-25,USDCHF,USDCHF,1.0
2009-11-25,EURCHF,EURCHF,1.51
2009-11-26,USDCHF,USDCHF,1.01
2009-11-26,EURCHF,EURCHF,1.51
2009-11-27,USDCHF,USDCHF,1.01
2009-11-27,EURCHF,EURCHF,1.51
2009-11-30,USDCHF,USDCHF,1.0
2009-11-30,EURCHF,EURCHF,1.51
2009-12-01,USDCHF,USDCHF,1.0
2009-12-01,EURCHF,EURCHF,1.51
2009-12-02,USDCHF,USDCHF,1.0
2009-12-02,EURCHF,EURCHF,1.51
2009-12-03,USDCHF,USDCHF,1.0
2009-12-03,EURCHF,EURCHF,1.51
2009-12-04,USDCHF,USDCHF,1.01
2009-12-04,EURCHF,EURCHF,1.51
2009-12-07,USDCHF,USDCHF,1.02
2009-12-07,EURCHF,EURCHF,1.51
2009-12-08,USDCHF,USDCHF,1.02
2009-12-08,EURCHF,EURCHF,1.51
2009-12-09,USDCHF,USDCHF,1.02
2009-12-09,EURCHF,EURCHF,1.51
2009-12-10,USDCHF,USDCHF,1.03
2009-12-10,EURCHF,EURCHF,1.51
2009-12-11,USDCHF,USDCHF,1.03
2009-12-11,EURCHF,EURCHF,1.51
2009-12-14,USDCHF,USDCHF,1.03
2009-12-14,EURCHF,EURCHF,1.51
2009-12-15,USDCHF,USDCHF,1.04
2009-12-15,EURCHF,EURCHF,1.51
2009-12-16,USDCHF,USDCHF,1.04
2009-12-16,EURCHF,EURCHF,1.51
2009-12-17,USDCHF,USDCHF,1.05
2009-12-17,EURCHF,EURCHF,1.5
2009-12-18,USDCHF,USDCHF,1.05
2009-12-18,EURCHF,EURCHF,1.49
2009-12-21,USDCHF,USDCHF,1.04
2009-12-21,EURCHF,EURCHF,1.49
2009-12-22,USDCHF,USDCHF,1.05
2009-12-22,EURCHF,EURCHF,1.49
2009-12-23,USDCHF,USDCHF,1.04
2009-12-23,EURCHF,EURCHF,1.49
2009-12-24,USDCHF,USDCHF,1.04
2009-12-24,EURCHF,EURCHF,1.49
2009-12-25,USDCHF,USDCHF,1.04
2009-12-25,EURCHF,EURCHF,1.49
2009-12-28,USDCHF,USDCHF,1.03
2009-12-28,EURCHF,EURCHF,1.49
2009-12-29,USDCHF,USDCHF,1.03
2009-12-29,EURCHF,EURCHF,1.49
2009-12-30,USDCHF,USDCHF,1.04
2009-12-30,EURCHF,EURCHF,1.49
2009-12-31,USDCHF,USDCHF,1.03
2009-12-31,EURCHF,EURCHF,1.48
2010-01-01,USDCHF,USDCHF,1.03
2010-01-01,EURCHF,EURCHF,1.48
2010-01-04,USDCHF,USDCHF,1.03
2010-01-04,EURCHF,EURCHF,1.48
2010-01-05,USDCHF,USDCHF,1.03
2010-01-05,EURCHF,EURCHF,1.49
2010-01-06,USDCHF,USDCHF,1.03
2010-01-06,EURCHF,EURCHF,1.48
2010-01-07,USDCHF,USDCHF,1.03
2010-01-07,EURCHF,EURCHF,1.48
2010-01-08,USDCHF,USDCHF,1.03
2010-01-08,EURCHF,EURCHF,1.48
2010-01-11,USDCHF,USDCHF,1.02
2010-01-11,EURCHF,EURCHF,1.48
2010-01-12,USDCHF,USDCHF,1.02
2010-01-12,EURCHF,EURCHF,1.48
2010-01-13,USDCHF,USDCHF,1.02
2010-01-13,EURCHF,EURCHF,1.48
2010-01-14,USDCHF,USDCHF,1.02
2010-01-14,EURCHF,EURCHF,1.48
2010-01-15,USDCHF,USDCHF,1.03
2010-01-15,EURCHF,EURCHF,1.47
2010-01-18,USDCHF,USDCHF,1.02
2010-01-18,EURCHF,EURCHF,1.47
2010-01-19,USDCHF,USDCHF,1.03
2010-01-19,EURCHF,EURCHF,1.48
2010-01-20,USDCHF,USDCHF,1.04
2010-01-20,EURCHF,EURCHF,1.47
2010-01-21,USDCHF,USDCHF,1.05
2010-01-21,EURCHF,EURCHF,1.47
2010-01-22,USDCHF,USDCHF,1.04
2010-01-22,EURCHF,EURCHF,1.47
2010-01-25,USDCHF,USDCHF,1.04
2010-01-25,EURCHF,EURCHF,1.47
2010-01-26,USDCHF,USDCHF,1.05
2010-01-26,EURCHF,EURCHF,1.47
2010-01-27,USDCHF,USDCHF,1.05
2010-01-27,EURCHF,EURCHF,1.47
2010-01-28,USDCHF,USDCHF,1.05
2010-01-28,EURCHF,EURCHF,1.47
2010-01-29,USDCHF,USDCHF,1.05
2010-01-29,EURCHF,EURCHF,1.47
2010-02-01,USDCHF,USDCHF,1.06
2010-02-01,EURCHF,EURCHF,1.47
2010-02-02,USDCHF,USDCHF,1.06
2010-02-02,EURCHF,EURCHF,1.47
2010-02-03,USDCHF,USDCHF,1.06
2010-02-03,EURCHF,EURCHF,1.47
2010-02-04,USDCHF,USDCHF,1.06
2010-02-04,EURCHF,EURCHF,1.47
2010-02-05,USDCHF,USDCHF,1.07
2010-02-05,EURCHF,EURCHF,1.47
2010-02-08,USDCHF,USDCHF,1.07
2010-02-08,EURCHF,EURCHF,1.47
2010-02-09,USDCHF,USDCHF,1.07
2010-02-09,EURCHF,EURCHF,1.47
2010-02-10,USDCHF,USDCHF,1.07
2010-02-10,EURCHF,EURCHF,1.47
2010-02-11,USDCHF,USDCHF,1.08
2010-02-11,EURCHF,EURCHF,1.47
2010-02-12,USDCHF,USDCHF,1.08
2010-02-12,EURCHF,EURCHF,1.47
2010-02-15,USDCHF,USDCHF,1.08
2010-02-15,EURCHF,EURCHF,1.47
2010-02-16,USDCHF,USDCHF,1.07
2010-02-16,EURCHF,EURCHF,1.47
2010-02-17,USDCHF,USDCHF,1.08
2010-02-17,EURCHF,EURCHF,1.47
2010-02-18,USDCHF,USDCHF,1.08
2010-02-18,EURCHF,EURCHF,1.47
2010-02-19,USDCHF,USDCHF,1.08
2010-02-19,EURCHF,EURCHF,1.46
2010-02-22,USDCHF,USDCHF,1.08
2010-02-22,EURCHF,EURCHF,1.46
2010-02-23,USDCHF,USDCHF,1.08
2010-02-23,EURCHF,EURCHF,1.47
2010-02-24,USDCHF,USDCHF,1.08
2010-02-24,EURCHF,EURCHF,1.46
2010-02-25,USDCHF,USDCHF,1.08
2010-02-25,EURCHF,EURCHF,1.46
2010-02-26,USDCHF,USDCHF,1.07
2010-02-26,EURCHF,EURCHF,1.46
2010-03-01,USDCHF,USDCHF,1.09
2010-03-01,EURCHF,EURCHF,1.46
2010-03-02,USDCHF,USDCHF,1.08
2010-03-02,EURCHF,EURCHF,1.46
2010-03-03,USDCHF,USDCHF,1.07
2010-03-03,EURCHF,EURCHF,1.46
2010-03-04,USDCHF,USDCHF,1.08
2010-03-04,EURCHF,EURCHF,1.46
2010-03-05,USDCHF,USDCHF,1.08
2010-03-05,EURCHF,EURCHF,1.46
2010-03-08,USDCHF,USDCHF,1.07
2010-03-08,EURCHF,EURCHF,1.46
2010-03-09,USDCHF,USDCHF,1.08
2010-03-09,EURCHF,EURCHF,1.46
2010-03-10,USDCHF,USDCHF,1.07
2010-03-10,EURCHF,EURCHF,1.46
2010-03-11,USDCHF,USDCHF,1.07
2010-03-11,EURCHF,EURCHF,1.46
2010-03-12,USDCHF,USDCHF,1.06
2010-03-12,EURCHF,EURCHF,1.46
2010-03-15,USDCHF,USDCHF,1.06
2010-03-15,EURCHF,EURCHF,1.45
2010-03-16,USDCHF,USDCHF,1.06
2010-03-16,EURCHF,EURCHF,1.45
2010-03-17,USDCHF,USDCHF,1.06
2010-03-17,EURCHF,EURCHF,1.45
2010-03-18,USDCHF,USDCHF,1.06
2010-03-18,EURCHF,EURCHF,1.45
2010-03-19,USDCHF,USDCHF,1.06
2010-03-19,EURCHF,EURCHF,1.44
2010-03-22,USDCHF,USDCHF,1.06
2010-03-22,EURCHF,EURCHF,1.43
2010-03-23,USDCHF,USDCHF,1.06
2010-03-23,EURCHF,EURCHF,1.43
2010-03-24,USDCHF,USDCHF,1.07
2010-03-24,EURCHF,EURCHF,1.43
2010-03-25,USDCHF,USDCHF,1.07
2010-03-25,EURCHF,EURCHF,1.43
2010-03-26,USDCHF,USDCHF,1.07
2010-03-26,EURCHF,EURCHF,1.43
2010-03-29,USDCHF,USDCHF,1.06
2010-03-29,EURCHF,EURCHF,1.43
2010-03-30,USDCHF,USDCHF,1.07
2010-03-30,EURCHF,EURCHF,1.43
2010-03-31,USDCHF,USDCHF,1.05
2010-03-31,EURCHF,EURCHF,1.42
2010-04-01,USDCHF,USDCHF,1.05
2010-04-01,EURCHF,EURCHF,1.42
2010-04-02,USDCHF,USDCHF,1.05
2010-04-02,EURCHF,EURCHF,1.42
2010-04-05,USDCHF,USDCHF,1.06
2010-04-05,EURCHF,EURCHF,1.43
2010-04-06,USDCHF,USDCHF,1.07
2010-04-06,EURCHF,EURCHF,1.43
2010-04-07,USDCHF,USDCHF,1.07
2010-04-07,EURCHF,EURCHF,1.43
2010-04-08,USDCHF,USDCHF,1.07
2010-04-08,EURCHF,EURCHF,1.43
2010-04-09,USDCHF,USDCHF,1.07
2010-04-09,EURCHF,EURCHF,1.44
2010-04-12,USDCHF,USDCHF,1.06
2010-04-12,EURCHF,EURCHF,1.44
2010-04-13,USDCHF,USDCHF,1.06
2010-04-13,EURCHF,EURCHF,1.43
2010-04-14,USDCHF,USDCHF,1.05
2010-04-14,EURCHF,EURCHF,1.44
2010-04-15,USDCHF,USDCHF,1.06
2010-04-15,EURCHF,EURCHF,1.43
2010-04-16,USDCHF,USDCHF,1.06
2010-04-16,EURCHF,EURCHF,1.43
2010-04-19,USDCHF,USDCHF,1.06
2010-04-19,EURCHF,EURCHF,1.43
2010-04-20,USDCHF,USDCHF,1.07
2010-04-20,EURCHF,EURCHF,1.44
2010-04-21,USDCHF,USDCHF,1.07
2010-04-21,EURCHF,EURCHF,1.43
2010-04-22,USDCHF,USDCHF,1.08
2010-04-22,EURCHF,EURCHF,1.43
2010-04-23,USDCHF,USDCHF,1.07
2010-04-23,EURCHF,EURCHF,1.44
2010-04-26,USDCHF,USDCHF,1.08
2010-04-26,EURCHF,EURCHF,1.43
2010-04-27,USDCHF,USDCHF,1.08
2010-04-27,EURCHF,EURCHF,1.44
2010-04-28,USDCHF,USDCHF,1.09
2010-04-28,EURCHF,EURCHF,1.43
2010-04-29,USDCHF,USDCHF,1.08
2010-04-29,EURCHF,EURCHF,1.43
2010-04-30,USDCHF,USDCHF,1.08
2010-04-30,EURCHF,EURCHF,1.43
2010-05-03,USDCHF,USDCHF,1.09
2010-05-03,EURCHF,EURCHF,1.43
2010-05-04,USDCHF,USDCHF,1.1
2010-05-04,EURCHF,EURCHF,1.43
2010-05-05,USDCHF,USDCHF,1.11
2010-05-05,EURCHF,EURCHF,1.43
2010-05-06,USDCHF,USDCHF,1.11
2010-05-06,EURCHF,EURCHF,1.41
2010-05-07,USDCHF,USDCHF,1.11
2010-05-07,EURCHF,EURCHF,1.41
2010-05-10,USDCHF,USDCHF,1.11
2010-05-10,EURCHF,EURCHF,1.42
2010-05-11,USDCHF,USDCHF,1.11
2010-05-11,EURCHF,EURCHF,1.41
2010-05-12,USDCHF,USDCHF,1.11
2010-05-12,EURCHF,EURCHF,1.4
2010-05-13,USDCHF,USDCHF,1.11
2010-05-13,EURCHF,EURCHF,1.4
2010-05-14,USDCHF,USDCHF,1.13
2010-05-14,EURCHF,EURCHF,1.4
2010-05-17,USDCHF,USDCHF,1.14
2010-05-17,EURCHF,EURCHF,1.4
2010-05-18,USDCHF,USDCHF,1.13
2010-05-18,EURCHF,EURCHF,1.4
2010-05-19,USDCHF,USDCHF,1.15
2010-05-19,EURCHF,EURCHF,1.42
2010-05-20,USDCHF,USDCHF,1.15
2010-05-20,EURCHF,EURCHF,1.42
2010-05-21,USDCHF,USDCHF,1.15
2010-05-21,EURCHF,EURCHF,1.44
2010-05-24,USDCHF,USDCHF,1.16
2010-05-24,EURCHF,EURCHF,1.43
2010-05-25,USDCHF,USDCHF,1.16
2010-05-25,EURCHF,EURCHF,1.42
2010-05-26,USDCHF,USDCHF,1.16
2010-05-26,EURCHF,EURCHF,1.42
2010-05-27,USDCHF,USDCHF,1.16
2010-05-27,EURCHF,EURCHF,1.42
2010-05-28,USDCHF,USDCHF,1.16
2010-05-28,EURCHF,EURCHF,1.43
2010-05-31,USDCHF,USDCHF,1.16
2010-05-31,EURCHF,EURCHF,1.42
2010-06-01,USDCHF,USDCHF,1.15
2010-06-01,EURCHF,EURCHF,1.42
2010-06-02,USDCHF,USDCHF,1.16
2010-06-02,EURCHF,EURCHF,1.41
2010-06-03,USDCHF,USDCHF,1.15
2010-06-03,EURCHF,EURCHF,1.41
2010-06-04,USDCHF,USDCHF,1.16
2010-06-04,EURCHF,EURCHF,1.4
2010-06-07,USDCHF,USDCHF,1.16
2010-06-07,EURCHF,EURCHF,1.39
2010-06-08,USDCHF,USDCHF,1.15
2010-06-08,EURCHF,EURCHF,1.38
2010-06-09,USDCHF,USDCHF,1.14
2010-06-09,EURCHF,EURCHF,1.38
2010-06-10,USDCHF,USDCHF,1.14
2010-06-10,EURCHF,EURCHF,1.38
2010-06-11,USDCHF,USDCHF,1.15
2010-06-11,EURCHF,EURCHF,1.39
2010-06-14,USDCHF,USDCHF,1.14
2010-06-14,EURCHF,EURCHF,1.39
2010-06-15,USDCHF,USDCHF,1.13
2010-06-15,EURCHF,EURCHF,1.39
2010-06-16,USDCHF,USDCHF,1.13
2010-06-16,EURCHF,EURCHF,1.39
2010-06-17,USDCHF,USDCHF,1.11
2010-06-17,EURCHF,EURCHF,1.38
2010-06-18,USDCHF,USDCHF,1.11
2010-06-18,EURCHF,EURCHF,1.37
2010-06-21,USDCHF,USDCHF,1.11
2010-06-21,EURCHF,EURCHF,1.37
2010-06-22,USDCHF,USDCHF,1.11
2010-06-22,EURCHF,EURCHF,1.36
2010-06-23,USDCHF,USDCHF,1.11
2010-06-23,EURCHF,EURCHF,1.36
2010-06-24,USDCHF,USDCHF,1.1
2010-06-24,EURCHF,EURCHF,1.36
2010-06-25,USDCHF,USDCHF,1.1
2010-06-25,EURCHF,EURCHF,1.35
2010-06-28,USDCHF,USDCHF,1.08
2010-06-28,EURCHF,EURCHF,1.34
2010-06-29,USDCHF,USDCHF,1.08
2010-06-29,EURCHF,EURCHF,1.32
2010-06-30,USDCHF,USDCHF,1.08
2010-06-30,EURCHF,EURCHF,1.32
2010-07-01,USDCHF,USDCHF,1.06
2010-07-01,EURCHF,EURCHF,1.32
2010-07-02,USDCHF,USDCHF,1.07
2010-07-02,EURCHF,EURCHF,1.34
2010-07-05,USDCHF,USDCHF,1.06
2010-07-05,EURCHF,EURCHF,1.33
2010-07-06,USDCHF,USDCHF,1.06
2010-07-06,EURCHF,EURCHF,1.34
2010-07-07,USDCHF,USDCHF,1.05
2010-07-07,EURCHF,EURCHF,1.33
2010-07-08,USDCHF,USDCHF,1.05
2010-07-08,EURCHF,EURCHF,1.33
2010-07-09,USDCHF,USDCHF,1.06
2010-07-09,EURCHF,EURCHF,1.34
2010-07-12,USDCHF,USDCHF,1.06
2010-07-12,EURCHF,EURCHF,1.34
2010-07-13,USDCHF,USDCHF,1.05
2010-07-13,EURCHF,EURCHF,1.34
2010-07-14,USDCHF,USDCHF,1.06
2010-07-14,EURCHF,EURCHF,1.34
2010-07-15,USDCHF,USDCHF,1.04
2010-07-15,EURCHF,EURCHF,1.34
2010-07-16,USDCHF,USDCHF,1.05
2010-07-16,EURCHF,EURCHF,1.36
2010-07-19,USDCHF,USDCHF,1.05
2010-07-19,EURCHF,EURCHF,1.36
2010-07-20,USDCHF,USDCHF,1.05
2010-07-20,EURCHF,EURCHF,1.35
2010-07-21,USDCHF,USDCHF,1.05
2010-07-21,EURCHF,EURCHF,1.35
2010-07-22,USDCHF,USDCHF,1.04
2010-07-22,EURCHF,EURCHF,1.35
2010-07-23,USDCHF,USDCHF,1.05
2010-07-23,EURCHF,EURCHF,1.35
2010-07-26,USDCHF,USDCHF,1.05
2010-07-26,EURCHF,EURCHF,1.36
2010-07-27,USDCHF,USDCHF,1.06
2010-07-27,EURCHF,EURCHF,1.38
2010-07-28,USDCHF,USDCHF,1.06
2010-07-28,EURCHF,EURCHF,1.37
2010-07-29,USDCHF,USDCHF,1.04
2010-07-29,EURCHF,EURCHF,1.36
2010-07-30,USDCHF,USDCHF,1.05
2010-07-30,EURCHF,EURCHF,1.36
2010-08-02,USDCHF,USDCHF,1.04
2010-08-02,EURCHF,EURCHF,1.37
2010-08-03,USDCHF,USDCHF,1.04
2010-08-03,EURCHF,EURCHF,1.37
2010-08-04,USDCHF,USDCHF,1.05
2010-08-04,EURCHF,EURCHF,1.38
2010-08-05,USDCHF,USDCHF,1.05
2010-08-05,EURCHF,EURCHF,1.38
2010-08-06,USDCHF,USDCHF,1.04
2010-08-06,EURCHF,EURCHF,1.38
2010-08-09,USDCHF,USDCHF,1.04
2010-08-09,EURCHF,EURCHF,1.38
2010-08-10,USDCHF,USDCHF,1.06
2010-08-10,EURCHF,EURCHF,1.39
2010-08-11,USDCHF,USDCHF,1.06
2010-08-11,EURCHF,EURCHF,1.36
2010-08-12,USDCHF,USDCHF,1.05
2010-08-12,EURCHF,EURCHF,1.35
2010-08-13,USDCHF,USDCHF,1.05
2010-08-13,EURCHF,EURCHF,1.34
2010-08-16,USDCHF,USDCHF,1.04
2010-08-16,EURCHF,EURCHF,1.33
2010-08-17,USDCHF,USDCHF,1.04
2010-08-17,EURCHF,EURCHF,1.34
2010-08-18,USDCHF,USDCHF,1.04
2010-08-18,EURCHF,EURCHF,1.34
2010-08-19,USDCHF,USDCHF,1.03
2010-08-19,EURCHF,EURCHF,1.32
2010-08-20,USDCHF,USDCHF,1.04
2010-08-20,EURCHF,EURCHF,1.31
2010-08-23,USDCHF,USDCHF,1.04
2010-08-23,EURCHF,EURCHF,1.32
2010-08-24,USDCHF,USDCHF,1.03
2010-08-24,EURCHF,EURCHF,1.31
2010-08-25,USDCHF,USDCHF,1.03
2010-08-25,EURCHF,EURCHF,1.3
2010-08-26,USDCHF,USDCHF,1.02
2010-08-26,EURCHF,EURCHF,1.31
2010-08-27,USDCHF,USDCHF,1.03
2010-08-27,EURCHF,EURCHF,1.31
2010-08-30,USDCHF,USDCHF,1.02
2010-08-30,EURCHF,EURCHF,1.3
2010-08-31,USDCHF,USDCHF,1.01
2010-08-31,EURCHF,EURCHF,1.29
2010-09-01,USDCHF,USDCHF,1.02
2010-09-01,EURCHF,EURCHF,1.3
2010-09-02,USDCHF,USDCHF,1.01
2010-09-02,EURCHF,EURCHF,1.3
2010-09-03,USDCHF,USDCHF,1.02
2010-09-03,EURCHF,EURCHF,1.31
2010-09-06,USDCHF,USDCHF,1.01
2010-09-06,EURCHF,EURCHF,1.3
2010-09-07,USDCHF,USDCHF,1.01
2010-09-07,EURCHF,EURCHF,1.29
2010-09-08,USDCHF,USDCHF,1.01
2010-09-08,EURCHF,EURCHF,1.29
2010-09-09,USDCHF,USDCHF,1.01
2010-09-09,EURCHF,EURCHF,1.29
2010-09-10,USDCHF,USDCHF,1.02
2010-09-10,EURCHF,EURCHF,1.3
2010-09-13,USDCHF,USDCHF,1.01
2010-09-13,EURCHF,EURCHF,1.3
2010-09-14,USDCHF,USDCHF,1.0
2010-09-14,EURCHF,EURCHF,1.29
2010-09-15,USDCHF,USDCHF,1.0
2010-09-15,EURCHF,EURCHF,1.3
2010-09-16,USDCHF,USDCHF,1.01
2010-09-16,EURCHF,EURCHF,1.33
2010-09-17,USDCHF,USDCHF,1.01
2010-09-17,EURCHF,EURCHF,1.32
2010-09-20,USDCHF,USDCHF,1.0
2010-09-20,EURCHF,EURCHF,1.31
2010-09-21,USDCHF,USDCHF,1.0
2010-09-21,EURCHF,EURCHF,1.32
2010-09-22,USDCHF,USDCHF,0.99
2010-09-22,EURCHF,EURCHF,1.32
2010-09-23,USDCHF,USDCHF,0.98
2010-09-23,EURCHF,EURCHF,1.31
2010-09-24,USDCHF,USDCHF,0.98
2010-09-24,EURCHF,EURCHF,1.32
2010-09-27,USDCHF,USDCHF,0.98
2010-09-27,EURCHF,EURCHF,1.32
2010-09-28,USDCHF,USDCHF,0.98
2010-09-28,EURCHF,EURCHF,1.32
2010-09-29,USDCHF,USDCHF,0.98
2010-09-29,EURCHF,EURCHF,1.33
2010-09-30,USDCHF,USDCHF,0.98
2010-09-30,EURCHF,EURCHF,1.33
2010-10-01,USDCHF,USDCHF,0.98
2010-10-01,EURCHF,EURCHF,1.34
2010-10-04,USDCHF,USDCHF,0.97
2010-10-04,EURCHF,EURCHF,1.33
2010-10-05,USDCHF,USDCHF,0.97
2010-10-05,EURCHF,EURCHF,1.34
2010-10-06,USDCHF,USDCHF,0.96
2010-10-06,EURCHF,EURCHF,1.34
2010-10-07,USDCHF,USDCHF,0.97
2010-10-07,EURCHF,EURCHF,1.35
2010-10-08,USDCHF,USDCHF,0.96
2010-10-08,EURCHF,EURCHF,1.34
2010-10-11,USDCHF,USDCHF,0.97
2010-10-11,EURCHF,EURCHF,1.34
2010-10-12,USDCHF,USDCHF,0.96
2010-10-12,EURCHF,EURCHF,1.33
2010-10-13,USDCHF,USDCHF,0.96
2010-10-13,EURCHF,EURCHF,1.34
2010-10-14,USDCHF,USDCHF,0.95
2010-10-14,EURCHF,EURCHF,1.34
2010-10-15,USDCHF,USDCHF,0.96
2010-10-15,EURCHF,EURCHF,1.34
2010-10-18,USDCHF,USDCHF,0.95
2010-10-18,EURCHF,EURCHF,1.33
2010-10-19,USDCHF,USDCHF,0.97
2010-10-19,EURCHF,EURCHF,1.34
2010-10-20,USDCHF,USDCHF,0.96
2010-10-20,EURCHF,EURCHF,1.34
2010-10-21,USDCHF,USDCHF,0.96
2010-10-21,EURCHF,EURCHF,1.35
2010-10-22,USDCHF,USDCHF,0.98
2010-10-22,EURCHF,EURCHF,1.36
2010-10-25,USDCHF,USDCHF,0.97
2010-10-25,EURCHF,EURCHF,1.36
2010-10-26,USDCHF,USDCHF,0.98
2010-10-26,EURCHF,EURCHF,1.37
2010-10-27,USDCHF,USDCHF,0.99
2010-10-27,EURCHF,EURCHF,1.36
2010-10-28,USDCHF,USDCHF,0.98
2010-10-28,EURCHF,EURCHF,1.37
2010-10-29,USDCHF,USDCHF,0.98
2010-10-29,EURCHF,EURCHF,1.37
2010-11-01,USDCHF,USDCHF,0.99
2010-11-01,EURCHF,EURCHF,1.38
2010-11-02,USDCHF,USDCHF,0.98
2010-11-02,EURCHF,EURCHF,1.37
2010-11-03,USDCHF,USDCHF,0.98
2010-11-03,EURCHF,EURCHF,1.37
2010-11-04,USDCHF,USDCHF,0.96
2010-11-04,EURCHF,EURCHF,1.37
2010-11-05,USDCHF,USDCHF,0.96
2010-11-05,EURCHF,EURCHF,1.34
2010-11-08,USDCHF,USDCHF,0.97
2010-11-08,EURCHF,EURCHF,1.34
2010-11-09,USDCHF,USDCHF,0.96
2010-11-09,EURCHF,EURCHF,1.34
2010-11-10,USDCHF,USDCHF,0.97
2010-11-10,EURCHF,EURCHF,1.33
2010-11-11,USDCHF,USDCHF,0.97
2010-11-11,EURCHF,EURCHF,1.33
2010-11-12,USDCHF,USDCHF,0.98
2010-11-12,EURCHF,EURCHF,1.34
2010-11-15,USDCHF,USDCHF,0.99
2010-11-15,EURCHF,EURCHF,1.34
2010-11-16,USDCHF,USDCHF,0.99
2010-11-16,EURCHF,EURCHF,1.34
2010-11-17,USDCHF,USDCHF,0.99
2010-11-17,EURCHF,EURCHF,1.34
2010-11-18,USDCHF,USDCHF,1.0
2010-11-18,EURCHF,EURCHF,1.35
2010-11-19,USDCHF,USDCHF,1.0
2010-11-19,EURCHF,EURCHF,1.36
2010-11-22,USDCHF,USDCHF,0.99
2010-11-22,EURCHF,EURCHF,1.35
2010-11-23,USDCHF,USDCHF,0.99
2010-11-23,EURCHF,EURCHF,1.33
2010-11-24,USDCHF,USDCHF,0.99
2010-11-24,EURCHF,EURCHF,1.33
2010-11-25,USDCHF,USDCHF,1.0
2010-11-25,EURCHF,EURCHF,1.34
2010-11-26,USDCHF,USDCHF,1.0
2010-11-26,EURCHF,EURCHF,1.33
2010-11-29,USDCHF,USDCHF,1.0
2010-11-29,EURCHF,EURCHF,1.31
2010-11-30,USDCHF,USDCHF,1.0
2010-11-30,EURCHF,EURCHF,1.3
2010-12-01,USDCHF,USDCHF,1.0
2010-12-01,EURCHF,EURCHF,1.31
2010-12-02,USDCHF,USDCHF,1.0
2010-12-02,EURCHF,EURCHF,1.31
2010-12-03,USDCHF,USDCHF,0.98
2010-12-03,EURCHF,EURCHF,1.31
2010-12-06,USDCHF,USDCHF,0.98
2010-12-06,EURCHF,EURCHF,1.31
2010-12-07,USDCHF,USDCHF,0.98
2010-12-07,EURCHF,EURCHF,1.31
2010-12-08,USDCHF,USDCHF,0.99
2010-12-08,EURCHF,EURCHF,1.31
2010-12-09,USDCHF,USDCHF,0.99
2010-12-09,EURCHF,EURCHF,1.3
2010-12-10,USDCHF,USDCHF,0.98
2010-12-10,EURCHF,EURCHF,1.3
2010-12-13,USDCHF,USDCHF,0.97
2010-12-13,EURCHF,EURCHF,1.3
2010-12-14,USDCHF,USDCHF,0.96
2010-12-14,EURCHF,EURCHF,1.29
2010-12-15,USDCHF,USDCHF,0.96
2010-12-15,EURCHF,EURCHF,1.28
2010-12-16,USDCHF,USDCHF,0.97
2010-12-16,EURCHF,EURCHF,1.28
2010-12-17,USDCHF,USDCHF,0.97
2010-12-17,EURCHF,EURCHF,1.28
2010-12-20,USDCHF,USDCHF,0.96
2010-12-20,EURCHF,EURCHF,1.26
2010-12-21,USDCHF,USDCHF,0.96
2010-12-21,EURCHF,EURCHF,1.26
2010-12-22,USDCHF,USDCHF,0.95
2010-12-22,EURCHF,EURCHF,1.25
2010-12-23,USDCHF,USDCHF,0.96
2010-12-23,EURCHF,EURCHF,1.26
2010-12-24,USDCHF,USDCHF,0.96
2010-12-24,EURCHF,EURCHF,1.26
2010-12-27,USDCHF,USDCHF,0.96
2010-12-27,EURCHF,EURCHF,1.27
2010-12-28,USDCHF,USDCHF,0.95
2010-12-28,EURCHF,EURCHF,1.25
2010-12-29,USDCHF,USDCHF,0.95
2010-12-29,EURCHF,EURCHF,1.25
2010-12-30,USDCHF,USDCHF,0.94
2010-12-30,EURCHF,EURCHF,1.24
2010-12-31,USDCHF,USDCHF,0.93
2010-12-31,EURCHF,EURCHF,1.25
2011-01-03,USDCHF,USDCHF,0.93
2011-01-03,EURCHF,EURCHF,1.25
2011-01-04,USDCHF,USDCHF,0.95
2011-01-04,EURCHF,EURCHF,1.26
2011-01-05,USDCHF,USDCHF,0.97
2011-01-05,EURCHF,EURCHF,1.27
2011-01-06,USDCHF,USDCHF,0.96
2011-01-06,EURCHF,EURCHF,1.26
2011-01-07,USDCHF,USDCHF,0.96
2011-01-07,EURCHF,EURCHF,1.25
2011-01-10,USDCHF,USDCHF,0.97
2011-01-10,EURCHF,EURCHF,1.25
2011-01-11,USDCHF,USDCHF,0.98
2011-01-11,EURCHF,EURCHF,1.26
2011-01-12,USDCHF,USDCHF,0.97
2011-01-12,EURCHF,EURCHF,1.27
2011-01-13,USDCHF,USDCHF,0.96
2011-01-13,EURCHF,EURCHF,1.29
2011-01-14,USDCHF,USDCHF,0.96
2011-01-14,EURCHF,EURCHF,1.29
2011-01-17,USDCHF,USDCHF,0.96
2011-01-17,EURCHF,EURCHF,1.28
2011-01-18,USDCHF,USDCHF,0.96
2011-01-18,EURCHF,EURCHF,1.29
2011-01-19,USDCHF,USDCHF,0.96
2011-01-19,EURCHF,EURCHF,1.29
2011-01-20,USDCHF,USDCHF,0.97
2011-01-20,EURCHF,EURCHF,1.3
2011-01-21,USDCHF,USDCHF,0.96
2011-01-21,EURCHF,EURCHF,1.3
2011-01-24,USDCHF,USDCHF,0.95
2011-01-24,EURCHF,EURCHF,1.3
2011-01-25,USDCHF,USDCHF,0.94
2011-01-25,EURCHF,EURCHF,1.29
2011-01-26,USDCHF,USDCHF,0.94
2011-01-26,EURCHF,EURCHF,1.29
2011-01-27,USDCHF,USDCHF,0.95
2011-01-27,EURCHF,EURCHF,1.3
2011-01-28,USDCHF,USDCHF,0.94
2011-01-28,EURCHF,EURCHF,1.28
2011-01-31,USDCHF,USDCHF,0.94
2011-01-31,EURCHF,EURCHF,1.29
2011-02-01,USDCHF,USDCHF,0.94
2011-02-01,EURCHF,EURCHF,1.3
2011-02-02,USDCHF,USDCHF,0.94
2011-02-02,EURCHF,EURCHF,1.29
2011-02-03,USDCHF,USDCHF,0.95
2011-02-03,EURCHF,EURCHF,1.29
2011-02-04,USDCHF,USDCHF,0.96
2011-02-04,EURCHF,EURCHF,1.3
2011-02-07,USDCHF,USDCHF,0.96
2011-02-07,EURCHF,EURCHF,1.3
2011-02-08,USDCHF,USDCHF,0.96
2011-02-08,EURCHF,EURCHF,1.31
2011-02-09,USDCHF,USDCHF,0.96
2011-02-09,EURCHF,EURCHF,1.32
2011-02-10,USDCHF,USDCHF,0.97
2011-02-10,EURCHF,EURCHF,1.31
2011-02-11,USDCHF,USDCHF,0.97
2011-02-11,EURCHF,EURCHF,1.32
2011-02-14,USDCHF,USDCHF,0.97
2011-02-14,EURCHF,EURCHF,1.31
2011-02-15,USDCHF,USDCHF,0.97
2011-02-15,EURCHF,EURCHF,1.31
2011-02-16,USDCHF,USDCHF,0.97
2011-02-16,EURCHF,EURCHF,1.31
2011-02-17,USDCHF,USDCHF,0.95
2011-02-17,EURCHF,EURCHF,1.29
2011-02-18,USDCHF,USDCHF,0.95
2011-02-18,EURCHF,EURCHF,1.3
2011-02-21,USDCHF,USDCHF,0.95
2011-02-21,EURCHF,EURCHF,1.29
2011-02-22,USDCHF,USDCHF,0.94
2011-02-22,EURCHF,EURCHF,1.29
2011-02-23,USDCHF,USDCHF,0.93
2011-02-23,EURCHF,EURCHF,1.29
2011-02-24,USDCHF,USDCHF,0.93
2011-02-24,EURCHF,EURCHF,1.28
2011-02-25,USDCHF,USDCHF,0.93
2011-02-25,EURCHF,EURCHF,1.28
2011-02-28,USDCHF,USDCHF,0.93
2011-02-28,EURCHF,EURCHF,1.28
2011-03-01,USDCHF,USDCHF,0.93
2011-03-01,EURCHF,EURCHF,1.29
2011-03-02,USDCHF,USDCHF,0.92
2011-03-02,EURCHF,EURCHF,1.28
2011-03-03,USDCHF,USDCHF,0.93
2011-03-03,EURCHF,EURCHF,1.3
2011-03-04,USDCHF,USDCHF,0.93
2011-03-04,EURCHF,EURCHF,1.3
2011-03-07,USDCHF,USDCHF,0.92
2011-03-07,EURCHF,EURCHF,1.3
2011-03-08,USDCHF,USDCHF,0.93
2011-03-08,EURCHF,EURCHF,1.3
2011-03-09,USDCHF,USDCHF,0.93
2011-03-09,EURCHF,EURCHF,1.29
2011-03-10,USDCHF,USDCHF,0.93
2011-03-10,EURCHF,EURCHF,1.29
2011-03-11,USDCHF,USDCHF,0.93
2011-03-11,EURCHF,EURCHF,1.28
2011-03-14,USDCHF,USDCHF,0.93
2011-03-14,EURCHF,EURCHF,1.29
2011-03-15,USDCHF,USDCHF,0.92
2011-03-15,EURCHF,EURCHF,1.28
2011-03-16,USDCHF,USDCHF,0.91
2011-03-16,EURCHF,EURCHF,1.27
2011-03-17,USDCHF,USDCHF,0.9
2011-03-17,EURCHF,EURCHF,1.26
2011-03-18,USDCHF,USDCHF,0.9
2011-03-18,EURCHF,EURCHF,1.28
2011-03-21,USDCHF,USDCHF,0.91
2011-03-21,EURCHF,EURCHF,1.28
2011-03-22,USDCHF,USDCHF,0.9
2011-03-22,EURCHF,EURCHF,1.29
2011-03-23,USDCHF,USDCHF,0.91
2011-03-23,EURCHF,EURCHF,1.28
2011-03-24,USDCHF,USDCHF,0.91
2011-03-24,EURCHF,EURCHF,1.29
2011-03-25,USDCHF,USDCHF,0.91
2011-03-25,EURCHF,EURCHF,1.29
2011-03-28,USDCHF,USDCHF,0.92
2011-03-28,EURCHF,EURCHF,1.29
2011-03-29,USDCHF,USDCHF,0.92
2011-03-29,EURCHF,EURCHF,1.29
2011-03-30,USDCHF,USDCHF,0.92
2011-03-30,EURCHF,EURCHF,1.3
2011-03-31,USDCHF,USDCHF,0.91
2011-03-31,EURCHF,EURCHF,1.3
2011-04-01,USDCHF,USDCHF,0.93
2011-04-01,EURCHF,EURCHF,1.31
2011-04-04,USDCHF,USDCHF,0.92
2011-04-04,EURCHF,EURCHF,1.31
2011-04-05,USDCHF,USDCHF,0.92
2011-04-05,EURCHF,EURCHF,1.31
2011-04-06,USDCHF,USDCHF,0.92
2011-04-06,EURCHF,EURCHF,1.31
2011-04-07,USDCHF,USDCHF,0.92
2011-04-07,EURCHF,EURCHF,1.31
2011-04-08,USDCHF,USDCHF,0.91
2011-04-08,EURCHF,EURCHF,1.32
2011-04-11,USDCHF,USDCHF,0.91
2011-04-11,EURCHF,EURCHF,1.31
2011-04-12,USDCHF,USDCHF,0.9
2011-04-12,EURCHF,EURCHF,1.3
2011-04-13,USDCHF,USDCHF,0.89
2011-04-13,EURCHF,EURCHF,1.3
2011-04-14,USDCHF,USDCHF,0.89
2011-04-14,EURCHF,EURCHF,1.29
2011-04-15,USDCHF,USDCHF,0.9
2011-04-15,EURCHF,EURCHF,1.29
2011-04-18,USDCHF,USDCHF,0.9
2011-04-18,EURCHF,EURCHF,1.28
2011-04-19,USDCHF,USDCHF,0.9
2011-04-19,EURCHF,EURCHF,1.29
2011-04-20,USDCHF,USDCHF,0.89
2011-04-20,EURCHF,EURCHF,1.29
2011-04-21,USDCHF,USDCHF,0.88
2011-04-21,EURCHF,EURCHF,1.29
2011-04-22,USDCHF,USDCHF,0.88
2011-04-22,EURCHF,EURCHF,1.29
2011-04-25,USDCHF,USDCHF,0.88
2011-04-25,EURCHF,EURCHF,1.28
2011-04-26,USDCHF,USDCHF,0.88
2011-04-26,EURCHF,EURCHF,1.29
2011-04-27,USDCHF,USDCHF,0.88
2011-04-27,EURCHF,EURCHF,1.29
2011-04-28,USDCHF,USDCHF,0.87
2011-04-28,EURCHF,EURCHF,1.29
2011-04-29,USDCHF,USDCHF,0.87
2011-04-29,EURCHF,EURCHF,1.29
2011-05-02,USDCHF,USDCHF,0.86
2011-05-02,EURCHF,EURCHF,1.29
2011-05-03,USDCHF,USDCHF,0.86
2011-05-03,EURCHF,EURCHF,1.28
2011-05-04,USDCHF,USDCHF,0.86
2011-05-04,EURCHF,EURCHF,1.28
2011-05-05,USDCHF,USDCHF,0.87
2011-05-05,EURCHF,EURCHF,1.27
2011-05-06,USDCHF,USDCHF,0.87
2011-05-06,EURCHF,EURCHF,1.27
2011-05-09,USDCHF,USDCHF,0.88
2011-05-09,EURCHF,EURCHF,1.25
2011-05-10,USDCHF,USDCHF,0.88
2011-05-10,EURCHF,EURCHF,1.26
2011-05-11,USDCHF,USDCHF,0.88
2011-05-11,EURCHF,EURCHF,1.26
2011-05-12,USDCHF,USDCHF,0.89
2011-05-12,EURCHF,EURCHF,1.26
2011-05-13,USDCHF,USDCHF,0.89
2011-05-13,EURCHF,EURCHF,1.26
2011-05-16,USDCHF,USDCHF,0.88
2011-05-16,EURCHF,EURCHF,1.25
2011-05-17,USDCHF,USDCHF,0.88
2011-05-17,EURCHF,EURCHF,1.25
2011-05-18,USDCHF,USDCHF,0.88
2011-05-18,EURCHF,EURCHF,1.25
2011-05-19,USDCHF,USDCHF,0.88
2011-05-19,EURCHF,EURCHF,1.26
2011-05-20,USDCHF,USDCHF,0.88
2011-05-20,EURCHF,EURCHF,1.24
2011-05-23,USDCHF,USDCHF,0.88
2011-05-23,EURCHF,EURCHF,1.24
2011-05-24,USDCHF,USDCHF,0.88
2011-05-24,EURCHF,EURCHF,1.24
2011-05-25,USDCHF,USDCHF,0.87
2011-05-25,EURCHF,EURCHF,1.23
2011-05-26,USDCHF,USDCHF,0.87
2011-05-26,EURCHF,EURCHF,1.22
2011-05-27,USDCHF,USDCHF,0.85
2011-05-27,EURCHF,EURCHF,1.22
2011-05-30,USDCHF,USDCHF,0.85
2011-05-30,EURCHF,EURCHF,1.22
2011-05-31,USDCHF,USDCHF,0.85
2011-05-31,EURCHF,EURCHF,1.23
2011-06-01,USDCHF,USDCHF,0.84
2011-06-01,EURCHF,EURCHF,1.21
2011-06-02,USDCHF,USDCHF,0.84
2011-06-02,EURCHF,EURCHF,1.22
2011-06-03,USDCHF,USDCHF,0.84
2011-06-03,EURCHF,EURCHF,1.22
2011-06-06,USDCHF,USDCHF,0.84
2011-06-06,EURCHF,EURCHF,1.22
2011-06-07,USDCHF,USDCHF,0.84
2011-06-07,EURCHF,EURCHF,1.23
2011-06-08,USDCHF,USDCHF,0.84
2011-06-08,EURCHF,EURCHF,1.22
2011-06-09,USDCHF,USDCHF,0.84
2011-06-09,EURCHF,EURCHF,1.22
2011-06-10,USDCHF,USDCHF,0.84
2011-06-10,EURCHF,EURCHF,1.21
2011-06-13,USDCHF,USDCHF,0.84
2011-06-13,EURCHF,EURCHF,1.2
2011-06-14,USDCHF,USDCHF,0.84
2011-06-14,EURCHF,EURCHF,1.22
2011-06-15,USDCHF,USDCHF,0.85
2011-06-15,EURCHF,EURCHF,1.21
2011-06-16,USDCHF,USDCHF,0.85
2011-06-16,EURCHF,EURCHF,1.2
2011-06-17,USDCHF,USDCHF,0.85
2011-06-17,EURCHF,EURCHF,1.21
2011-06-20,USDCHF,USDCHF,0.84
2011-06-20,EURCHF,EURCHF,1.2
2011-06-21,USDCHF,USDCHF,0.84
2011-06-21,EURCHF,EURCHF,1.21
2011-06-22,USDCHF,USDCHF,0.84
2011-06-22,EURCHF,EURCHF,1.21
2011-06-23,USDCHF,USDCHF,0.84
2011-06-23,EURCHF,EURCHF,1.19
2011-06-24,USDCHF,USDCHF,0.84
2011-06-24,EURCHF,EURCHF,1.19
2011-06-27,USDCHF,USDCHF,0.83
2011-06-27,EURCHF,EURCHF,1.19
2011-06-28,USDCHF,USDCHF,0.83
2011-06-28,EURCHF,EURCHF,1.19
2011-06-29,USDCHF,USDCHF,0.84
2011-06-29,EURCHF,EURCHF,1.2
2011-06-30,USDCHF,USDCHF,0.84
2011-06-30,EURCHF,EURCHF,1.22
2011-07-01,USDCHF,USDCHF,0.85
2011-07-01,EURCHF,EURCHF,1.23
2011-07-04,USDCHF,USDCHF,0.85
2011-07-04,EURCHF,EURCHF,1.23
2011-07-05,USDCHF,USDCHF,0.85
2011-07-05,EURCHF,EURCHF,1.22
2011-07-06,USDCHF,USDCHF,0.84
2011-07-06,EURCHF,EURCHF,1.2
2011-07-07,USDCHF,USDCHF,0.84
2011-07-07,EURCHF,EURCHF,1.21
2011-07-08,USDCHF,USDCHF,0.84
2011-07-08,EURCHF,EURCHF,1.19
2011-07-11,USDCHF,USDCHF,0.83
2011-07-11,EURCHF,EURCHF,1.17
2011-07-12,USDCHF,USDCHF,0.83
2011-07-12,EURCHF,EURCHF,1.17
2011-07-13,USDCHF,USDCHF,0.82
2011-07-13,EURCHF,EURCHF,1.17
2011-07-14,USDCHF,USDCHF,0.82
2011-07-14,EURCHF,EURCHF,1.16
2011-07-15,USDCHF,USDCHF,0.82
2011-07-15,EURCHF,EURCHF,1.15
2011-07-18,USDCHF,USDCHF,0.82
2011-07-18,EURCHF,EURCHF,1.15
2011-07-19,USDCHF,USDCHF,0.82
2011-07-19,EURCHF,EURCHF,1.16
2011-07-20,USDCHF,USDCHF,0.82
2011-07-20,EURCHF,EURCHF,1.16
2011-07-21,USDCHF,USDCHF,0.82
2011-07-21,EURCHF,EURCHF,1.18
2011-07-22,USDCHF,USDCHF,0.82
2011-07-22,EURCHF,EURCHF,1.17
2011-07-25,USDCHF,USDCHF,0.81
2011-07-25,EURCHF,EURCHF,1.16
2011-07-26,USDCHF,USDCHF,0.8
2011-07-26,EURCHF,EURCHF,1.16
2011-07-27,USDCHF,USDCHF,0.8
2011-07-27,EURCHF,EURCHF,1.15
2011-07-28,USDCHF,USDCHF,0.8
2011-07-28,EURCHF,EURCHF,1.15
2011-07-29,USDCHF,USDCHF,0.79
2011-07-29,EURCHF,EURCHF,1.13
2011-08-01,USDCHF,USDCHF,0.78
2011-08-01,EURCHF,EURCHF,1.11
2011-08-02,USDCHF,USDCHF,0.77
2011-08-02,EURCHF,EURCHF,1.1
2011-08-03,USDCHF,USDCHF,0.77
2011-08-03,EURCHF,EURCHF,1.1
2011-08-04,USDCHF,USDCHF,0.77
2011-08-04,EURCHF,EURCHF,1.09
2011-08-05,USDCHF,USDCHF,0.76
2011-08-05,EURCHF,EURCHF,1.08
2011-08-08,USDCHF,USDCHF,0.76
2011-08-08,EURCHF,EURCHF,1.08
2011-08-09,USDCHF,USDCHF,0.74
2011-08-09,EURCHF,EURCHF,1.05
2011-08-10,USDCHF,USDCHF,0.73
2011-08-10,EURCHF,EURCHF,1.03
2011-08-11,USDCHF,USDCHF,0.76
2011-08-11,EURCHF,EURCHF,1.09
2011-08-12,USDCHF,USDCHF,0.77
2011-08-12,EURCHF,EURCHF,1.1
2011-08-15,USDCHF,USDCHF,0.78
2011-08-15,EURCHF,EURCHF,1.13
2011-08-16,USDCHF,USDCHF,0.79
2011-08-16,EURCHF,EURCHF,1.14
2011-08-17,USDCHF,USDCHF,0.79
2011-08-17,EURCHF,EURCHF,1.15
2011-08-18,USDCHF,USDCHF,0.79
2011-08-18,EURCHF,EURCHF,1.13
2011-08-19,USDCHF,USDCHF,0.79
2011-08-19,EURCHF,EURCHF,1.13
2011-08-22,USDCHF,USDCHF,0.79
2011-08-22,EURCHF,EURCHF,1.13
2011-08-23,USDCHF,USDCHF,0.79
2011-08-23,EURCHF,EURCHF,1.14
2011-08-24,USDCHF,USDCHF,0.79
2011-08-24,EURCHF,EURCHF,1.14
2011-08-25,USDCHF,USDCHF,0.8
2011-08-25,EURCHF,EURCHF,1.15
2011-08-26,USDCHF,USDCHF,0.81
2011-08-26,EURCHF,EURCHF,1.16
2011-08-29,USDCHF,USDCHF,0.82
2011-08-29,EURCHF,EURCHF,1.19
2011-08-30,USDCHF,USDCHF,0.82
2011-08-30,EURCHF,EURCHF,1.18
2011-08-31,USDCHF,USDCHF,0.81
2011-08-31,EURCHF,EURCHF,1.16
2011-09-01,USDCHF,USDCHF,0.8
2011-09-01,EURCHF,EURCHF,1.13
2011-09-02,USDCHF,USDCHF,0.78
2011-09-02,EURCHF,EURCHF,1.11
2011-09-05,USDCHF,USDCHF,0.79
2011-09-05,EURCHF,EURCHF,1.11
2011-09-06,USDCHF,USDCHF,0.86
2011-09-06,EURCHF,EURCHF,1.2
2011-09-07,USDCHF,USDCHF,0.86
2011-09-07,EURCHF,EURCHF,1.21
2011-09-08,USDCHF,USDCHF,0.87
2011-09-08,EURCHF,EURCHF,1.22
2011-09-09,USDCHF,USDCHF,0.88
2011-09-09,EURCHF,EURCHF,1.21
2011-09-12,USDCHF,USDCHF,0.88
2011-09-12,EURCHF,EURCHF,1.2
2011-09-13,USDCHF,USDCHF,0.88
2011-09-13,EURCHF,EURCHF,1.2
2011-09-14,USDCHF,USDCHF,0.88
2011-09-14,EURCHF,EURCHF,1.2
2011-09-15,USDCHF,USDCHF,0.87
2011-09-15,EURCHF,EURCHF,1.2
2011-09-16,USDCHF,USDCHF,0.88
2011-09-16,EURCHF,EURCHF,1.21
2011-09-19,USDCHF,USDCHF,0.89
2011-09-19,EURCHF,EURCHF,1.21
2011-09-20,USDCHF,USDCHF,0.89
2011-09-20,EURCHF,EURCHF,1.21
2011-09-21,USDCHF,USDCHF,0.9
2011-09-21,EURCHF,EURCHF,1.23
2011-09-22,USDCHF,USDCHF,0.91
2011-09-22,EURCHF,EURCHF,1.22
2011-09-23,USDCHF,USDCHF,0.9
2011-09-23,EURCHF,EURCHF,1.22
2011-09-26,USDCHF,USDCHF,0.9
2011-09-26,EURCHF,EURCHF,1.22
2011-09-27,USDCHF,USDCHF,0.89
2011-09-27,EURCHF,EURCHF,1.22
2011-09-28,USDCHF,USDCHF,0.9
2011-09-28,EURCHF,EURCHF,1.22
2011-09-29,USDCHF,USDCHF,0.89
2011-09-29,EURCHF,EURCHF,1.22
2011-09-30,USDCHF,USDCHF,0.91
2011-09-30,EURCHF,EURCHF,1.22
2011-10-03,USDCHF,USDCHF,0.92
2011-10-03,EURCHF,EURCHF,1.22
2011-10-04,USDCHF,USDCHF,0.92
2011-10-04,EURCHF,EURCHF,1.22
2011-10-05,USDCHF,USDCHF,0.92
2011-10-05,EURCHF,EURCHF,1.23
2011-10-06,USDCHF,USDCHF,0.92
2011-10-06,EURCHF,EURCHF,1.23
2011-10-07,USDCHF,USDCHF,0.92
2011-10-07,EURCHF,EURCHF,1.23
2011-10-10,USDCHF,USDCHF,0.9
2011-10-10,EURCHF,EURCHF,1.23
2011-10-11,USDCHF,USDCHF,0.91
2011-10-11,EURCHF,EURCHF,1.24
2011-10-12,USDCHF,USDCHF,0.89
2011-10-12,EURCHF,EURCHF,1.23
2011-10-13,USDCHF,USDCHF,0.9
2011-10-13,EURCHF,EURCHF,1.24
2011-10-14,USDCHF,USDCHF,0.89
2011-10-14,EURCHF,EURCHF,1.24
2011-10-17,USDCHF,USDCHF,0.9
2011-10-17,EURCHF,EURCHF,1.24
2011-10-18,USDCHF,USDCHF,0.9
2011-10-18,EURCHF,EURCHF,1.24
2011-10-19,USDCHF,USDCHF,0.9
2011-10-19,EURCHF,EURCHF,1.24
2011-10-20,USDCHF,USDCHF,0.9
2011-10-20,EURCHF,EURCHF,1.23
2011-10-21,USDCHF,USDCHF,0.88
2011-10-21,EURCHF,EURCHF,1.23
2011-10-24,USDCHF,USDCHF,0.88
2011-10-24,EURCHF,EURCHF,1.23
2011-10-25,USDCHF,USDCHF,0.88
2011-10-25,EURCHF,EURCHF,1.22
2011-10-26,USDCHF,USDCHF,0.88
2011-10-26,EURCHF,EURCHF,1.22
2011-10-27,USDCHF,USDCHF,0.86
2011-10-27,EURCHF,EURCHF,1.22
2011-10-28,USDCHF,USDCHF,0.86
2011-10-28,EURCHF,EURCHF,1.22
2011-10-31,USDCHF,USDCHF,0.87
2011-10-31,EURCHF,EURCHF,1.21
2011-11-01,USDCHF,USDCHF,0.89
2011-11-01,EURCHF,EURCHF,1.22
2011-11-02,USDCHF,USDCHF,0.88
2011-11-02,EURCHF,EURCHF,1.22
2011-11-03,USDCHF,USDCHF,0.88
2011-11-03,EURCHF,EURCHF,1.21
2011-11-04,USDCHF,USDCHF,0.89
2011-11-04,EURCHF,EURCHF,1.22
2011-11-07,USDCHF,USDCHF,0.9
2011-11-07,EURCHF,EURCHF,1.24
2011-11-08,USDCHF,USDCHF,0.9
2011-11-08,EURCHF,EURCHF,1.24
2011-11-09,USDCHF,USDCHF,0.91
2011-11-09,EURCHF,EURCHF,1.23
2011-11-10,USDCHF,USDCHF,0.91
2011-11-10,EURCHF,EURCHF,1.23
2011-11-11,USDCHF,USDCHF,0.9
2011-11-11,EURCHF,EURCHF,1.23
2011-11-14,USDCHF,USDCHF,0.91
2011-11-14,EURCHF,EURCHF,1.24
2011-11-15,USDCHF,USDCHF,0.92
2011-11-15,EURCHF,EURCHF,1.24
2011-11-16,USDCHF,USDCHF,0.92
2011-11-16,EURCHF,EURCHF,1.24
2011-11-17,USDCHF,USDCHF,0.92
2011-11-17,EURCHF,EURCHF,1.24
2011-11-18,USDCHF,USDCHF,0.92
2011-11-18,EURCHF,EURCHF,1.24
2011-11-21,USDCHF,USDCHF,0.92
2011-11-21,EURCHF,EURCHF,1.24
2011-11-22,USDCHF,USDCHF,0.91
2011-11-22,EURCHF,EURCHF,1.23
2011-11-23,USDCHF,USDCHF,0.92
2011-11-23,EURCHF,EURCHF,1.23
2011-11-24,USDCHF,USDCHF,0.92
2011-11-24,EURCHF,EURCHF,1.23
2011-11-25,USDCHF,USDCHF,0.93
2011-11-25,EURCHF,EURCHF,1.24
2011-11-28,USDCHF,USDCHF,0.92
2011-11-28,EURCHF,EURCHF,1.23
2011-11-29,USDCHF,USDCHF,0.92
2011-11-29,EURCHF,EURCHF,1.23
2011-11-30,USDCHF,USDCHF,0.91
2011-11-30,EURCHF,EURCHF,1.23
2011-12-01,USDCHF,USDCHF,0.91
2011-12-01,EURCHF,EURCHF,1.23
2011-12-02,USDCHF,USDCHF,0.92
2011-12-02,EURCHF,EURCHF,1.23
2011-12-05,USDCHF,USDCHF,0.92
2011-12-05,EURCHF,EURCHF,1.24
2011-12-06,USDCHF,USDCHF,0.93
2011-12-06,EURCHF,EURCHF,1.24
2011-12-07,USDCHF,USDCHF,0.93
2011-12-07,EURCHF,EURCHF,1.24
2011-12-08,USDCHF,USDCHF,0.93
2011-12-08,EURCHF,EURCHF,1.24
2011-12-09,USDCHF,USDCHF,0.92
2011-12-09,EURCHF,EURCHF,1.23
2011-12-12,USDCHF,USDCHF,0.93
2011-12-12,EURCHF,EURCHF,1.23
2011-12-13,USDCHF,USDCHF,0.94
2011-12-13,EURCHF,EURCHF,1.23
2011-12-14,USDCHF,USDCHF,0.95
2011-12-14,EURCHF,EURCHF,1.23
2011-12-15,USDCHF,USDCHF,0.94
2011-12-15,EURCHF,EURCHF,1.22
2011-12-16,USDCHF,USDCHF,0.94
2011-12-16,EURCHF,EURCHF,1.22
2011-12-19,USDCHF,USDCHF,0.94
2011-12-19,EURCHF,EURCHF,1.22
2011-12-20,USDCHF,USDCHF,0.93
2011-12-20,EURCHF,EURCHF,1.22
2011-12-21,USDCHF,USDCHF,0.94
2011-12-21,EURCHF,EURCHF,1.22
2011-12-22,USDCHF,USDCHF,0.94
2011-12-22,EURCHF,EURCHF,1.22
2011-12-23,USDCHF,USDCHF,0.94
2011-12-23,EURCHF,EURCHF,1.22
2011-12-26,USDCHF,USDCHF,0.94
2011-12-26,EURCHF,EURCHF,1.22
2011-12-27,USDCHF,USDCHF,0.93
2011-12-27,EURCHF,EURCHF,1.22
2011-12-28,USDCHF,USDCHF,0.94
2011-12-28,EURCHF,EURCHF,1.22
2011-12-29,USDCHF,USDCHF,0.94
2011-12-29,EURCHF,EURCHF,1.22
2011-12-30,USDCHF,USDCHF,0.94
2011-12-30,EURCHF,EURCHF,1.21
2012-01-02,USDCHF,USDCHF,0.94
2012-01-02,EURCHF,EURCHF,1.21
2012-01-03,USDCHF,USDCHF,0.93
2012-01-03,EURCHF,EURCHF,1.22
2012-01-04,USDCHF,USDCHF,0.94
2012-01-04,EURCHF,EURCHF,1.22
2012-01-05,USDCHF,USDCHF,0.95
2012-01-05,EURCHF,EURCHF,1.22
2012-01-06,USDCHF,USDCHF,0.96
2012-01-06,EURCHF,EURCHF,1.22
2012-01-09,USDCHF,USDCHF,0.95
2012-01-09,EURCHF,EURCHF,1.21
2012-01-10,USDCHF,USDCHF,0.95
2012-01-10,EURCHF,EURCHF,1.21
2012-01-11,USDCHF,USDCHF,0.96
2012-01-11,EURCHF,EURCHF,1.21
2012-01-12,USDCHF,USDCHF,0.95
2012-01-12,EURCHF,EURCHF,1.21
2012-01-13,USDCHF,USDCHF,0.96
2012-01-13,EURCHF,EURCHF,1.21
2012-01-16,USDCHF,USDCHF,0.95
2012-01-16,EURCHF,EURCHF,1.21
2012-01-17,USDCHF,USDCHF,0.95
2012-01-17,EURCHF,EURCHF,1.21
2012-01-18,USDCHF,USDCHF,0.94
2012-01-18,EURCHF,EURCHF,1.21
2012-01-19,USDCHF,USDCHF,0.94
2012-01-19,EURCHF,EURCHF,1.21
2012-01-20,USDCHF,USDCHF,0.93
2012-01-20,EURCHF,EURCHF,1.21
2012-01-23,USDCHF,USDCHF,0.93
2012-01-23,EURCHF,EURCHF,1.21
2012-01-24,USDCHF,USDCHF,0.93
2012-01-24,EURCHF,EURCHF,1.21
2012-01-25,USDCHF,USDCHF,0.93
2012-01-25,EURCHF,EURCHF,1.21
2012-01-26,USDCHF,USDCHF,0.92
2012-01-26,EURCHF,EURCHF,1.21
2012-01-27,USDCHF,USDCHF,0.92
2012-01-27,EURCHF,EURCHF,1.21
2012-01-30,USDCHF,USDCHF,0.92
2012-01-30,EURCHF,EURCHF,1.2
2012-01-31,USDCHF,USDCHF,0.92
2012-01-31,EURCHF,EURCHF,1.2
2012-02-01,USDCHF,USDCHF,0.91
2012-02-01,EURCHF,EURCHF,1.2
2012-02-02,USDCHF,USDCHF,0.91
2012-02-02,EURCHF,EURCHF,1.2
2012-02-03,USDCHF,USDCHF,0.92
2012-02-03,EURCHF,EURCHF,1.21
2012-02-06,USDCHF,USDCHF,0.92
2012-02-06,EURCHF,EURCHF,1.21
2012-02-07,USDCHF,USDCHF,0.91
2012-02-07,EURCHF,EURCHF,1.21
2012-02-08,USDCHF,USDCHF,0.91
2012-02-08,EURCHF,EURCHF,1.21
2012-02-09,USDCHF,USDCHF,0.91
2012-02-09,EURCHF,EURCHF,1.21
2012-02-10,USDCHF,USDCHF,0.92
2012-02-10,EURCHF,EURCHF,1.21
2012-02-13,USDCHF,USDCHF,0.91
2012-02-13,EURCHF,EURCHF,1.21
2012-02-14,USDCHF,USDCHF,0.92
2012-02-14,EURCHF,EURCHF,1.21
2012-02-15,USDCHF,USDCHF,0.92
2012-02-15,EURCHF,EURCHF,1.21
2012-02-16,USDCHF,USDCHF,0.93
2012-02-16,EURCHF,EURCHF,1.21
2012-02-17,USDCHF,USDCHF,0.92
2012-02-17,EURCHF,EURCHF,1.21
2012-02-20,USDCHF,USDCHF,0.91
2012-02-20,EURCHF,EURCHF,1.21
2012-02-21,USDCHF,USDCHF,0.91
2012-02-21,EURCHF,EURCHF,1.21
2012-02-22,USDCHF,USDCHF,0.91
2012-02-22,EURCHF,EURCHF,1.21
2012-02-23,USDCHF,USDCHF,0.91
2012-02-23,EURCHF,EURCHF,1.21
2012-02-24,USDCHF,USDCHF,0.9
2012-02-24,EURCHF,EURCHF,1.21
2012-02-27,USDCHF,USDCHF,0.9
2012-02-27,EURCHF,EURCHF,1.2
2012-02-28,USDCHF,USDCHF,0.9
2012-02-28,EURCHF,EURCHF,1.21
2012-02-29,USDCHF,USDCHF,0.9
2012-02-29,EURCHF,EURCHF,1.21
2012-03-01,USDCHF,USDCHF,0.9
2012-03-01,EURCHF,EURCHF,1.21
2012-03-02,USDCHF,USDCHF,0.91
2012-03-02,EURCHF,EURCHF,1.21
2012-03-05,USDCHF,USDCHF,0.91
2012-03-05,EURCHF,EURCHF,1.21
2012-03-06,USDCHF,USDCHF,0.92
2012-03-06,EURCHF,EURCHF,1.21
2012-03-07,USDCHF,USDCHF,0.92
2012-03-07,EURCHF,EURCHF,1.21
2012-03-08,USDCHF,USDCHF,0.91
2012-03-08,EURCHF,EURCHF,1.21
2012-03-09,USDCHF,USDCHF,0.92
2012-03-09,EURCHF,EURCHF,1.21
2012-03-12,USDCHF,USDCHF,0.92
2012-03-12,EURCHF,EURCHF,1.21
2012-03-13,USDCHF,USDCHF,0.92
2012-03-13,EURCHF,EURCHF,1.21
2012-03-14,USDCHF,USDCHF,0.93
2012-03-14,EURCHF,EURCHF,1.21
2012-03-15,USDCHF,USDCHF,0.92
2012-03-15,EURCHF,EURCHF,1.21
2012-03-16,USDCHF,USDCHF,0.92
2012-03-16,EURCHF,EURCHF,1.21
2012-03-19,USDCHF,USDCHF,0.91
2012-03-19,EURCHF,EURCHF,1.21
2012-03-20,USDCHF,USDCHF,0.91
2012-03-20,EURCHF,EURCHF,1.21
2012-03-21,USDCHF,USDCHF,0.91
2012-03-21,EURCHF,EURCHF,1.21
2012-03-22,USDCHF,USDCHF,0.91
2012-03-22,EURCHF,EURCHF,1.21
2012-03-23,USDCHF,USDCHF,0.91
2012-03-23,EURCHF,EURCHF,1.21
2012-03-26,USDCHF,USDCHF,0.9
2012-03-26,EURCHF,EURCHF,1.21
2012-03-27,USDCHF,USDCHF,0.91
2012-03-27,EURCHF,EURCHF,1.21
2012-03-28,USDCHF,USDCHF,0.91
2012-03-28,EURCHF,EURCHF,1.21
2012-03-29,USDCHF,USDCHF,0.91
2012-03-29,EURCHF,EURCHF,1.2
2012-03-30,USDCHF,USDCHF,0.9
2012-03-30,EURCHF,EURCHF,1.2
2012-04-02,USDCHF,USDCHF,0.91
2012-04-02,EURCHF,EURCHF,1.2
2012-04-03,USDCHF,USDCHF,0.9
2012-04-03,EURCHF,EURCHF,1.2
2012-04-04,USDCHF,USDCHF,0.92
2012-04-04,EURCHF,EURCHF,1.2
2012-04-05,USDCHF,USDCHF,0.92
2012-04-05,EURCHF,EURCHF,1.2
2012-04-06,USDCHF,USDCHF,0.92
2012-04-06,EURCHF,EURCHF,1.2
2012-04-09,USDCHF,USDCHF,0.92
2012-04-09,EURCHF,EURCHF,1.2
2012-04-10,USDCHF,USDCHF,0.92
2012-04-10,EURCHF,EURCHF,1.2
2012-04-11,USDCHF,USDCHF,0.92
2012-04-11,EURCHF,EURCHF,1.2
2012-04-12,USDCHF,USDCHF,0.91
2012-04-12,EURCHF,EURCHF,1.2
2012-04-13,USDCHF,USDCHF,0.92
2012-04-13,EURCHF,EURCHF,1.2
2012-04-16,USDCHF,USDCHF,0.92
2012-04-16,EURCHF,EURCHF,1.2
2012-04-17,USDCHF,USDCHF,0.91
2012-04-17,EURCHF,EURCHF,1.2
2012-04-18,USDCHF,USDCHF,0.92
2012-04-18,EURCHF,EURCHF,1.2
2012-04-19,USDCHF,USDCHF,0.91
2012-04-19,EURCHF,EURCHF,1.2
2012-04-20,USDCHF,USDCHF,0.91
2012-04-20,EURCHF,EURCHF,1.2
2012-04-23,USDCHF,USDCHF,0.92
2012-04-23,EURCHF,EURCHF,1.2
2012-04-24,USDCHF,USDCHF,0.91
2012-04-24,EURCHF,EURCHF,1.2
2012-04-25,USDCHF,USDCHF,0.91
2012-04-25,EURCHF,EURCHF,1.2
2012-04-26,USDCHF,USDCHF,0.91
2012-04-26,EURCHF,EURCHF,1.2
2012-04-27,USDCHF,USDCHF,0.91
2012-04-27,EURCHF,EURCHF,1.2
2012-04-30,USDCHF,USDCHF,0.91
2012-04-30,EURCHF,EURCHF,1.2
2012-05-01,USDCHF,USDCHF,0.91
2012-05-01,EURCHF,EURCHF,1.2
2012-05-02,USDCHF,USDCHF,0.91
2012-05-02,EURCHF,EURCHF,1.2
2012-05-03,USDCHF,USDCHF,0.91
2012-05-03,EURCHF,EURCHF,1.2
2012-05-04,USDCHF,USDCHF,0.92
2012-05-04,EURCHF,EURCHF,1.2
2012-05-07,USDCHF,USDCHF,0.92
2012-05-07,EURCHF,EURCHF,1.2
2012-05-08,USDCHF,USDCHF,0.92
2012-05-08,EURCHF,EURCHF,1.2
2012-05-09,USDCHF,USDCHF,0.93
2012-05-09,EURCHF,EURCHF,1.2
2012-05-10,USDCHF,USDCHF,0.93
2012-05-10,EURCHF,EURCHF,1.2
2012-05-11,USDCHF,USDCHF,0.93
2012-05-11,EURCHF,EURCHF,1.2
2012-05-14,USDCHF,USDCHF,0.94
2012-05-14,EURCHF,EURCHF,1.2
2012-05-15,USDCHF,USDCHF,0.94
2012-05-15,EURCHF,EURCHF,1.2
2012-05-16,USDCHF,USDCHF,0.94
2012-05-16,EURCHF,EURCHF,1.2
2012-05-17,USDCHF,USDCHF,0.95
2012-05-17,EURCHF,EURCHF,1.2
2012-05-18,USDCHF,USDCHF,0.94
2012-05-18,EURCHF,EURCHF,1.2
2012-05-21,USDCHF,USDCHF,0.94
2012-05-21,EURCHF,EURCHF,1.2
2012-05-22,USDCHF,USDCHF,0.94
2012-05-22,EURCHF,EURCHF,1.2
2012-05-23,USDCHF,USDCHF,0.95
2012-05-23,EURCHF,EURCHF,1.2
2012-05-24,USDCHF,USDCHF,0.96
2012-05-24,EURCHF,EURCHF,1.2
2012-05-25,USDCHF,USDCHF,0.96
2012-05-25,EURCHF,EURCHF,1.2
2012-05-28,USDCHF,USDCHF,0.96
2012-05-28,EURCHF,EURCHF,1.2
2012-05-29,USDCHF,USDCHF,0.96
2012-05-29,EURCHF,EURCHF,1.2
2012-05-30,USDCHF,USDCHF,0.97
2012-05-30,EURCHF,EURCHF,1.2
2012-05-31,USDCHF,USDCHF,0.97
2012-05-31,EURCHF,EURCHF,1.2
2012-06-01,USDCHF,USDCHF,0.97
2012-06-01,EURCHF,EURCHF,1.2
2012-06-04,USDCHF,USDCHF,0.96
2012-06-04,EURCHF,EURCHF,1.2
2012-06-05,USDCHF,USDCHF,0.96
2012-06-05,EURCHF,EURCHF,1.2
2012-06-06,USDCHF,USDCHF,0.96
2012-06-06,EURCHF,EURCHF,1.2
2012-06-07,USDCHF,USDCHF,0.96
2012-06-07,EURCHF,EURCHF,1.2
2012-06-08,USDCHF,USDCHF,0.96
2012-06-08,EURCHF,EURCHF,1.2
2012-06-11,USDCHF,USDCHF,0.96
2012-06-11,EURCHF,EURCHF,1.2
2012-06-12,USDCHF,USDCHF,0.96
2012-06-12,EURCHF,EURCHF,1.2
2012-06-13,USDCHF,USDCHF,0.96
2012-06-13,EURCHF,EURCHF,1.2
2012-06-14,USDCHF,USDCHF,0.95
2012-06-14,EURCHF,EURCHF,1.2
2012-06-15,USDCHF,USDCHF,0.95
2012-06-15,EURCHF,EURCHF,1.2
2012-06-18,USDCHF,USDCHF,0.95
2012-06-18,EURCHF,EURCHF,1.2
2012-06-19,USDCHF,USDCHF,0.95
2012-06-19,EURCHF,EURCHF,1.2
2012-06-20,USDCHF,USDCHF,0.95
2012-06-20,EURCHF,EURCHF,1.2
2012-06-21,USDCHF,USDCHF,0.95
2012-06-21,EURCHF,EURCHF,1.2
2012-06-22,USDCHF,USDCHF,0.96
2012-06-22,EURCHF,EURCHF,1.2
2012-06-25,USDCHF,USDCHF,0.96
2012-06-25,EURCHF,EURCHF,1.2
2012-06-26,USDCHF,USDCHF,0.96
2012-06-26,EURCHF,EURCHF,1.2
2012-06-27,USDCHF,USDCHF,0.96
2012-06-27,EURCHF,EURCHF,1.2
2012-06-28,USDCHF,USDCHF,0.97
2012-06-28,EURCHF,EURCHF,1.2
2012-06-29,USDCHF,USDCHF,0.95
2012-06-29,EURCHF,EURCHF,1.2
2012-07-02,USDCHF,USDCHF,0.95
2012-07-02,EURCHF,EURCHF,1.2
2012-07-03,USDCHF,USDCHF,0.95
2012-07-03,EURCHF,EURCHF,1.2
2012-07-04,USDCHF,USDCHF,0.96
2012-07-04,EURCHF,EURCHF,1.2
2012-07-05,USDCHF,USDCHF,0.97
2012-07-05,EURCHF,EURCHF,1.2
2012-07-06,USDCHF,USDCHF,0.98
2012-07-06,EURCHF,EURCHF,1.2
2012-07-09,USDCHF,USDCHF,0.98
2012-07-09,EURCHF,EURCHF,1.2
2012-07-10,USDCHF,USDCHF,0.98
2012-07-10,EURCHF,EURCHF,1.2
2012-07-11,USDCHF,USDCHF,0.98
2012-07-11,EURCHF,EURCHF,1.2
2012-07-12,USDCHF,USDCHF,0.99
2012-07-12,EURCHF,EURCHF,1.2
2012-07-13,USDCHF,USDCHF,0.98
2012-07-13,EURCHF,EURCHF,1.2
2012-07-16,USDCHF,USDCHF,0.98
2012-07-16,EURCHF,EURCHF,1.2
2012-07-17,USDCHF,USDCHF,0.98
2012-07-17,EURCHF,EURCHF,1.2
2012-07-18,USDCHF,USDCHF,0.98
2012-07-18,EURCHF,EURCHF,1.2
2012-07-19,USDCHF,USDCHF,0.98
2012-07-19,EURCHF,EURCHF,1.2
2012-07-20,USDCHF,USDCHF,0.99
2012-07-20,EURCHF,EURCHF,1.2
2012-07-23,USDCHF,USDCHF,0.99
2012-07-23,EURCHF,EURCHF,1.2
2012-07-24,USDCHF,USDCHF,0.99
2012-07-24,EURCHF,EURCHF,1.2
2012-07-25,USDCHF,USDCHF,0.99
2012-07-25,EURCHF,EURCHF,1.2
2012-07-26,USDCHF,USDCHF,0.98
2012-07-26,EURCHF,EURCHF,1.2
2012-07-27,USDCHF,USDCHF,0.97
2012-07-27,EURCHF,EURCHF,1.2
2012-07-30,USDCHF,USDCHF,0.98
2012-07-30,EURCHF,EURCHF,1.2
2012-07-31,USDCHF,USDCHF,0.98
2012-07-31,EURCHF,EURCHF,1.2
2012-08-01,USDCHF,USDCHF,0.98
2012-08-01,EURCHF,EURCHF,1.2
2012-08-02,USDCHF,USDCHF,0.99
2012-08-02,EURCHF,EURCHF,1.2
2012-08-03,USDCHF,USDCHF,0.97
2012-08-03,EURCHF,EURCHF,1.2
2012-08-06,USDCHF,USDCHF,0.97
2012-08-06,EURCHF,EURCHF,1.2
2012-08-07,USDCHF,USDCHF,0.97
2012-08-07,EURCHF,EURCHF,1.2
2012-08-08,USDCHF,USDCHF,0.97
2012-08-08,EURCHF,EURCHF,1.2
2012-08-09,USDCHF,USDCHF,0.98
2012-08-09,EURCHF,EURCHF,1.2
2012-08-10,USDCHF,USDCHF,0.98
2012-08-10,EURCHF,EURCHF,1.2
2012-08-13,USDCHF,USDCHF,0.97
2012-08-13,EURCHF,EURCHF,1.2
2012-08-14,USDCHF,USDCHF,0.97
2012-08-14,EURCHF,EURCHF,1.2
2012-08-15,USDCHF,USDCHF,0.98
2012-08-15,EURCHF,EURCHF,1.2
2012-08-16,USDCHF,USDCHF,0.97
2012-08-16,EURCHF,EURCHF,1.2
2012-08-17,USDCHF,USDCHF,0.98
2012-08-17,EURCHF,EURCHF,1.2
2012-08-20,USDCHF,USDCHF,0.97
2012-08-20,EURCHF,EURCHF,1.2
2012-08-21,USDCHF,USDCHF,0.96
2012-08-21,EURCHF,EURCHF,1.2
2012-08-22,USDCHF,USDCHF,0.96
2012-08-22,EURCHF,EURCHF,1.2
2012-08-23,USDCHF,USDCHF,0.95
2012-08-23,EURCHF,EURCHF,1.2
2012-08-24,USDCHF,USDCHF,0.96
2012-08-24,EURCHF,EURCHF,1.2
2012-08-27,USDCHF,USDCHF,0.96
2012-08-27,EURCHF,EURCHF,1.2
2012-08-28,USDCHF,USDCHF,0.96
2012-08-28,EURCHF,EURCHF,1.2
2012-08-29,USDCHF,USDCHF,0.96
2012-08-29,EURCHF,EURCHF,1.2
2012-08-30,USDCHF,USDCHF,0.96
2012-08-30,EURCHF,EURCHF,1.2
2012-08-31,USDCHF,USDCHF,0.95
2012-08-31,EURCHF,EURCHF,1.2
2012-09-03,USDCHF,USDCHF,0.95
2012-09-03,EURCHF,EURCHF,1.2
2012-09-04,USDCHF,USDCHF,0.96
2012-09-04,EURCHF,EURCHF,1.2
2012-09-05,USDCHF,USDCHF,0.96
2012-09-05,EURCHF,EURCHF,1.2
2012-09-06,USDCHF,USDCHF,0.95
2012-09-06,EURCHF,EURCHF,1.21
2012-09-07,USDCHF,USDCHF,0.94
2012-09-07,EURCHF,EURCHF,1.21
2012-09-10,USDCHF,USDCHF,0.95
2012-09-10,EURCHF,EURCHF,1.21
2012-09-11,USDCHF,USDCHF,0.94
2012-09-11,EURCHF,EURCHF,1.21
2012-09-12,USDCHF,USDCHF,0.94
2012-09-12,EURCHF,EURCHF,1.21
2012-09-13,USDCHF,USDCHF,0.94
2012-09-13,EURCHF,EURCHF,1.21
2012-09-14,USDCHF,USDCHF,0.93
2012-09-14,EURCHF,EURCHF,1.22
2012-09-17,USDCHF,USDCHF,0.93
2012-09-17,EURCHF,EURCHF,1.22
2012-09-18,USDCHF,USDCHF,0.93
2012-09-18,EURCHF,EURCHF,1.21
2012-09-19,USDCHF,USDCHF,0.93
2012-09-19,EURCHF,EURCHF,1.21
2012-09-20,USDCHF,USDCHF,0.93
2012-09-20,EURCHF,EURCHF,1.21
2012-09-21,USDCHF,USDCHF,0.93
2012-09-21,EURCHF,EURCHF,1.21
2012-09-24,USDCHF,USDCHF,0.94
2012-09-24,EURCHF,EURCHF,1.21
2012-09-25,USDCHF,USDCHF,0.93
2012-09-25,EURCHF,EURCHF,1.21
2012-09-26,USDCHF,USDCHF,0.94
2012-09-26,EURCHF,EURCHF,1.21
2012-09-27,USDCHF,USDCHF,0.94
2012-09-27,EURCHF,EURCHF,1.21
2012-09-28,USDCHF,USDCHF,0.94
2012-09-28,EURCHF,EURCHF,1.21
2012-10-01,USDCHF,USDCHF,0.94
2012-10-01,EURCHF,EURCHF,1.21
2012-10-02,USDCHF,USDCHF,0.94
2012-10-02,EURCHF,EURCHF,1.21
2012-10-03,USDCHF,USDCHF,0.94
2012-10-03,EURCHF,EURCHF,1.21
2012-10-04,USDCHF,USDCHF,0.93
2012-10-04,EURCHF,EURCHF,1.21
2012-10-05,USDCHF,USDCHF,0.93
2012-10-05,EURCHF,EURCHF,1.21
2012-10-08,USDCHF,USDCHF,0.93
2012-10-08,EURCHF,EURCHF,1.21
2012-10-09,USDCHF,USDCHF,0.94
2012-10-09,EURCHF,EURCHF,1.21
2012-10-10,USDCHF,USDCHF,0.94
2012-10-10,EURCHF,EURCHF,1.21
2012-10-11,USDCHF,USDCHF,0.93
2012-10-11,EURCHF,EURCHF,1.21
2012-10-12,USDCHF,USDCHF,0.93
2012-10-12,EURCHF,EURCHF,1.21
2012-10-15,USDCHF,USDCHF,0.93
2012-10-15,EURCHF,EURCHF,1.21
2012-10-16,USDCHF,USDCHF,0.93
2012-10-16,EURCHF,EURCHF,1.21
2012-10-17,USDCHF,USDCHF,0.92
2012-10-17,EURCHF,EURCHF,1.21
2012-10-18,USDCHF,USDCHF,0.92
2012-10-18,EURCHF,EURCHF,1.21
2012-10-19,USDCHF,USDCHF,0.93
2012-10-19,EURCHF,EURCHF,1.21
2012-10-22,USDCHF,USDCHF,0.93
2012-10-22,EURCHF,EURCHF,1.21
2012-10-23,USDCHF,USDCHF,0.93
2012-10-23,EURCHF,EURCHF,1.21
2012-10-24,USDCHF,USDCHF,0.93
2012-10-24,EURCHF,EURCHF,1.21
2012-10-25,USDCHF,USDCHF,0.93
2012-10-25,EURCHF,EURCHF,1.21
2012-10-26,USDCHF,USDCHF,0.94
2012-10-26,EURCHF,EURCHF,1.21
2012-10-29,USDCHF,USDCHF,0.94
2012-10-29,EURCHF,EURCHF,1.21
2012-10-30,USDCHF,USDCHF,0.93
2012-10-30,EURCHF,EURCHF,1.21
2012-10-31,USDCHF,USDCHF,0.93
2012-10-31,EURCHF,EURCHF,1.21
2012-11-01,USDCHF,USDCHF,0.93
2012-11-01,EURCHF,EURCHF,1.21
2012-11-02,USDCHF,USDCHF,0.94
2012-11-02,EURCHF,EURCHF,1.21
2012-11-05,USDCHF,USDCHF,0.94
2012-11-05,EURCHF,EURCHF,1.21
2012-11-06,USDCHF,USDCHF,0.94
2012-11-06,EURCHF,EURCHF,1.21
2012-11-07,USDCHF,USDCHF,0.95
2012-11-07,EURCHF,EURCHF,1.21
2012-11-08,USDCHF,USDCHF,0.95
2012-11-08,EURCHF,EURCHF,1.21
2012-11-09,USDCHF,USDCHF,0.95
2012-11-09,EURCHF,EURCHF,1.21
2012-11-12,USDCHF,USDCHF,0.95
2012-11-12,EURCHF,EURCHF,1.21
2012-11-13,USDCHF,USDCHF,0.95
2012-11-13,EURCHF,EURCHF,1.2
2012-11-14,USDCHF,USDCHF,0.95
2012-11-14,EURCHF,EURCHF,1.2
2012-11-15,USDCHF,USDCHF,0.94
2012-11-15,EURCHF,EURCHF,1.2
2012-11-16,USDCHF,USDCHF,0.95
2012-11-16,EURCHF,EURCHF,1.2
2012-11-19,USDCHF,USDCHF,0.94
2012-11-19,EURCHF,EURCHF,1.2
2012-11-20,USDCHF,USDCHF,0.94
2012-11-20,EURCHF,EURCHF,1.21
2012-11-21,USDCHF,USDCHF,0.94
2012-11-21,EURCHF,EURCHF,1.2
2012-11-22,USDCHF,USDCHF,0.94
2012-11-22,EURCHF,EURCHF,1.2
2012-11-23,USDCHF,USDCHF,0.93
2012-11-23,EURCHF,EURCHF,1.2
2012-11-26,USDCHF,USDCHF,0.93
2012-11-26,EURCHF,EURCHF,1.2
2012-11-27,USDCHF,USDCHF,0.93
2012-11-27,EURCHF,EURCHF,1.2
2012-11-28,USDCHF,USDCHF,0.93
2012-11-28,EURCHF,EURCHF,1.2
2012-11-29,USDCHF,USDCHF,0.93
2012-11-29,EURCHF,EURCHF,1.2
2012-11-30,USDCHF,USDCHF,0.93
2012-11-30,EURCHF,EURCHF,1.2
2012-12-03,USDCHF,USDCHF,0.92
2012-12-03,EURCHF,EURCHF,1.21
2012-12-04,USDCHF,USDCHF,0.93
2012-12-04,EURCHF,EURCHF,1.21
2012-12-05,USDCHF,USDCHF,0.93
2012-12-05,EURCHF,EURCHF,1.21
2012-12-06,USDCHF,USDCHF,0.93
2012-12-06,EURCHF,EURCHF,1.21
2012-12-07,USDCHF,USDCHF,0.93
2012-12-07,EURCHF,EURCHF,1.21
2012-12-10,USDCHF,USDCHF,0.93
2012-12-10,EURCHF,EURCHF,1.21
2012-12-11,USDCHF,USDCHF,0.93
2012-12-11,EURCHF,EURCHF,1.21
2012-12-12,USDCHF,USDCHF,0.93
2012-12-12,EURCHF,EURCHF,1.21
2012-12-13,USDCHF,USDCHF,0.92
2012-12-13,EURCHF,EURCHF,1.21
2012-12-14,USDCHF,USDCHF,0.92
2012-12-14,EURCHF,EURCHF,1.21
2012-12-17,USDCHF,USDCHF,0.92
2012-12-17,EURCHF,EURCHF,1.21
2012-12-18,USDCHF,USDCHF,0.91
2012-12-18,EURCHF,EURCHF,1.21
2012-12-19,USDCHF,USDCHF,0.91
2012-12-19,EURCHF,EURCHF,1.21
2012-12-20,USDCHF,USDCHF,0.91
2012-12-20,EURCHF,EURCHF,1.21
2012-12-21,USDCHF,USDCHF,0.92
2012-12-21,EURCHF,EURCHF,1.21
2012-12-24,USDCHF,USDCHF,0.92
2012-12-24,EURCHF,EURCHF,1.21
2012-12-25,USDCHF,USDCHF,0.92
2012-12-25,EURCHF,EURCHF,1.21
2012-12-26,USDCHF,USDCHF,0.91
2012-12-26,EURCHF,EURCHF,1.21
2012-12-27,USDCHF,USDCHF,0.91
2012-12-27,EURCHF,EURCHF,1.21
2012-12-28,USDCHF,USDCHF,0.91
2012-12-28,EURCHF,EURCHF,1.21
2012-12-31,USDCHF,USDCHF,0.92
2012-12-31,EURCHF,EURCHF,1.21
2013-01-01,USDCHF,USDCHF,0.92
2013-01-01,EURCHF,EURCHF,1.21
2013-01-02,USDCHF,USDCHF,0.91
2013-01-02,EURCHF,EURCHF,1.21
2013-01-03,USDCHF,USDCHF,0.92
2013-01-03,EURCHF,EURCHF,1.21
2013-01-04,USDCHF,USDCHF,0.93
2013-01-04,EURCHF,EURCHF,1.21
2013-01-07,USDCHF,USDCHF,0.92
2013-01-07,EURCHF,EURCHF,1.21
2013-01-08,USDCHF,USDCHF,0.93
2013-01-08,EURCHF,EURCHF,1.21
2013-01-09,USDCHF,USDCHF,0.93
2013-01-09,EURCHF,EURCHF,1.21
2013-01-10,USDCHF,USDCHF,0.92
2013-01-10,EURCHF,EURCHF,1.21
2013-01-11,USDCHF,USDCHF,0.91
2013-01-11,EURCHF,EURCHF,1.22
2013-01-14,USDCHF,USDCHF,0.92
2013-01-14,EURCHF,EURCHF,1.23
2013-01-15,USDCHF,USDCHF,0.93
2013-01-15,EURCHF,EURCHF,1.24
2013-01-16,USDCHF,USDCHF,0.93
2013-01-16,EURCHF,EURCHF,1.24
2013-01-17,USDCHF,USDCHF,0.93
2013-01-17,EURCHF,EURCHF,1.25
2013-01-18,USDCHF,USDCHF,0.94
2013-01-18,EURCHF,EURCHF,1.24
2013-01-21,USDCHF,USDCHF,0.93
2013-01-21,EURCHF,EURCHF,1.24
2013-01-22,USDCHF,USDCHF,0.93
2013-01-22,EURCHF,EURCHF,1.24
2013-01-23,USDCHF,USDCHF,0.93
2013-01-23,EURCHF,EURCHF,1.23
2013-01-24,USDCHF,USDCHF,0.93
2013-01-24,EURCHF,EURCHF,1.24
2013-01-25,USDCHF,USDCHF,0.92
2013-01-25,EURCHF,EURCHF,1.24
2013-01-28,USDCHF,USDCHF,0.93
2013-01-28,EURCHF,EURCHF,1.25
2013-01-29,USDCHF,USDCHF,0.92
2013-01-29,EURCHF,EURCHF,1.24
2013-01-30,USDCHF,USDCHF,0.91
2013-01-30,EURCHF,EURCHF,1.24
2013-01-31,USDCHF,USDCHF,0.91
2013-01-31,EURCHF,EURCHF,1.24
2013-02-01,USDCHF,USDCHF,0.9
2013-02-01,EURCHF,EURCHF,1.24
2013-02-04,USDCHF,USDCHF,0.91
2013-02-04,EURCHF,EURCHF,1.23
2013-02-05,USDCHF,USDCHF,0.91
2013-02-05,EURCHF,EURCHF,1.23
2013-02-06,USDCHF,USDCHF,0.91
2013-02-06,EURCHF,EURCHF,1.23
2013-02-07,USDCHF,USDCHF,0.92
2013-02-07,EURCHF,EURCHF,1.23
2013-02-08,USDCHF,USDCHF,0.92
2013-02-08,EURCHF,EURCHF,1.23
2013-02-11,USDCHF,USDCHF,0.92
2013-02-11,EURCHF,EURCHF,1.23
2013-02-12,USDCHF,USDCHF,0.92
2013-02-12,EURCHF,EURCHF,1.23
2013-02-13,USDCHF,USDCHF,0.92
2013-02-13,EURCHF,EURCHF,1.24
2013-02-14,USDCHF,USDCHF,0.92
2013-02-14,EURCHF,EURCHF,1.23
2013-02-15,USDCHF,USDCHF,0.92
2013-02-15,EURCHF,EURCHF,1.23
2013-02-18,USDCHF,USDCHF,0.92
2013-02-18,EURCHF,EURCHF,1.23
2013-02-19,USDCHF,USDCHF,0.92
2013-02-19,EURCHF,EURCHF,1.23
2013-02-20,USDCHF,USDCHF,0.92
2013-02-20,EURCHF,EURCHF,1.23
2013-02-21,USDCHF,USDCHF,0.93
2013-02-21,EURCHF,EURCHF,1.23
2013-02-22,USDCHF,USDCHF,0.93
2013-02-22,EURCHF,EURCHF,1.23
2013-02-25,USDCHF,USDCHF,0.93
2013-02-25,EURCHF,EURCHF,1.23
2013-02-26,USDCHF,USDCHF,0.93
2013-02-26,EURCHF,EURCHF,1.22
2013-02-27,USDCHF,USDCHF,0.93
2013-02-27,EURCHF,EURCHF,1.22
2013-02-28,USDCHF,USDCHF,0.93
2013-02-28,EURCHF,EURCHF,1.22
2013-03-01,USDCHF,USDCHF,0.95
2013-03-01,EURCHF,EURCHF,1.23
2013-03-04,USDCHF,USDCHF,0.94
2013-03-04,EURCHF,EURCHF,1.23
2013-03-05,USDCHF,USDCHF,0.94
2013-03-05,EURCHF,EURCHF,1.23
2013-03-06,USDCHF,USDCHF,0.95
2013-03-06,EURCHF,EURCHF,1.23
2013-03-07,USDCHF,USDCHF,0.94
2013-03-07,EURCHF,EURCHF,1.24
2013-03-08,USDCHF,USDCHF,0.95
2013-03-08,EURCHF,EURCHF,1.24
2013-03-11,USDCHF,USDCHF,0.95
2013-03-11,EURCHF,EURCHF,1.24
2013-03-12,USDCHF,USDCHF,0.95
2013-03-12,EURCHF,EURCHF,1.23
2013-03-13,USDCHF,USDCHF,0.95
2013-03-13,EURCHF,EURCHF,1.23
2013-03-14,USDCHF,USDCHF,0.95
2013-03-14,EURCHF,EURCHF,1.23
2013-03-15,USDCHF,USDCHF,0.94
2013-03-15,EURCHF,EURCHF,1.23
2013-03-18,USDCHF,USDCHF,0.95
2013-03-18,EURCHF,EURCHF,1.22
2013-03-19,USDCHF,USDCHF,0.95
2013-03-19,EURCHF,EURCHF,1.22
2013-03-20,USDCHF,USDCHF,0.94
2013-03-20,EURCHF,EURCHF,1.22
2013-03-21,USDCHF,USDCHF,0.95
2013-03-21,EURCHF,EURCHF,1.22
2013-03-22,USDCHF,USDCHF,0.94
2013-03-22,EURCHF,EURCHF,1.22
2013-03-25,USDCHF,USDCHF,0.95
2013-03-25,EURCHF,EURCHF,1.22
2013-03-26,USDCHF,USDCHF,0.95
2013-03-26,EURCHF,EURCHF,1.22
2013-03-27,USDCHF,USDCHF,0.95
2013-03-27,EURCHF,EURCHF,1.22
2013-03-28,USDCHF,USDCHF,0.95
2013-03-28,EURCHF,EURCHF,1.22
2013-03-29,USDCHF,USDCHF,0.95
2013-03-29,EURCHF,EURCHF,1.22
2013-04-01,USDCHF,USDCHF,0.95
2013-04-01,EURCHF,EURCHF,1.22
2013-04-02,USDCHF,USDCHF,0.95
2013-04-02,EURCHF,EURCHF,1.22
2013-04-03,USDCHF,USDCHF,0.95
2013-04-03,EURCHF,EURCHF,1.21
2013-04-04,USDCHF,USDCHF,0.95
2013-04-04,EURCHF,EURCHF,1.22
2013-04-05,USDCHF,USDCHF,0.93
2013-04-05,EURCHF,EURCHF,1.22
2013-04-08,USDCHF,USDCHF,0.93
2013-04-08,EURCHF,EURCHF,1.22
2013-04-09,USDCHF,USDCHF,0.93
2013-04-09,EURCHF,EURCHF,1.22
2013-04-10,USDCHF,USDCHF,0.93
2013-04-10,EURCHF,EURCHF,1.22
2013-04-11,USDCHF,USDCHF,0.93
2013-04-11,EURCHF,EURCHF,1.22
2013-04-12,USDCHF,USDCHF,0.93
2013-04-12,EURCHF,EURCHF,1.22
2013-04-15,USDCHF,USDCHF,0.93
2013-04-15,EURCHF,EURCHF,1.22
2013-04-16,USDCHF,USDCHF,0.93
2013-04-16,EURCHF,EURCHF,1.22
2013-04-17,USDCHF,USDCHF,0.93
2013-04-17,EURCHF,EURCHF,1.21
2013-04-18,USDCHF,USDCHF,0.93
2013-04-18,EURCHF,EURCHF,1.22
2013-04-19,USDCHF,USDCHF,0.93
2013-04-19,EURCHF,EURCHF,1.22
2013-04-22,USDCHF,USDCHF,0.94
2013-04-22,EURCHF,EURCHF,1.22
2013-04-23,USDCHF,USDCHF,0.94
2013-04-23,EURCHF,EURCHF,1.23
2013-04-24,USDCHF,USDCHF,0.95
2013-04-24,EURCHF,EURCHF,1.23
2013-04-25,USDCHF,USDCHF,0.95
2013-04-25,EURCHF,EURCHF,1.23
2013-04-26,USDCHF,USDCHF,0.94
2013-04-26,EURCHF,EURCHF,1.23
2013-04-29,USDCHF,USDCHF,0.94
2013-04-29,EURCHF,EURCHF,1.23
2013-04-30,USDCHF,USDCHF,0.93
2013-04-30,EURCHF,EURCHF,1.22
2013-05-01,USDCHF,USDCHF,0.93
2013-05-01,EURCHF,EURCHF,1.22
2013-05-02,USDCHF,USDCHF,0.93
2013-05-02,EURCHF,EURCHF,1.22
2013-05-03,USDCHF,USDCHF,0.93
2013-05-03,EURCHF,EURCHF,1.23
2013-05-06,USDCHF,USDCHF,0.94
2013-05-06,EURCHF,EURCHF,1.23
2013-05-07,USDCHF,USDCHF,0.94
2013-05-07,EURCHF,EURCHF,1.23
2013-05-08,USDCHF,USDCHF,0.94
2013-05-08,EURCHF,EURCHF,1.23
2013-05-09,USDCHF,USDCHF,0.94
2013-05-09,EURCHF,EURCHF,1.23
2013-05-10,USDCHF,USDCHF,0.96
2013-05-10,EURCHF,EURCHF,1.24
2013-05-13,USDCHF,USDCHF,0.96
2013-05-13,EURCHF,EURCHF,1.24
2013-05-14,USDCHF,USDCHF,0.96
2013-05-14,EURCHF,EURCHF,1.24
2013-05-15,USDCHF,USDCHF,0.97
2013-05-15,EURCHF,EURCHF,1.24
2013-05-16,USDCHF,USDCHF,0.96
2013-05-16,EURCHF,EURCHF,1.24
2013-05-17,USDCHF,USDCHF,0.97
2013-05-17,EURCHF,EURCHF,1.25
2013-05-20,USDCHF,USDCHF,0.97
2013-05-20,EURCHF,EURCHF,1.24
2013-05-21,USDCHF,USDCHF,0.97
2013-05-21,EURCHF,EURCHF,1.25
2013-05-22,USDCHF,USDCHF,0.98
2013-05-22,EURCHF,EURCHF,1.26
2013-05-23,USDCHF,USDCHF,0.97
2013-05-23,EURCHF,EURCHF,1.25
2013-05-24,USDCHF,USDCHF,0.96
2013-05-24,EURCHF,EURCHF,1.24
2013-05-27,USDCHF,USDCHF,0.96
2013-05-27,EURCHF,EURCHF,1.25
2013-05-28,USDCHF,USDCHF,0.98
2013-05-28,EURCHF,EURCHF,1.25
2013-05-29,USDCHF,USDCHF,0.96
2013-05-29,EURCHF,EURCHF,1.25
2013-05-30,USDCHF,USDCHF,0.95
2013-05-30,EURCHF,EURCHF,1.25
2013-05-31,USDCHF,USDCHF,0.96
2013-05-31,EURCHF,EURCHF,1.24
2013-06-03,USDCHF,USDCHF,0.95
2013-06-03,EURCHF,EURCHF,1.24
2013-06-04,USDCHF,USDCHF,0.95
2013-06-04,EURCHF,EURCHF,1.24
2013-06-05,USDCHF,USDCHF,0.94
2013-06-05,EURCHF,EURCHF,1.23
2013-06-06,USDCHF,USDCHF,0.93
2013-06-06,EURCHF,EURCHF,1.23
2013-06-07,USDCHF,USDCHF,0.94
2013-06-07,EURCHF,EURCHF,1.24
2013-06-10,USDCHF,USDCHF,0.94
2013-06-10,EURCHF,EURCHF,1.24
2013-06-11,USDCHF,USDCHF,0.93
2013-06-11,EURCHF,EURCHF,1.23
2013-06-12,USDCHF,USDCHF,0.92
2013-06-12,EURCHF,EURCHF,1.23
2013-06-13,USDCHF,USDCHF,0.92
2013-06-13,EURCHF,EURCHF,1.23
2013-06-14,USDCHF,USDCHF,0.92
2013-06-14,EURCHF,EURCHF,1.23
2013-06-17,USDCHF,USDCHF,0.93
2013-06-17,EURCHF,EURCHF,1.23
2013-06-18,USDCHF,USDCHF,0.92
2013-06-18,EURCHF,EURCHF,1.23
2013-06-19,USDCHF,USDCHF,0.92
2013-06-19,EURCHF,EURCHF,1.23
2013-06-20,USDCHF,USDCHF,0.93
2013-06-20,EURCHF,EURCHF,1.23
2013-06-21,USDCHF,USDCHF,0.93
2013-06-21,EURCHF,EURCHF,1.23
2013-06-24,USDCHF,USDCHF,0.93
2013-06-24,EURCHF,EURCHF,1.22
2013-06-25,USDCHF,USDCHF,0.94
2013-06-25,EURCHF,EURCHF,1.23
2013-06-26,USDCHF,USDCHF,0.94
2013-06-26,EURCHF,EURCHF,1.23
2013-06-27,USDCHF,USDCHF,0.95
2013-06-27,EURCHF,EURCHF,1.23
2013-06-28,USDCHF,USDCHF,0.95
2013-06-28,EURCHF,EURCHF,1.23
2013-07-01,USDCHF,USDCHF,0.95
2013-07-01,EURCHF,EURCHF,1.23
2013-07-02,USDCHF,USDCHF,0.95
2013-07-02,EURCHF,EURCHF,1.24
2013-07-03,USDCHF,USDCHF,0.95
2013-07-03,EURCHF,EURCHF,1.23
2013-07-04,USDCHF,USDCHF,0.96
2013-07-04,EURCHF,EURCHF,1.23
2013-07-05,USDCHF,USDCHF,0.96
2013-07-05,EURCHF,EURCHF,1.23
2013-07-08,USDCHF,USDCHF,0.96
2013-07-08,EURCHF,EURCHF,1.24
2013-07-09,USDCHF,USDCHF,0.97
2013-07-09,EURCHF,EURCHF,1.24
2013-07-10,USDCHF,USDCHF,0.97
2013-07-10,EURCHF,EURCHF,1.24
2013-07-11,USDCHF,USDCHF,0.95
2013-07-11,EURCHF,EURCHF,1.24
2013-07-12,USDCHF,USDCHF,0.95
2013-07-12,EURCHF,EURCHF,1.24
2013-07-15,USDCHF,USDCHF,0.95
2013-07-15,EURCHF,EURCHF,1.24
2013-07-16,USDCHF,USDCHF,0.94
2013-07-16,EURCHF,EURCHF,1.24
2013-07-17,USDCHF,USDCHF,0.94
2013-07-17,EURCHF,EURCHF,1.24
2013-07-18,USDCHF,USDCHF,0.95
2013-07-18,EURCHF,EURCHF,1.24
2013-07-19,USDCHF,USDCHF,0.94
2013-07-19,EURCHF,EURCHF,1.24
2013-07-22,USDCHF,USDCHF,0.94
2013-07-22,EURCHF,EURCHF,1.23
2013-07-23,USDCHF,USDCHF,0.94
2013-07-23,EURCHF,EURCHF,1.24
2013-07-24,USDCHF,USDCHF,0.94
2013-07-24,EURCHF,EURCHF,1.24
2013-07-25,USDCHF,USDCHF,0.93
2013-07-25,EURCHF,EURCHF,1.24
2013-07-26,USDCHF,USDCHF,0.93
2013-07-26,EURCHF,EURCHF,1.23
2013-07-29,USDCHF,USDCHF,0.93
2013-07-29,EURCHF,EURCHF,1.23
2013-07-30,USDCHF,USDCHF,0.93
2013-07-30,EURCHF,EURCHF,1.23
2013-07-31,USDCHF,USDCHF,0.93
2013-07-31,EURCHF,EURCHF,1.23
2013-08-01,USDCHF,USDCHF,0.93
2013-08-01,EURCHF,EURCHF,1.24
2013-08-02,USDCHF,USDCHF,0.93
2013-08-02,EURCHF,EURCHF,1.23
2013-08-05,USDCHF,USDCHF,0.93
2013-08-05,EURCHF,EURCHF,1.23
2013-08-06,USDCHF,USDCHF,0.92
2013-08-06,EURCHF,EURCHF,1.23
2013-08-07,USDCHF,USDCHF,0.92
2013-08-07,EURCHF,EURCHF,1.23
2013-08-08,USDCHF,USDCHF,0.92
2013-08-08,EURCHF,EURCHF,1.23
2013-08-09,USDCHF,USDCHF,0.92
2013-08-09,EURCHF,EURCHF,1.23
2013-08-12,USDCHF,USDCHF,0.93
2013-08-12,EURCHF,EURCHF,1.23
2013-08-13,USDCHF,USDCHF,0.93
2013-08-13,EURCHF,EURCHF,1.24
2013-08-14,USDCHF,USDCHF,0.93
2013-08-14,EURCHF,EURCHF,1.24
2013-08-15,USDCHF,USDCHF,0.93
2013-08-15,EURCHF,EURCHF,1.24
2013-08-16,USDCHF,USDCHF,0.93
2013-08-16,EURCHF,EURCHF,1.23
2013-08-19,USDCHF,USDCHF,0.92
2013-08-19,EURCHF,EURCHF,1.23
2013-08-20,USDCHF,USDCHF,0.92
2013-08-20,EURCHF,EURCHF,1.23
2013-08-21,USDCHF,USDCHF,0.92
2013-08-21,EURCHF,EURCHF,1.23
2013-08-22,USDCHF,USDCHF,0.92
2013-08-22,EURCHF,EURCHF,1.23
2013-08-23,USDCHF,USDCHF,0.92
2013-08-23,EURCHF,EURCHF,1.23
2013-08-26,USDCHF,USDCHF,0.92
2013-08-26,EURCHF,EURCHF,1.23
2013-08-27,USDCHF,USDCHF,0.92
2013-08-27,EURCHF,EURCHF,1.23
2013-08-28,USDCHF,USDCHF,0.92
2013-08-28,EURCHF,EURCHF,1.23
2013-08-29,USDCHF,USDCHF,0.93
2013-08-29,EURCHF,EURCHF,1.23
2013-08-30,USDCHF,USDCHF,0.93
2013-08-30,EURCHF,EURCHF,1.23
2013-09-02,USDCHF,USDCHF,0.93
2013-09-02,EURCHF,EURCHF,1.23
2013-09-03,USDCHF,USDCHF,0.94
2013-09-03,EURCHF,EURCHF,1.23
2013-09-04,USDCHF,USDCHF,0.94
2013-09-04,EURCHF,EURCHF,1.24
2013-09-05,USDCHF,USDCHF,0.94
2013-09-05,EURCHF,EURCHF,1.24
2013-09-06,USDCHF,USDCHF,0.94
2013-09-06,EURCHF,EURCHF,1.24
2013-09-09,USDCHF,USDCHF,0.93
2013-09-09,EURCHF,EURCHF,1.24
2013-09-10,USDCHF,USDCHF,0.93
2013-09-10,EURCHF,EURCHF,1.24
2013-09-11,USDCHF,USDCHF,0.93
2013-09-11,EURCHF,EURCHF,1.24
2013-09-12,USDCHF,USDCHF,0.93
2013-09-12,EURCHF,EURCHF,1.24
2013-09-13,USDCHF,USDCHF,0.93
2013-09-13,EURCHF,EURCHF,1.24
2013-09-16,USDCHF,USDCHF,0.93
2013-09-16,EURCHF,EURCHF,1.24
2013-09-17,USDCHF,USDCHF,0.93
2013-09-17,EURCHF,EURCHF,1.24
2013-09-18,USDCHF,USDCHF,0.93
2013-09-18,EURCHF,EURCHF,1.24
2013-09-19,USDCHF,USDCHF,0.91
2013-09-19,EURCHF,EURCHF,1.23
2013-09-20,USDCHF,USDCHF,0.91
2013-09-20,EURCHF,EURCHF,1.23
2013-09-23,USDCHF,USDCHF,0.91
2013-09-23,EURCHF,EURCHF,1.23
2013-09-24,USDCHF,USDCHF,0.91
2013-09-24,EURCHF,EURCHF,1.23
2013-09-25,USDCHF,USDCHF,0.91
2013-09-25,EURCHF,EURCHF,1.23
2013-09-26,USDCHF,USDCHF,0.91
2013-09-26,EURCHF,EURCHF,1.23
2013-09-27,USDCHF,USDCHF,0.9
2013-09-27,EURCHF,EURCHF,1.22
2013-09-30,USDCHF,USDCHF,0.9
2013-09-30,EURCHF,EURCHF,1.22
2013-10-01,USDCHF,USDCHF,0.91
2013-10-01,EURCHF,EURCHF,1.23
2013-10-02,USDCHF,USDCHF,0.9
2013-10-02,EURCHF,EURCHF,1.23
2013-10-03,USDCHF,USDCHF,0.9
2013-10-03,EURCHF,EURCHF,1.23
2013-10-04,USDCHF,USDCHF,0.9
2013-10-04,EURCHF,EURCHF,1.23
2013-10-07,USDCHF,USDCHF,0.9
2013-10-07,EURCHF,EURCHF,1.23
2013-10-08,USDCHF,USDCHF,0.9
2013-10-08,EURCHF,EURCHF,1.23
2013-10-09,USDCHF,USDCHF,0.91
2013-10-09,EURCHF,EURCHF,1.23
2013-10-10,USDCHF,USDCHF,0.91
2013-10-10,EURCHF,EURCHF,1.23
2013-10-11,USDCHF,USDCHF,0.91
2013-10-11,EURCHF,EURCHF,1.23
2013-10-14,USDCHF,USDCHF,0.91
2013-10-14,EURCHF,EURCHF,1.23
2013-10-15,USDCHF,USDCHF,0.91
2013-10-15,EURCHF,EURCHF,1.24
2013-10-16,USDCHF,USDCHF,0.92
2013-10-16,EURCHF,EURCHF,1.24
2013-10-17,USDCHF,USDCHF,0.9
2013-10-17,EURCHF,EURCHF,1.23
2013-10-18,USDCHF,USDCHF,0.9
2013-10-18,EURCHF,EURCHF,1.23
2013-10-21,USDCHF,USDCHF,0.9
2013-10-21,EURCHF,EURCHF,1.23
2013-10-22,USDCHF,USDCHF,0.9
2013-10-22,EURCHF,EURCHF,1.23
2013-10-23,USDCHF,USDCHF,0.89
2013-10-23,EURCHF,EURCHF,1.23
2013-10-24,USDCHF,USDCHF,0.89
2013-10-24,EURCHF,EURCHF,1.23
2013-10-25,USDCHF,USDCHF,0.89
2013-10-25,EURCHF,EURCHF,1.23
2013-10-28,USDCHF,USDCHF,0.9
2013-10-28,EURCHF,EURCHF,1.23
2013-10-29,USDCHF,USDCHF,0.9
2013-10-29,EURCHF,EURCHF,1.24
2013-10-30,USDCHF,USDCHF,0.9
2013-10-30,EURCHF,EURCHF,1.23
2013-10-31,USDCHF,USDCHF,0.91
2013-10-31,EURCHF,EURCHF,1.23
2013-11-01,USDCHF,USDCHF,0.91
2013-11-01,EURCHF,EURCHF,1.23
2013-11-04,USDCHF,USDCHF,0.91
2013-11-04,EURCHF,EURCHF,1.23
2013-11-05,USDCHF,USDCHF,0.91
2013-11-05,EURCHF,EURCHF,1.23
2013-11-06,USDCHF,USDCHF,0.91
2013-11-06,EURCHF,EURCHF,1.23
2013-11-07,USDCHF,USDCHF,0.92
2013-11-07,EURCHF,EURCHF,1.23
2013-11-08,USDCHF,USDCHF,0.92
2013-11-08,EURCHF,EURCHF,1.23
2013-11-11,USDCHF,USDCHF,0.92
2013-11-11,EURCHF,EURCHF,1.23
2013-11-12,USDCHF,USDCHF,0.92
2013-11-12,EURCHF,EURCHF,1.23
2013-11-13,USDCHF,USDCHF,0.92
2013-11-13,EURCHF,EURCHF,1.23
2013-11-14,USDCHF,USDCHF,0.92
2013-11-14,EURCHF,EURCHF,1.23
2013-11-15,USDCHF,USDCHF,0.92
2013-11-15,EURCHF,EURCHF,1.23
2013-11-18,USDCHF,USDCHF,0.91
2013-11-18,EURCHF,EURCHF,1.23
2013-11-19,USDCHF,USDCHF,0.91
2013-11-19,EURCHF,EURCHF,1.23
2013-11-20,USDCHF,USDCHF,0.91
2013-11-20,EURCHF,EURCHF,1.23
2013-11-21,USDCHF,USDCHF,0.92
2013-11-21,EURCHF,EURCHF,1.23
2013-11-22,USDCHF,USDCHF,0.91
2013-11-22,EURCHF,EURCHF,1.23
2013-11-25,USDCHF,USDCHF,0.91
2013-11-25,EURCHF,EURCHF,1.23
2013-11-26,USDCHF,USDCHF,0.91
2013-11-26,EURCHF,EURCHF,1.23
2013-11-27,USDCHF,USDCHF,0.91
2013-11-27,EURCHF,EURCHF,1.23
2013-11-28,USDCHF,USDCHF,0.91
2013-11-28,EURCHF,EURCHF,1.23
2013-11-29,USDCHF,USDCHF,0.9
2013-11-29,EURCHF,EURCHF,1.23
2013-12-02,USDCHF,USDCHF,0.91
2013-12-02,EURCHF,EURCHF,1.23
2013-12-03,USDCHF,USDCHF,0.9
2013-12-03,EURCHF,EURCHF,1.23
2013-12-04,USDCHF,USDCHF,0.91
2013-12-04,EURCHF,EURCHF,1.23
2013-12-05,USDCHF,USDCHF,0.9
2013-12-05,EURCHF,EURCHF,1.23
2013-12-06,USDCHF,USDCHF,0.89
2013-12-06,EURCHF,EURCHF,1.22
2013-12-09,USDCHF,USDCHF,0.89
2013-12-09,EURCHF,EURCHF,1.22
2013-12-10,USDCHF,USDCHF,0.89
2013-12-10,EURCHF,EURCHF,1.22
2013-12-11,USDCHF,USDCHF,0.89
2013-12-11,EURCHF,EURCHF,1.22
2013-12-12,USDCHF,USDCHF,0.89
2013-12-12,EURCHF,EURCHF,1.22
2013-12-13,USDCHF,USDCHF,0.89
2013-12-13,EURCHF,EURCHF,1.22
2013-12-16,USDCHF,USDCHF,0.89
2013-12-16,EURCHF,EURCHF,1.22
2013-12-17,USDCHF,USDCHF,0.89
2013-12-17,EURCHF,EURCHF,1.22
2013-12-18,USDCHF,USDCHF,0.89
2013-12-18,EURCHF,EURCHF,1.22
2013-12-19,USDCHF,USDCHF,0.9
2013-12-19,EURCHF,EURCHF,1.23
2013-12-20,USDCHF,USDCHF,0.9
2013-12-20,EURCHF,EURCHF,1.22
2013-12-23,USDCHF,USDCHF,0.89
2013-12-23,EURCHF,EURCHF,1.22
2013-12-24,USDCHF,USDCHF,0.9
2013-12-24,EURCHF,EURCHF,1.23
2013-12-25,USDCHF,USDCHF,0.9
2013-12-25,EURCHF,EURCHF,1.23
2013-12-26,USDCHF,USDCHF,0.9
2013-12-26,EURCHF,EURCHF,1.23
2013-12-27,USDCHF,USDCHF,0.89
2013-12-27,EURCHF,EURCHF,1.22
2013-12-30,USDCHF,USDCHF,0.89
2013-12-30,EURCHF,EURCHF,1.22
2013-12-31,USDCHF,USDCHF,0.89
2013-12-31,EURCHF,EURCHF,1.23
2014-01-01,USDCHF,USDCHF,0.89
2014-01-01,EURCHF,EURCHF,1.23
2014-01-02,USDCHF,USDCHF,0.9
2014-01-02,EURCHF,EURCHF,1.23
2014-01-03,USDCHF,USDCHF,0.9
2014-01-03,EURCHF,EURCHF,1.23
2014-01-06,USDCHF,USDCHF,0.9
2014-01-06,EURCHF,EURCHF,1.23
2014-01-07,USDCHF,USDCHF,0.91
2014-01-07,EURCHF,EURCHF,1.24
2014-01-08,USDCHF,USDCHF,0.91
2014-01-08,EURCHF,EURCHF,1.24
2014-01-09,USDCHF,USDCHF,0.91
2014-01-09,EURCHF,EURCHF,1.24
2014-01-10,USDCHF,USDCHF,0.9
2014-01-10,EURCHF,EURCHF,1.23
2014-01-13,USDCHF,USDCHF,0.9
2014-01-13,EURCHF,EURCHF,1.23
2014-01-14,USDCHF,USDCHF,0.9
2014-01-14,EURCHF,EURCHF,1.23
2014-01-15,USDCHF,USDCHF,0.91
2014-01-15,EURCHF,EURCHF,1.24
2014-01-16,USDCHF,USDCHF,0.91
2014-01-16,EURCHF,EURCHF,1.23
2014-01-17,USDCHF,USDCHF,0.91
2014-01-17,EURCHF,EURCHF,1.23
2014-01-20,USDCHF,USDCHF,0.91
2014-01-20,EURCHF,EURCHF,1.23
2014-01-21,USDCHF,USDCHF,0.91
2014-01-21,EURCHF,EURCHF,1.23
2014-01-22,USDCHF,USDCHF,0.91
2014-01-22,EURCHF,EURCHF,1.23
2014-01-23,USDCHF,USDCHF,0.9
2014-01-23,EURCHF,EURCHF,1.23
2014-01-24,USDCHF,USDCHF,0.89
2014-01-24,EURCHF,EURCHF,1.22
2014-01-27,USDCHF,USDCHF,0.9
2014-01-27,EURCHF,EURCHF,1.23
2014-01-28,USDCHF,USDCHF,0.9
2014-01-28,EURCHF,EURCHF,1.23
2014-01-29,USDCHF,USDCHF,0.9
2014-01-29,EURCHF,EURCHF,1.22
2014-01-30,USDCHF,USDCHF,0.9
2014-01-30,EURCHF,EURCHF,1.22
2014-01-31,USDCHF,USDCHF,0.91
2014-01-31,EURCHF,EURCHF,1.22
2014-02-03,USDCHF,USDCHF,0.9
2014-02-03,EURCHF,EURCHF,1.22
2014-02-04,USDCHF,USDCHF,0.9
2014-02-04,EURCHF,EURCHF,1.22
2014-02-05,USDCHF,USDCHF,0.9
2014-02-05,EURCHF,EURCHF,1.22
2014-02-06,USDCHF,USDCHF,0.9
2014-02-06,EURCHF,EURCHF,1.22
2014-02-07,USDCHF,USDCHF,0.9
2014-02-07,EURCHF,EURCHF,1.22
2014-02-10,USDCHF,USDCHF,0.9
2014-02-10,EURCHF,EURCHF,1.22
2014-02-11,USDCHF,USDCHF,0.89
2014-02-11,EURCHF,EURCHF,1.22
2014-02-12,USDCHF,USDCHF,0.9
2014-02-12,EURCHF,EURCHF,1.22
2014-02-13,USDCHF,USDCHF,0.89
2014-02-13,EURCHF,EURCHF,1.22
2014-02-14,USDCHF,USDCHF,0.89
2014-02-14,EURCHF,EURCHF,1.22
2014-02-17,USDCHF,USDCHF,0.89
2014-02-17,EURCHF,EURCHF,1.22
2014-02-18,USDCHF,USDCHF,0.89
2014-02-18,EURCHF,EURCHF,1.22
2014-02-19,USDCHF,USDCHF,0.89
2014-02-19,EURCHF,EURCHF,1.22
2014-02-20,USDCHF,USDCHF,0.89
2014-02-20,EURCHF,EURCHF,1.22
2014-02-21,USDCHF,USDCHF,0.89
2014-02-21,EURCHF,EURCHF,1.22
2014-02-24,USDCHF,USDCHF,0.89
2014-02-24,EURCHF,EURCHF,1.22
2014-02-25,USDCHF,USDCHF,0.89
2014-02-25,EURCHF,EURCHF,1.22
2014-02-26,USDCHF,USDCHF,0.89
2014-02-26,EURCHF,EURCHF,1.22
2014-02-27,USDCHF,USDCHF,0.89
2014-02-27,EURCHF,EURCHF,1.22
2014-02-28,USDCHF,USDCHF,0.88
2014-02-28,EURCHF,EURCHF,1.22
2014-03-03,USDCHF,USDCHF,0.88
2014-03-03,EURCHF,EURCHF,1.21
2014-03-04,USDCHF,USDCHF,0.89
2014-03-04,EURCHF,EURCHF,1.22
2014-03-05,USDCHF,USDCHF,0.89
2014-03-05,EURCHF,EURCHF,1.22
2014-03-06,USDCHF,USDCHF,0.88
2014-03-06,EURCHF,EURCHF,1.22
2014-03-07,USDCHF,USDCHF,0.88
2014-03-07,EURCHF,EURCHF,1.22
2014-03-10,USDCHF,USDCHF,0.88
2014-03-10,EURCHF,EURCHF,1.22
2014-03-11,USDCHF,USDCHF,0.88
2014-03-11,EURCHF,EURCHF,1.22
2014-03-12,USDCHF,USDCHF,0.87
2014-03-12,EURCHF,EURCHF,1.22
2014-03-13,USDCHF,USDCHF,0.87
2014-03-13,EURCHF,EURCHF,1.22
2014-03-14,USDCHF,USDCHF,0.87
2014-03-14,EURCHF,EURCHF,1.21
2014-03-17,USDCHF,USDCHF,0.87
2014-03-17,EURCHF,EURCHF,1.22
2014-03-18,USDCHF,USDCHF,0.87
2014-03-18,EURCHF,EURCHF,1.22
2014-03-19,USDCHF,USDCHF,0.87
2014-03-19,EURCHF,EURCHF,1.22
2014-03-20,USDCHF,USDCHF,0.88
2014-03-20,EURCHF,EURCHF,1.22
2014-03-21,USDCHF,USDCHF,0.88
2014-03-21,EURCHF,EURCHF,1.22
2014-03-24,USDCHF,USDCHF,0.88
2014-03-24,EURCHF,EURCHF,1.22
2014-03-25,USDCHF,USDCHF,0.89
2014-03-25,EURCHF,EURCHF,1.22
2014-03-26,USDCHF,USDCHF,0.89
2014-03-26,EURCHF,EURCHF,1.22
2014-03-27,USDCHF,USDCHF,0.89
2014-03-27,EURCHF,EURCHF,1.22
2014-03-28,USDCHF,USDCHF,0.89
2014-03-28,EURCHF,EURCHF,1.22
2014-03-31,USDCHF,USDCHF,0.88
2014-03-31,EURCHF,EURCHF,1.22
2014-04-01,USDCHF,USDCHF,0.88
2014-04-01,EURCHF,EURCHF,1.22
2014-04-02,USDCHF,USDCHF,0.89
2014-04-02,EURCHF,EURCHF,1.22
2014-04-03,USDCHF,USDCHF,0.89
2014-04-03,EURCHF,EURCHF,1.22
2014-04-04,USDCHF,USDCHF,0.89
2014-04-04,EURCHF,EURCHF,1.22
2014-04-07,USDCHF,USDCHF,0.89
2014-04-07,EURCHF,EURCHF,1.22
2014-04-08,USDCHF,USDCHF,0.88
2014-04-08,EURCHF,EURCHF,1.22
2014-04-09,USDCHF,USDCHF,0.88
2014-04-09,EURCHF,EURCHF,1.22
2014-04-10,USDCHF,USDCHF,0.88
2014-04-10,EURCHF,EURCHF,1.22
2014-04-11,USDCHF,USDCHF,0.88
2014-04-11,EURCHF,EURCHF,1.22
2014-04-14,USDCHF,USDCHF,0.88
2014-04-14,EURCHF,EURCHF,1.21
2014-04-15,USDCHF,USDCHF,0.88
2014-04-15,EURCHF,EURCHF,1.22
2014-04-16,USDCHF,USDCHF,0.88
2014-04-16,EURCHF,EURCHF,1.22
2014-04-17,USDCHF,USDCHF,0.88
2014-04-17,EURCHF,EURCHF,1.22
2014-04-18,USDCHF,USDCHF,0.88
2014-04-18,EURCHF,EURCHF,1.22
2014-04-21,USDCHF,USDCHF,0.88
2014-04-21,EURCHF,EURCHF,1.22
2014-04-22,USDCHF,USDCHF,0.89
2014-04-22,EURCHF,EURCHF,1.22
2014-04-23,USDCHF,USDCHF,0.88
2014-04-23,EURCHF,EURCHF,1.22
2014-04-24,USDCHF,USDCHF,0.88
2014-04-24,EURCHF,EURCHF,1.22
2014-04-25,USDCHF,USDCHF,0.88
2014-04-25,EURCHF,EURCHF,1.22
2014-04-28,USDCHF,USDCHF,0.88
2014-04-28,EURCHF,EURCHF,1.22
2014-04-29,USDCHF,USDCHF,0.88
2014-04-29,EURCHF,EURCHF,1.22
2014-04-30,USDCHF,USDCHF,0.88
2014-04-30,EURCHF,EURCHF,1.22
2014-05-01,USDCHF,USDCHF,0.88
2014-05-01,EURCHF,EURCHF,1.22
2014-05-02,USDCHF,USDCHF,0.88
2014-05-02,EURCHF,EURCHF,1.22
2014-05-05,USDCHF,USDCHF,0.88
2014-05-05,EURCHF,EURCHF,1.22
2014-05-06,USDCHF,USDCHF,0.87
2014-05-06,EURCHF,EURCHF,1.22
2014-05-07,USDCHF,USDCHF,0.88
2014-05-07,EURCHF,EURCHF,1.22
2014-05-08,USDCHF,USDCHF,0.88
2014-05-08,EURCHF,EURCHF,1.22
2014-05-09,USDCHF,USDCHF,0.89
2014-05-09,EURCHF,EURCHF,1.22
2014-05-12,USDCHF,USDCHF,0.89
2014-05-12,EURCHF,EURCHF,1.22
2014-05-13,USDCHF,USDCHF,0.89
2014-05-13,EURCHF,EURCHF,1.22
2014-05-14,USDCHF,USDCHF,0.89
2014-05-14,EURCHF,EURCHF,1.22
2014-05-15,USDCHF,USDCHF,0.89
2014-05-15,EURCHF,EURCHF,1.22
2014-05-16,USDCHF,USDCHF,0.89
2014-05-16,EURCHF,EURCHF,1.22
2014-05-19,USDCHF,USDCHF,0.89
2014-05-19,EURCHF,EURCHF,1.22
2014-05-20,USDCHF,USDCHF,0.89
2014-05-20,EURCHF,EURCHF,1.22
2014-05-21,USDCHF,USDCHF,0.89
2014-05-21,EURCHF,EURCHF,1.22
2014-05-22,USDCHF,USDCHF,0.89
2014-05-22,EURCHF,EURCHF,1.22
2014-05-23,USDCHF,USDCHF,0.9
2014-05-23,EURCHF,EURCHF,1.22
2014-05-26,USDCHF,USDCHF,0.89
2014-05-26,EURCHF,EURCHF,1.22
2014-05-27,USDCHF,USDCHF,0.9
2014-05-27,EURCHF,EURCHF,1.22
2014-05-28,USDCHF,USDCHF,0.9
2014-05-28,EURCHF,EURCHF,1.22
2014-05-29,USDCHF,USDCHF,0.9
2014-05-29,EURCHF,EURCHF,1.22
2014-05-30,USDCHF,USDCHF,0.89
2014-05-30,EURCHF,EURCHF,1.22
2014-06-02,USDCHF,USDCHF,0.9
2014-06-02,EURCHF,EURCHF,1.22
2014-06-03,USDCHF,USDCHF,0.9
2014-06-03,EURCHF,EURCHF,1.22
2014-06-04,USDCHF,USDCHF,0.9
2014-06-04,EURCHF,EURCHF,1.22
2014-06-05,USDCHF,USDCHF,0.9
2014-06-05,EURCHF,EURCHF,1.22
2014-06-06,USDCHF,USDCHF,0.89
2014-06-06,EURCHF,EURCHF,1.22
2014-06-09,USDCHF,USDCHF,0.9
2014-06-09,EURCHF,EURCHF,1.22
2014-06-10,USDCHF,USDCHF,0.9
2014-06-10,EURCHF,EURCHF,1.22
2014-06-11,USDCHF,USDCHF,0.9
2014-06-11,EURCHF,EURCHF,1.22
2014-06-12,USDCHF,USDCHF,0.9
2014-06-12,EURCHF,EURCHF,1.22
2014-06-13,USDCHF,USDCHF,0.9
2014-06-13,EURCHF,EURCHF,1.22
2014-06-16,USDCHF,USDCHF,0.9
2014-06-16,EURCHF,EURCHF,1.22
2014-06-17,USDCHF,USDCHF,0.9
2014-06-17,EURCHF,EURCHF,1.22
2014-06-18,USDCHF,USDCHF,0.9
2014-06-18,EURCHF,EURCHF,1.22
2014-06-19,USDCHF,USDCHF,0.89
2014-06-19,EURCHF,EURCHF,1.22
2014-06-20,USDCHF,USDCHF,0.9
2014-06-20,EURCHF,EURCHF,1.22
2014-06-23,USDCHF,USDCHF,0.9
2014-06-23,EURCHF,EURCHF,1.22
2014-06-24,USDCHF,USDCHF,0.9
2014-06-24,EURCHF,EURCHF,1.22
2014-06-25,USDCHF,USDCHF,0.89
2014-06-25,EURCHF,EURCHF,1.22
2014-06-26,USDCHF,USDCHF,0.89
2014-06-26,EURCHF,EURCHF,1.22
2014-06-27,USDCHF,USDCHF,0.89
2014-06-27,EURCHF,EURCHF,1.22
2014-06-30,USDCHF,USDCHF,0.89
2014-06-30,EURCHF,EURCHF,1.21
2014-07-01,USDCHF,USDCHF,0.89
2014-07-01,EURCHF,EURCHF,1.21
2014-07-02,USDCHF,USDCHF,0.89
2014-07-02,EURCHF,EURCHF,1.21
2014-07-03,USDCHF,USDCHF,0.89
2014-07-03,EURCHF,EURCHF,1.22
2014-07-04,USDCHF,USDCHF,0.89
2014-07-04,EURCHF,EURCHF,1.22
2014-07-07,USDCHF,USDCHF,0.89
2014-07-07,EURCHF,EURCHF,1.22
2014-07-08,USDCHF,USDCHF,0.89
2014-07-08,EURCHF,EURCHF,1.22
2014-07-09,USDCHF,USDCHF,0.89
2014-07-09,EURCHF,EURCHF,1.22
2014-07-10,USDCHF,USDCHF,0.89
2014-07-10,EURCHF,EURCHF,1.21
2014-07-11,USDCHF,USDCHF,0.89
2014-07-11,EURCHF,EURCHF,1.21
2014-07-14,USDCHF,USDCHF,0.89
2014-07-14,EURCHF,EURCHF,1.21
2014-07-15,USDCHF,USDCHF,0.9
2014-07-15,EURCHF,EURCHF,1.22
2014-07-16,USDCHF,USDCHF,0.9
2014-07-16,EURCHF,EURCHF,1.22
2014-07-17,USDCHF,USDCHF,0.9
2014-07-17,EURCHF,EURCHF,1.21
2014-07-18,USDCHF,USDCHF,0.9
2014-07-18,EURCHF,EURCHF,1.22
2014-07-21,USDCHF,USDCHF,0.9
2014-07-21,EURCHF,EURCHF,1.21
2014-07-22,USDCHF,USDCHF,0.9
2014-07-22,EURCHF,EURCHF,1.22
2014-07-23,USDCHF,USDCHF,0.9
2014-07-23,EURCHF,EURCHF,1.21
2014-07-24,USDCHF,USDCHF,0.9
2014-07-24,EURCHF,EURCHF,1.22
2014-07-25,USDCHF,USDCHF,0.9
2014-07-25,EURCHF,EURCHF,1.22
2014-07-28,USDCHF,USDCHF,0.9
2014-07-28,EURCHF,EURCHF,1.21
2014-07-29,USDCHF,USDCHF,0.91
2014-07-29,EURCHF,EURCHF,1.22
2014-07-30,USDCHF,USDCHF,0.91
2014-07-30,EURCHF,EURCHF,1.22
2014-07-31,USDCHF,USDCHF,0.91
2014-07-31,EURCHF,EURCHF,1.22
2014-08-01,USDCHF,USDCHF,0.91
2014-08-01,EURCHF,EURCHF,1.22
2014-08-04,USDCHF,USDCHF,0.91
2014-08-04,EURCHF,EURCHF,1.22
2014-08-05,USDCHF,USDCHF,0.91
2014-08-05,EURCHF,EURCHF,1.22
2014-08-06,USDCHF,USDCHF,0.91
2014-08-06,EURCHF,EURCHF,1.21
2014-08-07,USDCHF,USDCHF,0.91
2014-08-07,EURCHF,EURCHF,1.21
2014-08-08,USDCHF,USDCHF,0.9
2014-08-08,EURCHF,EURCHF,1.21
2014-08-11,USDCHF,USDCHF,0.91
2014-08-11,EURCHF,EURCHF,1.21
2014-08-12,USDCHF,USDCHF,0.91
2014-08-12,EURCHF,EURCHF,1.21
2014-08-13,USDCHF,USDCHF,0.91
2014-08-13,EURCHF,EURCHF,1.21
2014-08-14,USDCHF,USDCHF,0.91
2014-08-14,EURCHF,EURCHF,1.21
2014-08-15,USDCHF,USDCHF,0.9
2014-08-15,EURCHF,EURCHF,1.21
2014-08-18,USDCHF,USDCHF,0.91
2014-08-18,EURCHF,EURCHF,1.21
2014-08-19,USDCHF,USDCHF,0.91
2014-08-19,EURCHF,EURCHF,1.21
2014-08-20,USDCHF,USDCHF,0.91
2014-08-20,EURCHF,EURCHF,1.21
2014-08-21,USDCHF,USDCHF,0.91
2014-08-21,EURCHF,EURCHF,1.21
2014-08-22,USDCHF,USDCHF,0.91
2014-08-22,EURCHF,EURCHF,1.21
2014-08-25,USDCHF,USDCHF,0.91
2014-08-25,EURCHF,EURCHF,1.21
2014-08-26,USDCHF,USDCHF,0.92
2014-08-26,EURCHF,EURCHF,1.21
2014-08-27,USDCHF,USDCHF,0.91
2014-08-27,EURCHF,EURCHF,1.21
2014-08-28,USDCHF,USDCHF,0.92
2014-08-28,EURCHF,EURCHF,1.21
2014-08-29,USDCHF,USDCHF,0.92
2014-08-29,EURCHF,EURCHF,1.21
2014-09-01,USDCHF,USDCHF,0.92
2014-09-01,EURCHF,EURCHF,1.21
2014-09-02,USDCHF,USDCHF,0.92
2014-09-02,EURCHF,EURCHF,1.21
2014-09-03,USDCHF,USDCHF,0.92
2014-09-03,EURCHF,EURCHF,1.21
2014-09-04,USDCHF,USDCHF,0.93
2014-09-04,EURCHF,EURCHF,1.21
2014-09-05,USDCHF,USDCHF,0.93
2014-09-05,EURCHF,EURCHF,1.21
2014-09-08,USDCHF,USDCHF,0.93
2014-09-08,EURCHF,EURCHF,1.21
2014-09-09,USDCHF,USDCHF,0.93
2014-09-09,EURCHF,EURCHF,1.21
2014-09-10,USDCHF,USDCHF,0.94
2014-09-10,EURCHF,EURCHF,1.21
2014-09-11,USDCHF,USDCHF,0.93
2014-09-11,EURCHF,EURCHF,1.21
2014-09-12,USDCHF,USDCHF,0.94
2014-09-12,EURCHF,EURCHF,1.21
2014-09-15,USDCHF,USDCHF,0.94
2014-09-15,EURCHF,EURCHF,1.21
2014-09-16,USDCHF,USDCHF,0.93
2014-09-16,EURCHF,EURCHF,1.21
2014-09-17,USDCHF,USDCHF,0.93
2014-09-17,EURCHF,EURCHF,1.21
2014-09-18,USDCHF,USDCHF,0.93
2014-09-18,EURCHF,EURCHF,1.21
2014-09-19,USDCHF,USDCHF,0.94
2014-09-19,EURCHF,EURCHF,1.21
2014-09-22,USDCHF,USDCHF,0.94
2014-09-22,EURCHF,EURCHF,1.21
2014-09-23,USDCHF,USDCHF,0.94
2014-09-23,EURCHF,EURCHF,1.21
2014-09-24,USDCHF,USDCHF,0.94
2014-09-24,EURCHF,EURCHF,1.21
2014-09-25,USDCHF,USDCHF,0.95
2014-09-25,EURCHF,EURCHF,1.21
2014-09-26,USDCHF,USDCHF,0.95
2014-09-26,EURCHF,EURCHF,1.21
2014-09-29,USDCHF,USDCHF,0.95
2014-09-29,EURCHF,EURCHF,1.21
2014-09-30,USDCHF,USDCHF,0.96
2014-09-30,EURCHF,EURCHF,1.21
2014-10-01,USDCHF,USDCHF,0.96
2014-10-01,EURCHF,EURCHF,1.21
2014-10-02,USDCHF,USDCHF,0.95
2014-10-02,EURCHF,EURCHF,1.21
2014-10-03,USDCHF,USDCHF,0.97
2014-10-03,EURCHF,EURCHF,1.21
2014-10-06,USDCHF,USDCHF,0.96
2014-10-06,EURCHF,EURCHF,1.21
2014-10-07,USDCHF,USDCHF,0.96
2014-10-07,EURCHF,EURCHF,1.21
2014-10-08,USDCHF,USDCHF,0.96
2014-10-08,EURCHF,EURCHF,1.21
2014-10-09,USDCHF,USDCHF,0.95
2014-10-09,EURCHF,EURCHF,1.21
2014-10-10,USDCHF,USDCHF,0.96
2014-10-10,EURCHF,EURCHF,1.21
2014-10-13,USDCHF,USDCHF,0.95
2014-10-13,EURCHF,EURCHF,1.21
2014-10-14,USDCHF,USDCHF,0.95
2014-10-14,EURCHF,EURCHF,1.21
2014-10-15,USDCHF,USDCHF,0.95
2014-10-15,EURCHF,EURCHF,1.21
2014-10-16,USDCHF,USDCHF,0.94
2014-10-16,EURCHF,EURCHF,1.21
2014-10-17,USDCHF,USDCHF,0.95
2014-10-17,EURCHF,EURCHF,1.21
2014-10-20,USDCHF,USDCHF,0.94
2014-10-20,EURCHF,EURCHF,1.21
2014-10-21,USDCHF,USDCHF,0.95
2014-10-21,EURCHF,EURCHF,1.21
2014-10-22,USDCHF,USDCHF,0.95
2014-10-22,EURCHF,EURCHF,1.21
2014-10-23,USDCHF,USDCHF,0.95
2014-10-23,EURCHF,EURCHF,1.21
2014-10-24,USDCHF,USDCHF,0.95
2014-10-24,EURCHF,EURCHF,1.21
2014-10-27,USDCHF,USDCHF,0.95
2014-10-27,EURCHF,EURCHF,1.21
2014-10-28,USDCHF,USDCHF,0.95
2014-10-28,EURCHF,EURCHF,1.21
2014-10-29,USDCHF,USDCHF,0.95
2014-10-29,EURCHF,EURCHF,1.21
2014-10-30,USDCHF,USDCHF,0.96
2014-10-30,EURCHF,EURCHF,1.21
2014-10-31,USDCHF,USDCHF,0.96
2014-10-31,EURCHF,EURCHF,1.21
2014-11-03,USDCHF,USDCHF,0.97
2014-11-03,EURCHF,EURCHF,1.21
2014-11-04,USDCHF,USDCHF,0.96
2014-11-04,EURCHF,EURCHF,1.21
2014-11-05,USDCHF,USDCHF,0.96
2014-11-05,EURCHF,EURCHF,1.2
2014-11-06,USDCHF,USDCHF,0.97
2014-11-06,EURCHF,EURCHF,1.2
2014-11-07,USDCHF,USDCHF,0.97
2014-11-07,EURCHF,EURCHF,1.2
2014-11-10,USDCHF,USDCHF,0.97
2014-11-10,EURCHF,EURCHF,1.2
2014-11-11,USDCHF,USDCHF,0.97
2014-11-11,EURCHF,EURCHF,1.2
2014-11-12,USDCHF,USDCHF,0.96
2014-11-12,EURCHF,EURCHF,1.2
2014-11-13,USDCHF,USDCHF,0.96
2014-11-13,EURCHF,EURCHF,1.2
2014-11-14,USDCHF,USDCHF,0.96
2014-11-14,EURCHF,EURCHF,1.2
2014-11-17,USDCHF,USDCHF,0.96
2014-11-17,EURCHF,EURCHF,1.2
2014-11-18,USDCHF,USDCHF,0.96
2014-11-18,EURCHF,EURCHF,1.2
2014-11-19,USDCHF,USDCHF,0.96
2014-11-19,EURCHF,EURCHF,1.2
2014-11-20,USDCHF,USDCHF,0.96
2014-11-20,EURCHF,EURCHF,1.2
2014-11-21,USDCHF,USDCHF,0.97
2014-11-21,EURCHF,EURCHF,1.2
2014-11-24,USDCHF,USDCHF,0.97
2014-11-24,EURCHF,EURCHF,1.2
2014-11-25,USDCHF,USDCHF,0.96
2014-11-25,EURCHF,EURCHF,1.2
2014-11-26,USDCHF,USDCHF,0.96
2014-11-26,EURCHF,EURCHF,1.2
2014-11-27,USDCHF,USDCHF,0.96
2014-11-27,EURCHF,EURCHF,1.2
2014-11-28,USDCHF,USDCHF,0.96
2014-11-28,EURCHF,EURCHF,1.2
2014-12-01,USDCHF,USDCHF,0.96
2014-12-01,EURCHF,EURCHF,1.2
2014-12-02,USDCHF,USDCHF,0.97
2014-12-02,EURCHF,EURCHF,1.2
2014-12-03,USDCHF,USDCHF,0.98
2014-12-03,EURCHF,EURCHF,1.2
2014-12-04,USDCHF,USDCHF,0.97
2014-12-04,EURCHF,EURCHF,1.2
2014-12-05,USDCHF,USDCHF,0.98
2014-12-05,EURCHF,EURCHF,1.2
2014-12-08,USDCHF,USDCHF,0.98
2014-12-08,EURCHF,EURCHF,1.2
2014-12-09,USDCHF,USDCHF,0.97
2014-12-09,EURCHF,EURCHF,1.2
2014-12-10,USDCHF,USDCHF,0.97
2014-12-10,EURCHF,EURCHF,1.2
2014-12-11,USDCHF,USDCHF,0.97
2014-12-11,EURCHF,EURCHF,1.2
2014-12-12,USDCHF,USDCHF,0.96
2014-12-12,EURCHF,EURCHF,1.2
2014-12-15,USDCHF,USDCHF,0.97
2014-12-15,EURCHF,EURCHF,1.2
2014-12-16,USDCHF,USDCHF,0.96
2014-12-16,EURCHF,EURCHF,1.2
2014-12-17,USDCHF,USDCHF,0.97
2014-12-17,EURCHF,EURCHF,1.2
2014-12-18,USDCHF,USDCHF,0.98
2014-12-18,EURCHF,EURCHF,1.2
2014-12-19,USDCHF,USDCHF,0.98
2014-12-19,EURCHF,EURCHF,1.2
2014-12-22,USDCHF,USDCHF,0.98
2014-12-22,EURCHF,EURCHF,1.2
2014-12-23,USDCHF,USDCHF,0.99
2014-12-23,EURCHF,EURCHF,1.2
2014-12-24,USDCHF,USDCHF,0.99
2014-12-24,EURCHF,EURCHF,1.2
2014-12-25,USDCHF,USDCHF,0.99
2014-12-25,EURCHF,EURCHF,1.2
2014-12-26,USDCHF,USDCHF,0.99
2014-12-26,EURCHF,EURCHF,1.2
2014-12-29,USDCHF,USDCHF,0.99
2014-12-29,EURCHF,EURCHF,1.2
2014-12-30,USDCHF,USDCHF,0.99
2014-12-30,EURCHF,EURCHF,1.2
2014-12-31,USDCHF,USDCHF,0.99
2014-12-31,EURCHF,EURCHF,1.2
2015-01-01,USDCHF,USDCHF,0.99
2015-01-01,EURCHF,EURCHF,1.2
2015-01-02,USDCHF,USDCHF,1.0
2015-01-02,EURCHF,EURCHF,1.2
2015-01-05,USDCHF,USDCHF,1.01
2015-01-05,EURCHF,EURCHF,1.2
2015-01-06,USDCHF,USDCHF,1.01
2015-01-06,EURCHF,EURCHF,1.2
2015-01-07,USDCHF,USDCHF,1.02
2015-01-07,EURCHF,EURCHF,1.2
2015-01-08,USDCHF,USDCHF,1.02
2015-01-08,EURCHF,EURCHF,1.2
2015-01-09,USDCHF,USDCHF,1.01
2015-01-09,EURCHF,EURCHF,1.2
2015-01-12,USDCHF,USDCHF,1.02
2015-01-12,EURCHF,EURCHF,1.2
2015-01-13,USDCHF,USDCHF,1.02
2015-01-13,EURCHF,EURCHF,1.2
2015-01-14,USDCHF,USDCHF,1.02
2015-01-14,EURCHF,EURCHF,1.2
2015-01-15,USDCHF,USDCHF,0.91
2015-01-15,EURCHF,EURCHF,1.05
2015-01-16,USDCHF,USDCHF,0.85
2015-01-16,EURCHF,EURCHF,0.98
2015-01-19,USDCHF,USDCHF,0.88
2015-01-19,EURCHF,EURCHF,1.02
2015-01-20,USDCHF,USDCHF,0.88
2015-01-20,EURCHF,EURCHF,1.02
2015-01-21,USDCHF,USDCHF,0.86
2015-01-21,EURCHF,EURCHF,1.0
2015-01-22,USDCHF,USDCHF,0.87
2015-01-22,EURCHF,EURCHF,0.99
2015-01-23,USDCHF,USDCHF,0.88
2015-01-23,EURCHF,EURCHF,0.99
2015-01-26,USDCHF,USDCHF,0.9
2015-01-26,EURCHF,EURCHF,1.01
2015-01-27,USDCHF,USDCHF,0.9
2015-01-27,EURCHF,EURCHF,1.03
2015-01-28,USDCHF,USDCHF,0.91
2015-01-28,EURCHF,EURCHF,1.03
2015-01-29,USDCHF,USDCHF,0.92
2015-01-29,EURCHF,EURCHF,1.04
2015-01-30,USDCHF,USDCHF,0.92
2015-01-30,EURCHF,EURCHF,1.04
2015-02-02,USDCHF,USDCHF,0.92
2015-02-02,EURCHF,EURCHF,1.05
2015-02-03,USDCHF,USDCHF,0.92
2015-02-03,EURCHF,EURCHF,1.06
2015-02-04,USDCHF,USDCHF,0.93
2015-02-04,EURCHF,EURCHF,1.06
2015-02-05,USDCHF,USDCHF,0.93
2015-02-05,EURCHF,EURCHF,1.06
2015-02-06,USDCHF,USDCHF,0.93
2015-02-06,EURCHF,EURCHF,1.05
2015-02-09,USDCHF,USDCHF,0.93
2015-02-09,EURCHF,EURCHF,1.05
2015-02-10,USDCHF,USDCHF,0.93
2015-02-10,EURCHF,EURCHF,1.05
2015-02-11,USDCHF,USDCHF,0.93
2015-02-11,EURCHF,EURCHF,1.05
2015-02-12,USDCHF,USDCHF,0.93
2015-02-12,EURCHF,EURCHF,1.06
2015-02-13,USDCHF,USDCHF,0.93
2015-02-13,EURCHF,EURCHF,1.06
2015-02-16,USDCHF,USDCHF,0.93
2015-02-16,EURCHF,EURCHF,1.06
2015-02-17,USDCHF,USDCHF,0.93
2015-02-17,EURCHF,EURCHF,1.07
2015-02-18,USDCHF,USDCHF,0.94
2015-02-18,EURCHF,EURCHF,1.07
2015-02-19,USDCHF,USDCHF,0.95
2015-02-19,EURCHF,EURCHF,1.08
2015-02-20,USDCHF,USDCHF,0.94
2015-02-20,EURCHF,EURCHF,1.07
2015-02-23,USDCHF,USDCHF,0.95
2015-02-23,EURCHF,EURCHF,1.08
2015-02-24,USDCHF,USDCHF,0.95
2015-02-24,EURCHF,EURCHF,1.08
2015-02-25,USDCHF,USDCHF,0.95
2015-02-25,EURCHF,EURCHF,1.08
2015-02-26,USDCHF,USDCHF,0.95
2015-02-26,EURCHF,EURCHF,1.07
2015-02-27,USDCHF,USDCHF,0.95
2015-02-27,EURCHF,EURCHF,1.06
2015-03-02,USDCHF,USDCHF,0.96
2015-03-02,EURCHF,EURCHF,1.07
2015-03-03,USDCHF,USDCHF,0.96
2015-03-03,EURCHF,EURCHF,1.07
2015-03-04,USDCHF,USDCHF,0.96
2015-03-04,EURCHF,EURCHF,1.06
2015-03-05,USDCHF,USDCHF,0.97
2015-03-05,EURCHF,EURCHF,1.07
2015-03-06,USDCHF,USDCHF,0.98
2015-03-06,EURCHF,EURCHF,1.07
2015-03-09,USDCHF,USDCHF,0.99
2015-03-09,EURCHF,EURCHF,1.07
2015-03-10,USDCHF,USDCHF,1.0
2015-03-10,EURCHF,EURCHF,1.07
2015-03-11,USDCHF,USDCHF,1.01
2015-03-11,EURCHF,EURCHF,1.07
2015-03-12,USDCHF,USDCHF,1.0
2015-03-12,EURCHF,EURCHF,1.07
2015-03-13,USDCHF,USDCHF,1.01
2015-03-13,EURCHF,EURCHF,1.06
2015-03-16,USDCHF,USDCHF,1.01
2015-03-16,EURCHF,EURCHF,1.07
2015-03-17,USDCHF,USDCHF,1.0
2015-03-17,EURCHF,EURCHF,1.06
2015-03-18,USDCHF,USDCHF,0.99
2015-03-18,EURCHF,EURCHF,1.06
2015-03-19,USDCHF,USDCHF,0.99
2015-03-19,EURCHF,EURCHF,1.05
2015-03-20,USDCHF,USDCHF,0.98
2015-03-20,EURCHF,EURCHF,1.05
2015-03-23,USDCHF,USDCHF,0.97
2015-03-23,EURCHF,EURCHF,1.06
2015-03-24,USDCHF,USDCHF,0.96
2015-03-24,EURCHF,EURCHF,1.05
2015-03-25,USDCHF,USDCHF,0.96
2015-03-25,EURCHF,EURCHF,1.05
2015-03-26,USDCHF,USDCHF,0.96
2015-03-26,EURCHF,EURCHF,1.05
2015-03-27,USDCHF,USDCHF,0.96
2015-03-27,EURCHF,EURCHF,1.04
2015-03-30,USDCHF,USDCHF,0.97
2015-03-30,EURCHF,EURCHF,1.05
2015-03-31,USDCHF,USDCHF,0.97
2015-03-31,EURCHF,EURCHF,1.04
2015-04-01,USDCHF,USDCHF,0.97
2015-04-01,EURCHF,EURCHF,1.04
2015-04-02,USDCHF,USDCHF,0.96
2015-04-02,EURCHF,EURCHF,1.04
2015-04-03,USDCHF,USDCHF,0.96
2015-04-03,EURCHF,EURCHF,1.04
2015-04-06,USDCHF,USDCHF,0.95
2015-04-06,EURCHF,EURCHF,1.05
2015-04-07,USDCHF,USDCHF,0.96
2015-04-07,EURCHF,EURCHF,1.04
2015-04-08,USDCHF,USDCHF,0.97
2015-04-08,EURCHF,EURCHF,1.04
2015-04-09,USDCHF,USDCHF,0.98
2015-04-09,EURCHF,EURCHF,1.04
2015-04-10,USDCHF,USDCHF,0.98
2015-04-10,EURCHF,EURCHF,1.04
2015-04-13,USDCHF,USDCHF,0.98
2015-04-13,EURCHF,EURCHF,1.03
2015-04-14,USDCHF,USDCHF,0.97
2015-04-14,EURCHF,EURCHF,1.04
2015-04-15,USDCHF,USDCHF,0.97
2015-04-15,EURCHF,EURCHF,1.03
2015-04-16,USDCHF,USDCHF,0.96
2015-04-16,EURCHF,EURCHF,1.03
2015-04-17,USDCHF,USDCHF,0.95
2015-04-17,EURCHF,EURCHF,1.03
2015-04-20,USDCHF,USDCHF,0.95
2015-04-20,EURCHF,EURCHF,1.03
2015-04-21,USDCHF,USDCHF,0.95
2015-04-21,EURCHF,EURCHF,1.03
2015-04-22,USDCHF,USDCHF,0.97
2015-04-22,EURCHF,EURCHF,1.04
2015-04-23,USDCHF,USDCHF,0.96
2015-04-23,EURCHF,EURCHF,1.03
2015-04-24,USDCHF,USDCHF,0.95
2015-04-24,EURCHF,EURCHF,1.04
2015-04-27,USDCHF,USDCHF,0.95
2015-04-27,EURCHF,EURCHF,1.04
2015-04-28,USDCHF,USDCHF,0.95
2015-04-28,EURCHF,EURCHF,1.04
2015-04-29,USDCHF,USDCHF,0.94
2015-04-29,EURCHF,EURCHF,1.05
2015-04-30,USDCHF,USDCHF,0.94
2015-04-30,EURCHF,EURCHF,1.05
2015-05-01,USDCHF,USDCHF,0.93
2015-05-01,EURCHF,EURCHF,1.05
2015-05-04,USDCHF,USDCHF,0.93
2015-05-04,EURCHF,EURCHF,1.04
2015-05-05,USDCHF,USDCHF,0.93
2015-05-05,EURCHF,EURCHF,1.04
2015-05-06,USDCHF,USDCHF,0.91
2015-05-06,EURCHF,EURCHF,1.04
2015-05-07,USDCHF,USDCHF,0.92
2015-05-07,EURCHF,EURCHF,1.04
2015-05-08,USDCHF,USDCHF,0.93
2015-05-08,EURCHF,EURCHF,1.04
2015-05-11,USDCHF,USDCHF,0.93
2015-05-11,EURCHF,EURCHF,1.04
2015-05-12,USDCHF,USDCHF,0.93
2015-05-12,EURCHF,EURCHF,1.04
2015-05-13,USDCHF,USDCHF,0.92
2015-05-13,EURCHF,EURCHF,1.04
2015-05-14,USDCHF,USDCHF,0.92
2015-05-14,EURCHF,EURCHF,1.04
2015-05-15,USDCHF,USDCHF,0.92
2015-05-15,EURCHF,EURCHF,1.05
2015-05-18,USDCHF,USDCHF,0.92
2015-05-18,EURCHF,EURCHF,1.05
2015-05-19,USDCHF,USDCHF,0.94
2015-05-19,EURCHF,EURCHF,1.04
2015-05-20,USDCHF,USDCHF,0.94
2015-05-20,EURCHF,EURCHF,1.04
2015-05-21,USDCHF,USDCHF,0.94
2015-05-21,EURCHF,EURCHF,1.04
2015-05-22,USDCHF,USDCHF,0.94
2015-05-22,EURCHF,EURCHF,1.04
2015-05-25,USDCHF,USDCHF,0.94
2015-05-25,EURCHF,EURCHF,1.04
2015-05-26,USDCHF,USDCHF,0.95
2015-05-26,EURCHF,EURCHF,1.03
2015-05-27,USDCHF,USDCHF,0.95
2015-05-27,EURCHF,EURCHF,1.03
2015-05-28,USDCHF,USDCHF,0.95
2015-05-28,EURCHF,EURCHF,1.03
2015-05-29,USDCHF,USDCHF,0.94
2015-05-29,EURCHF,EURCHF,1.03
2015-06-01,USDCHF,USDCHF,0.95
2015-06-01,EURCHF,EURCHF,1.03
2015-06-02,USDCHF,USDCHF,0.93
2015-06-02,EURCHF,EURCHF,1.04
2015-06-03,USDCHF,USDCHF,0.94
2015-06-03,EURCHF,EURCHF,1.05
2015-06-04,USDCHF,USDCHF,0.93
2015-06-04,EURCHF,EURCHF,1.05
2015-06-05,USDCHF,USDCHF,0.95
2015-06-05,EURCHF,EURCHF,1.05
2015-06-08,USDCHF,USDCHF,0.94
2015-06-08,EURCHF,EURCHF,1.05
2015-06-09,USDCHF,USDCHF,0.93
2015-06-09,EURCHF,EURCHF,1.05
2015-06-10,USDCHF,USDCHF,0.93
2015-06-10,EURCHF,EURCHF,1.05
2015-06-11,USDCHF,USDCHF,0.94
2015-06-11,EURCHF,EURCHF,1.05
2015-06-12,USDCHF,USDCHF,0.93
2015-06-12,EURCHF,EURCHF,1.04
2015-06-15,USDCHF,USDCHF,0.94
2015-06-15,EURCHF,EURCHF,1.05
2015-06-16,USDCHF,USDCHF,0.93
2015-06-16,EURCHF,EURCHF,1.05
2015-06-17,USDCHF,USDCHF,0.93
2015-06-17,EURCHF,EURCHF,1.04
2015-06-18,USDCHF,USDCHF,0.92
2015-06-18,EURCHF,EURCHF,1.05
2015-06-19,USDCHF,USDCHF,0.92
2015-06-19,EURCHF,EURCHF,1.04
2015-06-22,USDCHF,USDCHF,0.92
2015-06-22,EURCHF,EURCHF,1.05
2015-06-23,USDCHF,USDCHF,0.93
2015-06-23,EURCHF,EURCHF,1.04
2015-06-24,USDCHF,USDCHF,0.94
2015-06-24,EURCHF,EURCHF,1.05
2015-06-25,USDCHF,USDCHF,0.94
2015-06-25,EURCHF,EURCHF,1.05
2015-06-26,USDCHF,USDCHF,0.94
2015-06-26,EURCHF,EURCHF,1.04
2015-06-29,USDCHF,USDCHF,0.93
2015-06-29,EURCHF,EURCHF,1.04
2015-06-30,USDCHF,USDCHF,0.93
2015-06-30,EURCHF,EURCHF,1.04
2015-07-01,USDCHF,USDCHF,0.94
2015-07-01,EURCHF,EURCHF,1.05
2015-07-02,USDCHF,USDCHF,0.94
2015-07-02,EURCHF,EURCHF,1.05
2015-07-03,USDCHF,USDCHF,0.94
2015-07-03,EURCHF,EURCHF,1.05
2015-07-06,USDCHF,USDCHF,0.94
2015-07-06,EURCHF,EURCHF,1.05
2015-07-07,USDCHF,USDCHF,0.95
2015-07-07,EURCHF,EURCHF,1.04
2015-07-08,USDCHF,USDCHF,0.95
2015-07-08,EURCHF,EURCHF,1.05
2015-07-09,USDCHF,USDCHF,0.95
2015-07-09,EURCHF,EURCHF,1.05
2015-07-10,USDCHF,USDCHF,0.94
2015-07-10,EURCHF,EURCHF,1.05
2015-07-13,USDCHF,USDCHF,0.95
2015-07-13,EURCHF,EURCHF,1.05
2015-07-14,USDCHF,USDCHF,0.95
2015-07-14,EURCHF,EURCHF,1.04
2015-07-15,USDCHF,USDCHF,0.95
2015-07-15,EURCHF,EURCHF,1.04
2015-07-16,USDCHF,USDCHF,0.96
2015-07-16,EURCHF,EURCHF,1.04
2015-07-17,USDCHF,USDCHF,0.96
2015-07-17,EURCHF,EURCHF,1.04
2015-07-20,USDCHF,USDCHF,0.96
2015-07-20,EURCHF,EURCHF,1.05
2015-07-21,USDCHF,USDCHF,0.96
2015-07-21,EURCHF,EURCHF,1.05
2015-07-22,USDCHF,USDCHF,0.96
2015-07-22,EURCHF,EURCHF,1.05
2015-07-23,USDCHF,USDCHF,0.96
2015-07-23,EURCHF,EURCHF,1.05
2015-07-24,USDCHF,USDCHF,0.96
2015-07-24,EURCHF,EURCHF,1.05
2015-07-27,USDCHF,USDCHF,0.96
2015-07-27,EURCHF,EURCHF,1.06
2015-07-28,USDCHF,USDCHF,0.97
2015-07-28,EURCHF,EURCHF,1.07
2015-07-29,USDCHF,USDCHF,0.96
2015-07-29,EURCHF,EURCHF,1.06
2015-07-30,USDCHF,USDCHF,0.97
2015-07-30,EURCHF,EURCHF,1.06
2015-07-31,USDCHF,USDCHF,0.96
2015-07-31,EURCHF,EURCHF,1.06
2015-08-03,USDCHF,USDCHF,0.97
2015-08-03,EURCHF,EURCHF,1.06
2015-08-04,USDCHF,USDCHF,0.97
2015-08-04,EURCHF,EURCHF,1.07
2015-08-05,USDCHF,USDCHF,0.98
2015-08-05,EURCHF,EURCHF,1.07
2015-08-06,USDCHF,USDCHF,0.98
2015-08-06,EURCHF,EURCHF,1.07
2015-08-07,USDCHF,USDCHF,0.98
2015-08-07,EURCHF,EURCHF,1.08
2015-08-10,USDCHF,USDCHF,0.99
2015-08-10,EURCHF,EURCHF,1.08
2015-08-11,USDCHF,USDCHF,0.98
2015-08-11,EURCHF,EURCHF,1.09
2015-08-12,USDCHF,USDCHF,0.97
2015-08-12,EURCHF,EURCHF,1.09
2015-08-13,USDCHF,USDCHF,0.98
2015-08-13,EURCHF,EURCHF,1.09
2015-08-14,USDCHF,USDCHF,0.98
2015-08-14,EURCHF,EURCHF,1.09
2015-08-17,USDCHF,USDCHF,0.98
2015-08-17,EURCHF,EURCHF,1.08
2015-08-18,USDCHF,USDCHF,0.98
2015-08-18,EURCHF,EURCHF,1.08
2015-08-19,USDCHF,USDCHF,0.97
2015-08-19,EURCHF,EURCHF,1.07
2015-08-20,USDCHF,USDCHF,0.96
2015-08-20,EURCHF,EURCHF,1.08
2015-08-21,USDCHF,USDCHF,0.95
2015-08-21,EURCHF,EURCHF,1.08
2015-08-24,USDCHF,USDCHF,0.94
2015-08-24,EURCHF,EURCHF,1.08
2015-08-25,USDCHF,USDCHF,0.95
2015-08-25,EURCHF,EURCHF,1.08
2015-08-26,USDCHF,USDCHF,0.95
2015-08-26,EURCHF,EURCHF,1.08
2015-08-27,USDCHF,USDCHF,0.96
2015-08-27,EURCHF,EURCHF,1.08
2015-08-28,USDCHF,USDCHF,0.96
2015-08-28,EURCHF,EURCHF,1.08
2015-08-31,USDCHF,USDCHF,0.97
2015-08-31,EURCHF,EURCHF,1.08
2015-09-01,USDCHF,USDCHF,0.96
2015-09-01,EURCHF,EURCHF,1.08
2015-09-02,USDCHF,USDCHF,0.97
2015-09-02,EURCHF,EURCHF,1.09
2015-09-03,USDCHF,USDCHF,0.98
2015-09-03,EURCHF,EURCHF,1.08
2015-09-04,USDCHF,USDCHF,0.98
2015-09-04,EURCHF,EURCHF,1.08
2015-09-07,USDCHF,USDCHF,0.98
2015-09-07,EURCHF,EURCHF,1.09
2015-09-08,USDCHF,USDCHF,0.98
2015-09-08,EURCHF,EURCHF,1.09
2015-09-09,USDCHF,USDCHF,0.98
2015-09-09,EURCHF,EURCHF,1.09
2015-09-10,USDCHF,USDCHF,0.98
2015-09-10,EURCHF,EURCHF,1.09
2015-09-11,USDCHF,USDCHF,0.98
2015-09-11,EURCHF,EURCHF,1.1
2015-09-14,USDCHF,USDCHF,0.97
2015-09-14,EURCHF,EURCHF,1.1
2015-09-15,USDCHF,USDCHF,0.97
2015-09-15,EURCHF,EURCHF,1.1
2015-09-16,USDCHF,USDCHF,0.97
2015-09-16,EURCHF,EURCHF,1.09
2015-09-17,USDCHF,USDCHF,0.97
2015-09-17,EURCHF,EURCHF,1.1
2015-09-18,USDCHF,USDCHF,0.96
2015-09-18,EURCHF,EURCHF,1.09
2015-09-21,USDCHF,USDCHF,0.97
2015-09-21,EURCHF,EURCHF,1.09
2015-09-22,USDCHF,USDCHF,0.97
2015-09-22,EURCHF,EURCHF,1.08
2015-09-23,USDCHF,USDCHF,0.98
2015-09-23,EURCHF,EURCHF,1.09
2015-09-24,USDCHF,USDCHF,0.97
2015-09-24,EURCHF,EURCHF,1.09
2015-09-25,USDCHF,USDCHF,0.98
2015-09-25,EURCHF,EURCHF,1.09
2015-09-28,USDCHF,USDCHF,0.98
2015-09-28,EURCHF,EURCHF,1.09
2015-09-29,USDCHF,USDCHF,0.97
2015-09-29,EURCHF,EURCHF,1.09
2015-09-30,USDCHF,USDCHF,0.98
2015-09-30,EURCHF,EURCHF,1.09
2015-10-01,USDCHF,USDCHF,0.98
2015-10-01,EURCHF,EURCHF,1.09
2015-10-02,USDCHF,USDCHF,0.97
2015-10-02,EURCHF,EURCHF,1.09
2015-10-05,USDCHF,USDCHF,0.97
2015-10-05,EURCHF,EURCHF,1.09
2015-10-06,USDCHF,USDCHF,0.97
2015-10-06,EURCHF,EURCHF,1.09
2015-10-07,USDCHF,USDCHF,0.97
2015-10-07,EURCHF,EURCHF,1.09
2015-10-08,USDCHF,USDCHF,0.97
2015-10-08,EURCHF,EURCHF,1.09
2015-10-09,USDCHF,USDCHF,0.96
2015-10-09,EURCHF,EURCHF,1.09
2015-10-12,USDCHF,USDCHF,0.96
2015-10-12,EURCHF,EURCHF,1.09
2015-10-13,USDCHF,USDCHF,0.96
2015-10-13,EURCHF,EURCHF,1.09
2015-10-14,USDCHF,USDCHF,0.95
2015-10-14,EURCHF,EURCHF,1.09
2015-10-15,USDCHF,USDCHF,0.95
2015-10-15,EURCHF,EURCHF,1.08
2015-10-16,USDCHF,USDCHF,0.95
2015-10-16,EURCHF,EURCHF,1.08
2015-10-19,USDCHF,USDCHF,0.96
2015-10-19,EURCHF,EURCHF,1.08
2015-10-20,USDCHF,USDCHF,0.95
2015-10-20,EURCHF,EURCHF,1.08
2015-10-21,USDCHF,USDCHF,0.96
2015-10-21,EURCHF,EURCHF,1.09
2015-10-22,USDCHF,USDCHF,0.97
2015-10-22,EURCHF,EURCHF,1.08
2015-10-23,USDCHF,USDCHF,0.98
2015-10-23,EURCHF,EURCHF,1.08
2015-10-26,USDCHF,USDCHF,0.98
2015-10-26,EURCHF,EURCHF,1.08
2015-10-27,USDCHF,USDCHF,0.99
2015-10-27,EURCHF,EURCHF,1.09
2015-10-28,USDCHF,USDCHF,0.99
2015-10-28,EURCHF,EURCHF,1.09
2015-10-29,USDCHF,USDCHF,0.99
2015-10-29,EURCHF,EURCHF,1.09
2015-10-30,USDCHF,USDCHF,0.99
2015-10-30,EURCHF,EURCHF,1.09
2015-11-02,USDCHF,USDCHF,0.98
2015-11-02,EURCHF,EURCHF,1.09
2015-11-03,USDCHF,USDCHF,0.99
2015-11-03,EURCHF,EURCHF,1.09
2015-11-04,USDCHF,USDCHF,0.99
2015-11-04,EURCHF,EURCHF,1.08
2015-11-05,USDCHF,USDCHF,1.0
2015-11-05,EURCHF,EURCHF,1.08
2015-11-06,USDCHF,USDCHF,1.0
2015-11-06,EURCHF,EURCHF,1.08
2015-11-09,USDCHF,USDCHF,1.0
2015-11-09,EURCHF,EURCHF,1.08
2015-11-10,USDCHF,USDCHF,1.01
2015-11-10,EURCHF,EURCHF,1.08
2015-11-11,USDCHF,USDCHF,1.0
2015-11-11,EURCHF,EURCHF,1.08
2015-11-12,USDCHF,USDCHF,1.0
2015-11-12,EURCHF,EURCHF,1.08
2015-11-13,USDCHF,USDCHF,1.01
2015-11-13,EURCHF,EURCHF,1.08
2015-11-16,USDCHF,USDCHF,1.01
2015-11-16,EURCHF,EURCHF,1.08
2015-11-17,USDCHF,USDCHF,1.01
2015-11-17,EURCHF,EURCHF,1.08
2015-11-18,USDCHF,USDCHF,1.02
2015-11-18,EURCHF,EURCHF,1.09
2015-11-19,USDCHF,USDCHF,1.01
2015-11-19,EURCHF,EURCHF,1.09
2015-11-20,USDCHF,USDCHF,1.02
2015-11-20,EURCHF,EURCHF,1.08
2015-11-23,USDCHF,USDCHF,1.02
2015-11-23,EURCHF,EURCHF,1.08
2015-11-24,USDCHF,USDCHF,1.02
2015-11-24,EURCHF,EURCHF,1.08
2015-11-25,USDCHF,USDCHF,1.02
2015-11-25,EURCHF,EURCHF,1.09
2015-11-26,USDCHF,USDCHF,1.02
2015-11-26,EURCHF,EURCHF,1.09
2015-11-27,USDCHF,USDCHF,1.03
2015-11-27,EURCHF,EURCHF,1.09
2015-11-30,USDCHF,USDCHF,1.03
2015-11-30,EURCHF,EURCHF,1.09
2015-12-01,USDCHF,USDCHF,1.03
2015-12-01,EURCHF,EURCHF,1.09
2015-12-02,USDCHF,USDCHF,1.03
2015-12-02,EURCHF,EURCHF,1.09
2015-12-03,USDCHF,USDCHF,1.0
2015-12-03,EURCHF,EURCHF,1.09
2015-12-04,USDCHF,USDCHF,1.0
2015-12-04,EURCHF,EURCHF,1.09
2015-12-07,USDCHF,USDCHF,1.0
2015-12-07,EURCHF,EURCHF,1.09
2015-12-08,USDCHF,USDCHF,0.99
2015-12-08,EURCHF,EURCHF,1.08
2015-12-09,USDCHF,USDCHF,0.99
2015-12-09,EURCHF,EURCHF,1.08
2015-12-10,USDCHF,USDCHF,0.99
2015-12-10,EURCHF,EURCHF,1.08
2015-12-11,USDCHF,USDCHF,0.98
2015-12-11,EURCHF,EURCHF,1.08
2015-12-14,USDCHF,USDCHF,0.98
2015-12-14,EURCHF,EURCHF,1.08
2015-12-15,USDCHF,USDCHF,0.99
2015-12-15,EURCHF,EURCHF,1.08
2015-12-16,USDCHF,USDCHF,0.99
2015-12-16,EURCHF,EURCHF,1.08
2015-12-17,USDCHF,USDCHF,1.0
2015-12-17,EURCHF,EURCHF,1.08
2015-12-18,USDCHF,USDCHF,0.99
2015-12-18,EURCHF,EURCHF,1.08
2015-12-21,USDCHF,USDCHF,0.99
2015-12-21,EURCHF,EURCHF,1.08
2015-12-22,USDCHF,USDCHF,0.99
2015-12-22,EURCHF,EURCHF,1.08
2015-12-23,USDCHF,USDCHF,0.99
2015-12-23,EURCHF,EURCHF,1.08
2015-12-24,USDCHF,USDCHF,0.99
2015-12-24,EURCHF,EURCHF,1.08
2015-12-25,USDCHF,USDCHF,0.99
2015-12-25,EURCHF,EURCHF,1.08
2015-12-28,USDCHF,USDCHF,0.99
2015-12-28,EURCHF,EURCHF,1.08
2015-12-29,USDCHF,USDCHF,0.99
2015-12-29,EURCHF,EURCHF,1.08
2015-12-30,USDCHF,USDCHF,0.99
2015-12-30,EURCHF,EURCHF,1.08
2015-12-31,USDCHF,USDCHF,1.0
2015-12-31,EURCHF,EURCHF,1.09
2016-01-01,USDCHF,USDCHF,1.0
2016-01-01,EURCHF,EURCHF,1.09
2016-01-04,USDCHF,USDCHF,1.01
2016-01-04,EURCHF,EURCHF,1.09
2016-01-05,USDCHF,USDCHF,1.01
2016-01-05,EURCHF,EURCHF,1.08
2016-01-06,USDCHF,USDCHF,1.01
2016-01-06,EURCHF,EURCHF,1.08
2016-01-07,USDCHF,USDCHF,1.0
2016-01-07,EURCHF,EURCHF,1.09
2016-01-08,USDCHF,USDCHF,1.0
2016-01-08,EURCHF,EURCHF,1.09
2016-01-11,USDCHF,USDCHF,1.0
2016-01-11,EURCHF,EURCHF,1.09
2016-01-12,USDCHF,USDCHF,1.0
2016-01-12,EURCHF,EURCHF,1.09
2016-01-13,USDCHF,USDCHF,1.01
2016-01-13,EURCHF,EURCHF,1.1
2016-01-14,USDCHF,USDCHF,1.01
2016-01-14,EURCHF,EURCHF,1.09
2016-01-15,USDCHF,USDCHF,1.0
2016-01-15,EURCHF,EURCHF,1.09
2016-01-18,USDCHF,USDCHF,1.01
2016-01-18,EURCHF,EURCHF,1.09
2016-01-19,USDCHF,USDCHF,1.0
2016-01-19,EURCHF,EURCHF,1.09
2016-01-20,USDCHF,USDCHF,1.0
2016-01-20,EURCHF,EURCHF,1.09
2016-01-21,USDCHF,USDCHF,1.01
2016-01-21,EURCHF,EURCHF,1.09
2016-01-22,USDCHF,USDCHF,1.01
2016-01-22,EURCHF,EURCHF,1.1
2016-01-25,USDCHF,USDCHF,1.02
2016-01-25,EURCHF,EURCHF,1.1
2016-01-26,USDCHF,USDCHF,1.02
2016-01-26,EURCHF,EURCHF,1.1
2016-01-27,USDCHF,USDCHF,1.02
2016-01-27,EURCHF,EURCHF,1.11
2016-01-28,USDCHF,USDCHF,1.01
2016-01-28,EURCHF,EURCHF,1.11
2016-01-29,USDCHF,USDCHF,1.02
2016-01-29,EURCHF,EURCHF,1.11
2016-02-01,USDCHF,USDCHF,1.02
2016-02-01,EURCHF,EURCHF,1.11
2016-02-02,USDCHF,USDCHF,1.02
2016-02-02,EURCHF,EURCHF,1.11
2016-02-03,USDCHF,USDCHF,1.01
2016-02-03,EURCHF,EURCHF,1.11
2016-02-04,USDCHF,USDCHF,1.0
2016-02-04,EURCHF,EURCHF,1.11
2016-02-05,USDCHF,USDCHF,0.99
2016-02-05,EURCHF,EURCHF,1.11
2016-02-08,USDCHF,USDCHF,0.99
2016-02-08,EURCHF,EURCHF,1.1
2016-02-09,USDCHF,USDCHF,0.97
2016-02-09,EURCHF,EURCHF,1.1
2016-02-10,USDCHF,USDCHF,0.98
2016-02-10,EURCHF,EURCHF,1.1
2016-02-11,USDCHF,USDCHF,0.97
2016-02-11,EURCHF,EURCHF,1.1
2016-02-12,USDCHF,USDCHF,0.98
2016-02-12,EURCHF,EURCHF,1.1
2016-02-15,USDCHF,USDCHF,0.99
2016-02-15,EURCHF,EURCHF,1.1
2016-02-16,USDCHF,USDCHF,0.99
2016-02-16,EURCHF,EURCHF,1.1
2016-02-17,USDCHF,USDCHF,0.99
2016-02-17,EURCHF,EURCHF,1.11
2016-02-18,USDCHF,USDCHF,0.99
2016-02-18,EURCHF,EURCHF,1.1
2016-02-19,USDCHF,USDCHF,0.99
2016-02-19,EURCHF,EURCHF,1.1
2016-02-22,USDCHF,USDCHF,1.0
2016-02-22,EURCHF,EURCHF,1.1
2016-02-23,USDCHF,USDCHF,0.99
2016-02-23,EURCHF,EURCHF,1.09
2016-02-24,USDCHF,USDCHF,0.99
2016-02-24,EURCHF,EURCHF,1.09
2016-02-25,USDCHF,USDCHF,0.99
2016-02-25,EURCHF,EURCHF,1.09
2016-02-26,USDCHF,USDCHF,1.0
2016-02-26,EURCHF,EURCHF,1.09
2016-02-29,USDCHF,USDCHF,1.0
2016-02-29,EURCHF,EURCHF,1.08
2016-03-01,USDCHF,USDCHF,1.0
2016-03-01,EURCHF,EURCHF,1.08
2016-03-02,USDCHF,USDCHF,1.0
2016-03-02,EURCHF,EURCHF,1.08
2016-03-03,USDCHF,USDCHF,0.99
2016-03-03,EURCHF,EURCHF,1.09
2016-03-04,USDCHF,USDCHF,0.99
2016-03-04,EURCHF,EURCHF,1.09
2016-03-07,USDCHF,USDCHF,1.0
2016-03-07,EURCHF,EURCHF,1.1
2016-03-08,USDCHF,USDCHF,0.99
2016-03-08,EURCHF,EURCHF,1.1
2016-03-09,USDCHF,USDCHF,1.0
2016-03-09,EURCHF,EURCHF,1.1
2016-03-10,USDCHF,USDCHF,0.99
2016-03-10,EURCHF,EURCHF,1.1
2016-03-11,USDCHF,USDCHF,0.98
2016-03-11,EURCHF,EURCHF,1.1
2016-03-14,USDCHF,USDCHF,0.99
2016-03-14,EURCHF,EURCHF,1.09
2016-03-15,USDCHF,USDCHF,0.99
2016-03-15,EURCHF,EURCHF,1.09
2016-03-16,USDCHF,USDCHF,0.99
2016-03-16,EURCHF,EURCHF,1.09
2016-03-17,USDCHF,USDCHF,0.97
2016-03-17,EURCHF,EURCHF,1.1
2016-03-18,USDCHF,USDCHF,0.97
2016-03-18,EURCHF,EURCHF,1.09
2016-03-21,USDCHF,USDCHF,0.97
2016-03-21,EURCHF,EURCHF,1.09
2016-03-22,USDCHF,USDCHF,0.97
2016-03-22,EURCHF,EURCHF,1.09
2016-03-23,USDCHF,USDCHF,0.97
2016-03-23,EURCHF,EURCHF,1.09
2016-03-24,USDCHF,USDCHF,0.98
2016-03-24,EURCHF,EURCHF,1.09
2016-03-25,USDCHF,USDCHF,0.98
2016-03-25,EURCHF,EURCHF,1.09
2016-03-28,USDCHF,USDCHF,0.97
2016-03-28,EURCHF,EURCHF,1.09
2016-03-29,USDCHF,USDCHF,0.98
2016-03-29,EURCHF,EURCHF,1.09
2016-03-30,USDCHF,USDCHF,0.96
2016-03-30,EURCHF,EURCHF,1.09
2016-03-31,USDCHF,USDCHF,0.96
2016-03-31,EURCHF,EURCHF,1.09
2016-04-01,USDCHF,USDCHF,0.96
2016-04-01,EURCHF,EURCHF,1.09
2016-04-04,USDCHF,USDCHF,0.96
2016-04-04,EURCHF,EURCHF,1.09
2016-04-05,USDCHF,USDCHF,0.96
2016-04-05,EURCHF,EURCHF,1.09
2016-04-06,USDCHF,USDCHF,0.96
2016-04-06,EURCHF,EURCHF,1.09
2016-04-07,USDCHF,USDCHF,0.95
2016-04-07,EURCHF,EURCHF,1.09
2016-04-08,USDCHF,USDCHF,0.95
2016-04-08,EURCHF,EURCHF,1.09
2016-04-11,USDCHF,USDCHF,0.95
2016-04-11,EURCHF,EURCHF,1.09
2016-04-12,USDCHF,USDCHF,0.96
2016-04-12,EURCHF,EURCHF,1.09
2016-04-13,USDCHF,USDCHF,0.97
2016-04-13,EURCHF,EURCHF,1.09
2016-04-14,USDCHF,USDCHF,0.97
2016-04-14,EURCHF,EURCHF,1.09
2016-04-15,USDCHF,USDCHF,0.97
2016-04-15,EURCHF,EURCHF,1.09
2016-04-18,USDCHF,USDCHF,0.96
2016-04-18,EURCHF,EURCHF,1.09
2016-04-19,USDCHF,USDCHF,0.96
2016-04-19,EURCHF,EURCHF,1.09
2016-04-20,USDCHF,USDCHF,0.97
2016-04-20,EURCHF,EURCHF,1.09
2016-04-21,USDCHF,USDCHF,0.97
2016-04-21,EURCHF,EURCHF,1.1
2016-04-22,USDCHF,USDCHF,0.98
2016-04-22,EURCHF,EURCHF,1.1
2016-04-25,USDCHF,USDCHF,0.97
2016-04-25,EURCHF,EURCHF,1.1
2016-04-26,USDCHF,USDCHF,0.97
2016-04-26,EURCHF,EURCHF,1.1
2016-04-27,USDCHF,USDCHF,0.97
2016-04-27,EURCHF,EURCHF,1.1
2016-04-28,USDCHF,USDCHF,0.97
2016-04-28,EURCHF,EURCHF,1.1
2016-04-29,USDCHF,USDCHF,0.96
2016-04-29,EURCHF,EURCHF,1.1
2016-05-02,USDCHF,USDCHF,0.96
2016-05-02,EURCHF,EURCHF,1.1
2016-05-03,USDCHF,USDCHF,0.95
2016-05-03,EURCHF,EURCHF,1.1
2016-05-04,USDCHF,USDCHF,0.96
2016-05-04,EURCHF,EURCHF,1.1
2016-05-05,USDCHF,USDCHF,0.97
2016-05-05,EURCHF,EURCHF,1.1
2016-05-06,USDCHF,USDCHF,0.97
2016-05-06,EURCHF,EURCHF,1.11
2016-05-09,USDCHF,USDCHF,0.97
2016-05-09,EURCHF,EURCHF,1.11
2016-05-10,USDCHF,USDCHF,0.97
2016-05-10,EURCHF,EURCHF,1.11
2016-05-11,USDCHF,USDCHF,0.97
2016-05-11,EURCHF,EURCHF,1.11
2016-05-12,USDCHF,USDCHF,0.97
2016-05-12,EURCHF,EURCHF,1.1
2016-05-13,USDCHF,USDCHF,0.98
2016-05-13,EURCHF,EURCHF,1.1
2016-05-16,USDCHF,USDCHF,0.98
2016-05-16,EURCHF,EURCHF,1.11
2016-05-17,USDCHF,USDCHF,0.98
2016-05-17,EURCHF,EURCHF,1.11
2016-05-18,USDCHF,USDCHF,0.98
2016-05-18,EURCHF,EURCHF,1.11
2016-05-19,USDCHF,USDCHF,0.99
2016-05-19,EURCHF,EURCHF,1.11
2016-05-20,USDCHF,USDCHF,0.99
2016-05-20,EURCHF,EURCHF,1.11
2016-05-23,USDCHF,USDCHF,0.99
2016-05-23,EURCHF,EURCHF,1.11
2016-05-24,USDCHF,USDCHF,0.99
2016-05-24,EURCHF,EURCHF,1.11
2016-05-25,USDCHF,USDCHF,0.99
2016-05-25,EURCHF,EURCHF,1.1
2016-05-26,USDCHF,USDCHF,0.99
2016-05-26,EURCHF,EURCHF,1.11
2016-05-27,USDCHF,USDCHF,0.99
2016-05-27,EURCHF,EURCHF,1.11
2016-05-30,USDCHF,USDCHF,0.99
2016-05-30,EURCHF,EURCHF,1.11
2016-05-31,USDCHF,USDCHF,0.99
2016-05-31,EURCHF,EURCHF,1.11
2016-06-01,USDCHF,USDCHF,0.99
2016-06-01,EURCHF,EURCHF,1.1
2016-06-02,USDCHF,USDCHF,0.99
2016-06-02,EURCHF,EURCHF,1.1
2016-06-03,USDCHF,USDCHF,0.98
2016-06-03,EURCHF,EURCHF,1.11
2016-06-06,USDCHF,USDCHF,0.97
2016-06-06,EURCHF,EURCHF,1.1
2016-06-07,USDCHF,USDCHF,0.97
2016-06-07,EURCHF,EURCHF,1.1
2016-06-08,USDCHF,USDCHF,0.96
2016-06-08,EURCHF,EURCHF,1.09
2016-06-09,USDCHF,USDCHF,0.96
2016-06-09,EURCHF,EURCHF,1.09
2016-06-10,USDCHF,USDCHF,0.96
2016-06-10,EURCHF,EURCHF,1.09
2016-06-13,USDCHF,USDCHF,0.97
2016-06-13,EURCHF,EURCHF,1.09
2016-06-14,USDCHF,USDCHF,0.96
2016-06-14,EURCHF,EURCHF,1.08
2016-06-15,USDCHF,USDCHF,0.96
2016-06-15,EURCHF,EURCHF,1.08
2016-06-16,USDCHF,USDCHF,0.97
2016-06-16,EURCHF,EURCHF,1.08
2016-06-17,USDCHF,USDCHF,0.96
2016-06-17,EURCHF,EURCHF,1.08
2016-06-20,USDCHF,USDCHF,0.96
2016-06-20,EURCHF,EURCHF,1.09
2016-06-21,USDCHF,USDCHF,0.96
2016-06-21,EURCHF,EURCHF,1.08
2016-06-22,USDCHF,USDCHF,0.96
2016-06-22,EURCHF,EURCHF,1.08
2016-06-23,USDCHF,USDCHF,0.96
2016-06-23,EURCHF,EURCHF,1.09
2016-06-24,USDCHF,USDCHF,0.97
2016-06-24,EURCHF,EURCHF,1.08
2016-06-27,USDCHF,USDCHF,0.98
2016-06-27,EURCHF,EURCHF,1.08
2016-06-28,USDCHF,USDCHF,0.98
2016-06-28,EURCHF,EURCHF,1.08
2016-06-29,USDCHF,USDCHF,0.98
2016-06-29,EURCHF,EURCHF,1.09
2016-06-30,USDCHF,USDCHF,0.97
2016-06-30,EURCHF,EURCHF,1.08
2016-07-01,USDCHF,USDCHF,0.97
2016-07-01,EURCHF,EURCHF,1.08
2016-07-04,USDCHF,USDCHF,0.97
2016-07-04,EURCHF,EURCHF,1.08
2016-07-05,USDCHF,USDCHF,0.97
2016-07-05,EURCHF,EURCHF,1.08
2016-07-06,USDCHF,USDCHF,0.98
2016-07-06,EURCHF,EURCHF,1.08
2016-07-07,USDCHF,USDCHF,0.98
2016-07-07,EURCHF,EURCHF,1.08
2016-07-08,USDCHF,USDCHF,0.98
2016-07-08,EURCHF,EURCHF,1.09
2016-07-11,USDCHF,USDCHF,0.98
2016-07-11,EURCHF,EURCHF,1.09
2016-07-12,USDCHF,USDCHF,0.99
2016-07-12,EURCHF,EURCHF,1.09
2016-07-13,USDCHF,USDCHF,0.98
2016-07-13,EURCHF,EURCHF,1.09
2016-07-14,USDCHF,USDCHF,0.98
2016-07-14,EURCHF,EURCHF,1.09
2016-07-15,USDCHF,USDCHF,0.98
2016-07-15,EURCHF,EURCHF,1.09
2016-07-18,USDCHF,USDCHF,0.98
2016-07-18,EURCHF,EURCHF,1.09
2016-07-19,USDCHF,USDCHF,0.99
2016-07-19,EURCHF,EURCHF,1.08
2016-07-20,USDCHF,USDCHF,0.99
2016-07-20,EURCHF,EURCHF,1.09
2016-07-21,USDCHF,USDCHF,0.99
2016-07-21,EURCHF,EURCHF,1.09
2016-07-22,USDCHF,USDCHF,0.99
2016-07-22,EURCHF,EURCHF,1.09
2016-07-25,USDCHF,USDCHF,0.99
2016-07-25,EURCHF,EURCHF,1.08
2016-07-26,USDCHF,USDCHF,0.99
2016-07-26,EURCHF,EURCHF,1.09
2016-07-27,USDCHF,USDCHF,0.99
2016-07-27,EURCHF,EURCHF,1.09
2016-07-28,USDCHF,USDCHF,0.98
2016-07-28,EURCHF,EURCHF,1.09
2016-07-29,USDCHF,USDCHF,0.97
2016-07-29,EURCHF,EURCHF,1.08
2016-08-01,USDCHF,USDCHF,0.97
2016-08-01,EURCHF,EURCHF,1.08
2016-08-02,USDCHF,USDCHF,0.96
2016-08-02,EURCHF,EURCHF,1.08
2016-08-03,USDCHF,USDCHF,0.97
2016-08-03,EURCHF,EURCHF,1.09
2016-08-04,USDCHF,USDCHF,0.97
2016-08-04,EURCHF,EURCHF,1.08
2016-08-05,USDCHF,USDCHF,0.98
2016-08-05,EURCHF,EURCHF,1.09
2016-08-08,USDCHF,USDCHF,0.98
2016-08-08,EURCHF,EURCHF,1.09
2016-08-09,USDCHF,USDCHF,0.98
2016-08-09,EURCHF,EURCHF,1.09
2016-08-10,USDCHF,USDCHF,0.98
2016-08-10,EURCHF,EURCHF,1.09
2016-08-11,USDCHF,USDCHF,0.97
2016-08-11,EURCHF,EURCHF,1.09
2016-08-12,USDCHF,USDCHF,0.97
2016-08-12,EURCHF,EURCHF,1.09
2016-08-15,USDCHF,USDCHF,0.97
2016-08-15,EURCHF,EURCHF,1.09
2016-08-16,USDCHF,USDCHF,0.96
2016-08-16,EURCHF,EURCHF,1.08
2016-08-17,USDCHF,USDCHF,0.96
2016-08-17,EURCHF,EURCHF,1.09
2016-08-18,USDCHF,USDCHF,0.96
2016-08-18,EURCHF,EURCHF,1.08
2016-08-19,USDCHF,USDCHF,0.96
2016-08-19,EURCHF,EURCHF,1.09
2016-08-22,USDCHF,USDCHF,0.96
2016-08-22,EURCHF,EURCHF,1.09
2016-08-23,USDCHF,USDCHF,0.96
2016-08-23,EURCHF,EURCHF,1.09
2016-08-24,USDCHF,USDCHF,0.97
2016-08-24,EURCHF,EURCHF,1.09
2016-08-25,USDCHF,USDCHF,0.97
2016-08-25,EURCHF,EURCHF,1.09
2016-08-26,USDCHF,USDCHF,0.97
2016-08-26,EURCHF,EURCHF,1.09
2016-08-29,USDCHF,USDCHF,0.98
2016-08-29,EURCHF,EURCHF,1.09
2016-08-30,USDCHF,USDCHF,0.98
2016-08-30,EURCHF,EURCHF,1.09
2016-08-31,USDCHF,USDCHF,0.98
2016-08-31,EURCHF,EURCHF,1.09
2016-09-01,USDCHF,USDCHF,0.98
2016-09-01,EURCHF,EURCHF,1.1
2016-09-02,USDCHF,USDCHF,0.98
2016-09-02,EURCHF,EURCHF,1.09
2016-09-05,USDCHF,USDCHF,0.98
2016-09-05,EURCHF,EURCHF,1.09
2016-09-06,USDCHF,USDCHF,0.97
2016-09-06,EURCHF,EURCHF,1.09
2016-09-07,USDCHF,USDCHF,0.97
2016-09-07,EURCHF,EURCHF,1.09
2016-09-08,USDCHF,USDCHF,0.97
2016-09-08,EURCHF,EURCHF,1.09
2016-09-09,USDCHF,USDCHF,0.98
2016-09-09,EURCHF,EURCHF,1.1
2016-09-12,USDCHF,USDCHF,0.97
2016-09-12,EURCHF,EURCHF,1.09
2016-09-13,USDCHF,USDCHF,0.97
2016-09-13,EURCHF,EURCHF,1.09
2016-09-14,USDCHF,USDCHF,0.97
2016-09-14,EURCHF,EURCHF,1.09
2016-09-15,USDCHF,USDCHF,0.97
2016-09-15,EURCHF,EURCHF,1.09
2016-09-16,USDCHF,USDCHF,0.98
2016-09-16,EURCHF,EURCHF,1.09
2016-09-19,USDCHF,USDCHF,0.98
2016-09-19,EURCHF,EURCHF,1.1
2016-09-20,USDCHF,USDCHF,0.98
2016-09-20,EURCHF,EURCHF,1.09
2016-09-21,USDCHF,USDCHF,0.98
2016-09-21,EURCHF,EURCHF,1.09
2016-09-22,USDCHF,USDCHF,0.97
2016-09-22,EURCHF,EURCHF,1.09
2016-09-23,USDCHF,USDCHF,0.97
2016-09-23,EURCHF,EURCHF,1.09
2016-09-26,USDCHF,USDCHF,0.97
2016-09-26,EURCHF,EURCHF,1.09
2016-09-27,USDCHF,USDCHF,0.97
2016-09-27,EURCHF,EURCHF,1.09
2016-09-28,USDCHF,USDCHF,0.97
2016-09-28,EURCHF,EURCHF,1.09
2016-09-29,USDCHF,USDCHF,0.97
2016-09-29,EURCHF,EURCHF,1.09
2016-09-30,USDCHF,USDCHF,0.97
2016-09-30,EURCHF,EURCHF,1.09
2016-10-03,USDCHF,USDCHF,0.97
2016-10-03,EURCHF,EURCHF,1.09
2016-10-04,USDCHF,USDCHF,0.98
2016-10-04,EURCHF,EURCHF,1.09
2016-10-05,USDCHF,USDCHF,0.98
2016-10-05,EURCHF,EURCHF,1.09
2016-10-06,USDCHF,USDCHF,0.98
2016-10-06,EURCHF,EURCHF,1.09
2016-10-07,USDCHF,USDCHF,0.98
2016-10-07,EURCHF,EURCHF,1.09
2016-10-10,USDCHF,USDCHF,0.98
2016-10-10,EURCHF,EURCHF,1.1
2016-10-11,USDCHF,USDCHF,0.99
2016-10-11,EURCHF,EURCHF,1.09
2016-10-12,USDCHF,USDCHF,0.99
2016-10-12,EURCHF,EURCHF,1.09
2016-10-13,USDCHF,USDCHF,0.99
2016-10-13,EURCHF,EURCHF,1.09
2016-10-14,USDCHF,USDCHF,0.99
2016-10-14,EURCHF,EURCHF,1.09
2016-10-17,USDCHF,USDCHF,0.99
2016-10-17,EURCHF,EURCHF,1.09
2016-10-18,USDCHF,USDCHF,0.99
2016-10-18,EURCHF,EURCHF,1.09
2016-10-19,USDCHF,USDCHF,0.99
2016-10-19,EURCHF,EURCHF,1.08
2016-10-20,USDCHF,USDCHF,0.99
2016-10-20,EURCHF,EURCHF,1.08
2016-10-21,USDCHF,USDCHF,1.0
2016-10-21,EURCHF,EURCHF,1.08
2016-10-24,USDCHF,USDCHF,0.99
2016-10-24,EURCHF,EURCHF,1.08
2016-10-25,USDCHF,USDCHF,1.0
2016-10-25,EURCHF,EURCHF,1.08
2016-10-26,USDCHF,USDCHF,0.99
2016-10-26,EURCHF,EURCHF,1.08
2016-10-27,USDCHF,USDCHF,0.99
2016-10-27,EURCHF,EURCHF,1.08
2016-10-28,USDCHF,USDCHF,0.99
2016-10-28,EURCHF,EURCHF,1.09
2016-10-31,USDCHF,USDCHF,0.99
2016-10-31,EURCHF,EURCHF,1.08
2016-11-01,USDCHF,USDCHF,0.98
2016-11-01,EURCHF,EURCHF,1.08
2016-11-02,USDCHF,USDCHF,0.97
2016-11-02,EURCHF,EURCHF,1.08
2016-11-03,USDCHF,USDCHF,0.97
2016-11-03,EURCHF,EURCHF,1.08
2016-11-04,USDCHF,USDCHF,0.97
2016-11-04,EURCHF,EURCHF,1.08
2016-11-07,USDCHF,USDCHF,0.98
2016-11-07,EURCHF,EURCHF,1.08
2016-11-08,USDCHF,USDCHF,0.97
2016-11-08,EURCHF,EURCHF,1.08
2016-11-09,USDCHF,USDCHF,0.98
2016-11-09,EURCHF,EURCHF,1.07
2016-11-10,USDCHF,USDCHF,0.99
2016-11-10,EURCHF,EURCHF,1.07
2016-11-11,USDCHF,USDCHF,0.99
2016-11-11,EURCHF,EURCHF,1.07
2016-11-14,USDCHF,USDCHF,1.0
2016-11-14,EURCHF,EURCHF,1.07
2016-11-15,USDCHF,USDCHF,1.0
2016-11-15,EURCHF,EURCHF,1.07
2016-11-16,USDCHF,USDCHF,1.0
2016-11-16,EURCHF,EURCHF,1.07
2016-11-17,USDCHF,USDCHF,1.0
2016-11-17,EURCHF,EURCHF,1.07
2016-11-18,USDCHF,USDCHF,1.01
2016-11-18,EURCHF,EURCHF,1.07
2016-11-21,USDCHF,USDCHF,1.01
2016-11-21,EURCHF,EURCHF,1.07
2016-11-22,USDCHF,USDCHF,1.01
2016-11-22,EURCHF,EURCHF,1.07
2016-11-23,USDCHF,USDCHF,1.02
2016-11-23,EURCHF,EURCHF,1.07
2016-11-24,USDCHF,USDCHF,1.02
2016-11-24,EURCHF,EURCHF,1.07
2016-11-25,USDCHF,USDCHF,1.01
2016-11-25,EURCHF,EURCHF,1.07
2016-11-28,USDCHF,USDCHF,1.01
2016-11-28,EURCHF,EURCHF,1.07
2016-11-29,USDCHF,USDCHF,1.01
2016-11-29,EURCHF,EURCHF,1.08
2016-11-30,USDCHF,USDCHF,1.02
2016-11-30,EURCHF,EURCHF,1.08
2016-12-01,USDCHF,USDCHF,1.01
2016-12-01,EURCHF,EURCHF,1.08
2016-12-02,USDCHF,USDCHF,1.01
2016-12-02,EURCHF,EURCHF,1.08
2016-12-05,USDCHF,USDCHF,1.01
2016-12-05,EURCHF,EURCHF,1.08
2016-12-06,USDCHF,USDCHF,1.01
2016-12-06,EURCHF,EURCHF,1.08
2016-12-07,USDCHF,USDCHF,1.01
2016-12-07,EURCHF,EURCHF,1.08
2016-12-08,USDCHF,USDCHF,1.02
2016-12-08,EURCHF,EURCHF,1.08
2016-12-09,USDCHF,USDCHF,1.02
2016-12-09,EURCHF,EURCHF,1.08
2016-12-12,USDCHF,USDCHF,1.02
2016-12-12,EURCHF,EURCHF,1.08
2016-12-13,USDCHF,USDCHF,1.01
2016-12-13,EURCHF,EURCHF,1.08
2016-12-14,USDCHF,USDCHF,1.01
2016-12-14,EURCHF,EURCHF,1.08
2016-12-15,USDCHF,USDCHF,1.03
2016-12-15,EURCHF,EURCHF,1.07
2016-12-16,USDCHF,USDCHF,1.03
2016-12-16,EURCHF,EURCHF,1.07
2016-12-19,USDCHF,USDCHF,1.02
2016-12-19,EURCHF,EURCHF,1.07
2016-12-20,USDCHF,USDCHF,1.03
2016-12-20,EURCHF,EURCHF,1.07
2016-12-21,USDCHF,USDCHF,1.03
2016-12-21,EURCHF,EURCHF,1.07
2016-12-22,USDCHF,USDCHF,1.03
2016-12-22,EURCHF,EURCHF,1.07
2016-12-23,USDCHF,USDCHF,1.03
2016-12-23,EURCHF,EURCHF,1.07
2016-12-26,USDCHF,USDCHF,1.03
2016-12-26,EURCHF,EURCHF,1.07
2016-12-27,USDCHF,USDCHF,1.03
2016-12-27,EURCHF,EURCHF,1.08
2016-12-28,USDCHF,USDCHF,1.03
2016-12-28,EURCHF,EURCHF,1.07
2016-12-29,USDCHF,USDCHF,1.02
2016-12-29,EURCHF,EURCHF,1.07
2016-12-30,USDCHF,USDCHF,1.02
2016-12-30,EURCHF,EURCHF,1.07
2017-01-02,USDCHF,USDCHF,1.02
2017-01-02,EURCHF,EURCHF,1.07
2017-01-03,USDCHF,USDCHF,1.03
2017-01-03,EURCHF,EURCHF,1.07
2017-01-04,USDCHF,USDCHF,1.02
2017-01-04,EURCHF,EURCHF,1.07
2017-01-05,USDCHF,USDCHF,1.01
2017-01-05,EURCHF,EURCHF,1.07
2017-01-06,USDCHF,USDCHF,1.01
2017-01-06,EURCHF,EURCHF,1.07
2017-01-09,USDCHF,USDCHF,1.02
2017-01-09,EURCHF,EURCHF,1.07
2017-01-10,USDCHF,USDCHF,1.01
2017-01-10,EURCHF,EURCHF,1.07
2017-01-11,USDCHF,USDCHF,1.02
2017-01-11,EURCHF,EURCHF,1.07
2017-01-12,USDCHF,USDCHF,1.01
2017-01-12,EURCHF,EURCHF,1.07
2017-01-13,USDCHF,USDCHF,1.01
2017-01-13,EURCHF,EURCHF,1.07
2017-01-16,USDCHF,USDCHF,1.01
2017-01-16,EURCHF,EURCHF,1.07
2017-01-17,USDCHF,USDCHF,1.0
2017-01-17,EURCHF,EURCHF,1.07
2017-01-18,USDCHF,USDCHF,1.0
2017-01-18,EURCHF,EURCHF,1.07
2017-01-19,USDCHF,USDCHF,1.01
2017-01-19,EURCHF,EURCHF,1.07
2017-01-20,USDCHF,USDCHF,1.01
2017-01-20,EURCHF,EURCHF,1.07
2017-01-23,USDCHF,USDCHF,1.0
2017-01-23,EURCHF,EURCHF,1.07
2017-01-24,USDCHF,USDCHF,1.0
2017-01-24,EURCHF,EURCHF,1.07
2017-01-25,USDCHF,USDCHF,1.0
2017-01-25,EURCHF,EURCHF,1.07
2017-01-26,USDCHF,USDCHF,1.0
2017-01-26,EURCHF,EURCHF,1.07
2017-01-27,USDCHF,USDCHF,1.0
2017-01-27,EURCHF,EURCHF,1.07
2017-01-30,USDCHF,USDCHF,1.0
2017-01-30,EURCHF,EURCHF,1.07
2017-01-31,USDCHF,USDCHF,0.99
2017-01-31,EURCHF,EURCHF,1.07
2017-02-01,USDCHF,USDCHF,0.99
2017-02-01,EURCHF,EURCHF,1.07
2017-02-02,USDCHF,USDCHF,0.99
2017-02-02,EURCHF,EURCHF,1.07
2017-02-03,USDCHF,USDCHF,0.99
2017-02-03,EURCHF,EURCHF,1.07
2017-02-06,USDCHF,USDCHF,0.99
2017-02-06,EURCHF,EURCHF,1.07
2017-02-07,USDCHF,USDCHF,1.0
2017-02-07,EURCHF,EURCHF,1.07
2017-02-08,USDCHF,USDCHF,0.99
2017-02-08,EURCHF,EURCHF,1.06
2017-02-09,USDCHF,USDCHF,1.0
2017-02-09,EURCHF,EURCHF,1.07
2017-02-10,USDCHF,USDCHF,1.0
2017-02-10,EURCHF,EURCHF,1.07
2017-02-13,USDCHF,USDCHF,1.01
2017-02-13,EURCHF,EURCHF,1.07
2017-02-14,USDCHF,USDCHF,1.01
2017-02-14,EURCHF,EURCHF,1.06
2017-02-15,USDCHF,USDCHF,1.01
2017-02-15,EURCHF,EURCHF,1.07
2017-02-16,USDCHF,USDCHF,1.0
2017-02-16,EURCHF,EURCHF,1.07
2017-02-17,USDCHF,USDCHF,1.0
2017-02-17,EURCHF,EURCHF,1.06
2017-02-20,USDCHF,USDCHF,1.0
2017-02-20,EURCHF,EURCHF,1.06
2017-02-21,USDCHF,USDCHF,1.01
2017-02-21,EURCHF,EURCHF,1.06
2017-02-22,USDCHF,USDCHF,1.01
2017-02-22,EURCHF,EURCHF,1.07
2017-02-23,USDCHF,USDCHF,1.01
2017-02-23,EURCHF,EURCHF,1.07
2017-02-24,USDCHF,USDCHF,1.01
2017-02-24,EURCHF,EURCHF,1.06
2017-02-27,USDCHF,USDCHF,1.01
2017-02-27,EURCHF,EURCHF,1.07
2017-02-28,USDCHF,USDCHF,1.0
2017-02-28,EURCHF,EURCHF,1.06
2017-03-01,USDCHF,USDCHF,1.01
2017-03-01,EURCHF,EURCHF,1.06
2017-03-02,USDCHF,USDCHF,1.01
2017-03-02,EURCHF,EURCHF,1.06
2017-03-03,USDCHF,USDCHF,1.01
2017-03-03,EURCHF,EURCHF,1.07
2017-03-06,USDCHF,USDCHF,1.01
2017-03-06,EURCHF,EURCHF,1.07
2017-03-07,USDCHF,USDCHF,1.01
2017-03-07,EURCHF,EURCHF,1.07
2017-03-08,USDCHF,USDCHF,1.01
2017-03-08,EURCHF,EURCHF,1.07
2017-03-09,USDCHF,USDCHF,1.01
2017-03-09,EURCHF,EURCHF,1.07
2017-03-10,USDCHF,USDCHF,1.01
2017-03-10,EURCHF,EURCHF,1.08
2017-03-13,USDCHF,USDCHF,1.01
2017-03-13,EURCHF,EURCHF,1.07
2017-03-14,USDCHF,USDCHF,1.01
2017-03-14,EURCHF,EURCHF,1.07
2017-03-15,USDCHF,USDCHF,1.01
2017-03-15,EURCHF,EURCHF,1.07
2017-03-16,USDCHF,USDCHF,1.0
2017-03-16,EURCHF,EURCHF,1.07
2017-03-17,USDCHF,USDCHF,1.0
2017-03-17,EURCHF,EURCHF,1.07
2017-03-20,USDCHF,USDCHF,1.0
2017-03-20,EURCHF,EURCHF,1.07
2017-03-21,USDCHF,USDCHF,0.99
2017-03-21,EURCHF,EURCHF,1.07
2017-03-22,USDCHF,USDCHF,0.99
2017-03-22,EURCHF,EURCHF,1.07
2017-03-23,USDCHF,USDCHF,0.99
2017-03-23,EURCHF,EURCHF,1.07
2017-03-24,USDCHF,USDCHF,0.99
2017-03-24,EURCHF,EURCHF,1.07
2017-03-27,USDCHF,USDCHF,0.98
2017-03-27,EURCHF,EURCHF,1.07
2017-03-28,USDCHF,USDCHF,0.98
2017-03-28,EURCHF,EURCHF,1.07
2017-03-29,USDCHF,USDCHF,1.0
2017-03-29,EURCHF,EURCHF,1.07
2017-03-30,USDCHF,USDCHF,1.0
2017-03-30,EURCHF,EURCHF,1.07
2017-03-31,USDCHF,USDCHF,1.0
2017-03-31,EURCHF,EURCHF,1.07
2017-04-03,USDCHF,USDCHF,1.0
2017-04-03,EURCHF,EURCHF,1.07
2017-04-04,USDCHF,USDCHF,1.0
2017-04-04,EURCHF,EURCHF,1.07
2017-04-05,USDCHF,USDCHF,1.0
2017-04-05,EURCHF,EURCHF,1.07
2017-04-06,USDCHF,USDCHF,1.0
2017-04-06,EURCHF,EURCHF,1.07
2017-04-07,USDCHF,USDCHF,1.01
2017-04-07,EURCHF,EURCHF,1.07
2017-04-10,USDCHF,USDCHF,1.01
2017-04-10,EURCHF,EURCHF,1.07
2017-04-11,USDCHF,USDCHF,1.01
2017-04-11,EURCHF,EURCHF,1.07
2017-04-12,USDCHF,USDCHF,1.0
2017-04-12,EURCHF,EURCHF,1.07
2017-04-13,USDCHF,USDCHF,1.0
2017-04-13,EURCHF,EURCHF,1.07
2017-04-14,USDCHF,USDCHF,1.0
2017-04-14,EURCHF,EURCHF,1.07
2017-04-17,USDCHF,USDCHF,1.0
2017-04-17,EURCHF,EURCHF,1.07
2017-04-18,USDCHF,USDCHF,1.0
2017-04-18,EURCHF,EURCHF,1.07
2017-04-19,USDCHF,USDCHF,1.0
2017-04-19,EURCHF,EURCHF,1.07
2017-04-20,USDCHF,USDCHF,1.0
2017-04-20,EURCHF,EURCHF,1.07
2017-04-21,USDCHF,USDCHF,1.0
2017-04-21,EURCHF,EURCHF,1.07
2017-04-24,USDCHF,USDCHF,1.0
2017-04-24,EURCHF,EURCHF,1.08
2017-04-25,USDCHF,USDCHF,0.99
2017-04-25,EURCHF,EURCHF,1.09
2017-04-26,USDCHF,USDCHF,0.99
2017-04-26,EURCHF,EURCHF,1.08
2017-04-27,USDCHF,USDCHF,0.99
2017-04-27,EURCHF,EURCHF,1.08
2017-04-28,USDCHF,USDCHF,1.0
2017-04-28,EURCHF,EURCHF,1.08
2017-05-01,USDCHF,USDCHF,0.99
2017-05-01,EURCHF,EURCHF,1.09
2017-05-02,USDCHF,USDCHF,0.99
2017-05-02,EURCHF,EURCHF,1.08
2017-05-03,USDCHF,USDCHF,0.99
2017-05-03,EURCHF,EURCHF,1.08
2017-05-04,USDCHF,USDCHF,0.99
2017-05-04,EURCHF,EURCHF,1.08
2017-05-05,USDCHF,USDCHF,0.99
2017-05-05,EURCHF,EURCHF,1.09
2017-05-08,USDCHF,USDCHF,1.0
2017-05-08,EURCHF,EURCHF,1.09
2017-05-09,USDCHF,USDCHF,1.01
2017-05-09,EURCHF,EURCHF,1.09
2017-05-10,USDCHF,USDCHF,1.01
2017-05-10,EURCHF,EURCHF,1.1
2017-05-11,USDCHF,USDCHF,1.01
2017-05-11,EURCHF,EURCHF,1.09
2017-05-12,USDCHF,USDCHF,1.0
2017-05-12,EURCHF,EURCHF,1.1
2017-05-15,USDCHF,USDCHF,1.0
2017-05-15,EURCHF,EURCHF,1.09
2017-05-16,USDCHF,USDCHF,0.99
2017-05-16,EURCHF,EURCHF,1.09
2017-05-17,USDCHF,USDCHF,0.98
2017-05-17,EURCHF,EURCHF,1.09
2017-05-18,USDCHF,USDCHF,0.98
2017-05-18,EURCHF,EURCHF,1.09
2017-05-19,USDCHF,USDCHF,0.97
2017-05-19,EURCHF,EURCHF,1.09
2017-05-22,USDCHF,USDCHF,0.97
2017-05-22,EURCHF,EURCHF,1.09
2017-05-23,USDCHF,USDCHF,0.97
2017-05-23,EURCHF,EURCHF,1.09
2017-05-24,USDCHF,USDCHF,0.98
2017-05-24,EURCHF,EURCHF,1.09
2017-05-25,USDCHF,USDCHF,0.97
2017-05-25,EURCHF,EURCHF,1.09
2017-05-26,USDCHF,USDCHF,0.97
2017-05-26,EURCHF,EURCHF,1.09
2017-05-29,USDCHF,USDCHF,0.98
2017-05-29,EURCHF,EURCHF,1.09
2017-05-30,USDCHF,USDCHF,0.98
2017-05-30,EURCHF,EURCHF,1.09
2017-05-31,USDCHF,USDCHF,0.97
2017-05-31,EURCHF,EURCHF,1.09
2017-06-01,USDCHF,USDCHF,0.97
2017-06-01,EURCHF,EURCHF,1.09
2017-06-02,USDCHF,USDCHF,0.96
2017-06-02,EURCHF,EURCHF,1.09
2017-06-05,USDCHF,USDCHF,0.96
2017-06-05,EURCHF,EURCHF,1.09
2017-06-06,USDCHF,USDCHF,0.96
2017-06-06,EURCHF,EURCHF,1.09
2017-06-07,USDCHF,USDCHF,0.96
2017-06-07,EURCHF,EURCHF,1.09
2017-06-08,USDCHF,USDCHF,0.97
2017-06-08,EURCHF,EURCHF,1.09
2017-06-09,USDCHF,USDCHF,0.97
2017-06-09,EURCHF,EURCHF,1.09
2017-06-12,USDCHF,USDCHF,0.97
2017-06-12,EURCHF,EURCHF,1.09
2017-06-13,USDCHF,USDCHF,0.97
2017-06-13,EURCHF,EURCHF,1.09
2017-06-14,USDCHF,USDCHF,0.97
2017-06-14,EURCHF,EURCHF,1.09
2017-06-15,USDCHF,USDCHF,0.97
2017-06-15,EURCHF,EURCHF,1.09
2017-06-16,USDCHF,USDCHF,0.97
2017-06-16,EURCHF,EURCHF,1.09
2017-06-19,USDCHF,USDCHF,0.97
2017-06-19,EURCHF,EURCHF,1.09
2017-06-20,USDCHF,USDCHF,0.98
2017-06-20,EURCHF,EURCHF,1.09
2017-06-21,USDCHF,USDCHF,0.97
2017-06-21,EURCHF,EURCHF,1.09
2017-06-22,USDCHF,USDCHF,0.97
2017-06-22,EURCHF,EURCHF,1.08
2017-06-23,USDCHF,USDCHF,0.97
2017-06-23,EURCHF,EURCHF,1.09
2017-06-26,USDCHF,USDCHF,0.97
2017-06-26,EURCHF,EURCHF,1.09
2017-06-27,USDCHF,USDCHF,0.96
2017-06-27,EURCHF,EURCHF,1.09
2017-06-28,USDCHF,USDCHF,0.96
2017-06-28,EURCHF,EURCHF,1.09
2017-06-29,USDCHF,USDCHF,0.96
2017-06-29,EURCHF,EURCHF,1.09
2017-06-30,USDCHF,USDCHF,0.96
2017-06-30,EURCHF,EURCHF,1.09
2017-07-03,USDCHF,USDCHF,0.96
2017-07-03,EURCHF,EURCHF,1.09
2017-07-04,USDCHF,USDCHF,0.97
2017-07-04,EURCHF,EURCHF,1.1
2017-07-05,USDCHF,USDCHF,0.97
2017-07-05,EURCHF,EURCHF,1.09
2017-07-06,USDCHF,USDCHF,0.96
2017-07-06,EURCHF,EURCHF,1.1
2017-07-07,USDCHF,USDCHF,0.96
2017-07-07,EURCHF,EURCHF,1.1
2017-07-10,USDCHF,USDCHF,0.97
2017-07-10,EURCHF,EURCHF,1.1
2017-07-11,USDCHF,USDCHF,0.97
2017-07-11,EURCHF,EURCHF,1.11
2017-07-12,USDCHF,USDCHF,0.96
2017-07-12,EURCHF,EURCHF,1.1
2017-07-13,USDCHF,USDCHF,0.97
2017-07-13,EURCHF,EURCHF,1.1
2017-07-14,USDCHF,USDCHF,0.97
2017-07-14,EURCHF,EURCHF,1.11
2017-07-17,USDCHF,USDCHF,0.96
2017-07-17,EURCHF,EURCHF,1.1
2017-07-18,USDCHF,USDCHF,0.95
2017-07-18,EURCHF,EURCHF,1.1
2017-07-19,USDCHF,USDCHF,0.95
2017-07-19,EURCHF,EURCHF,1.1
2017-07-20,USDCHF,USDCHF,0.95
2017-07-20,EURCHF,EURCHF,1.11
2017-07-21,USDCHF,USDCHF,0.95
2017-07-21,EURCHF,EURCHF,1.1
2017-07-24,USDCHF,USDCHF,0.95
2017-07-24,EURCHF,EURCHF,1.1
2017-07-25,USDCHF,USDCHF,0.95
2017-07-25,EURCHF,EURCHF,1.11
2017-07-26,USDCHF,USDCHF,0.96
2017-07-26,EURCHF,EURCHF,1.12
2017-07-27,USDCHF,USDCHF,0.96
2017-07-27,EURCHF,EURCHF,1.12
2017-07-28,USDCHF,USDCHF,0.97
2017-07-28,EURCHF,EURCHF,1.14
2017-07-31,USDCHF,USDCHF,0.96
2017-07-31,EURCHF,EURCHF,1.14
2017-08-01,USDCHF,USDCHF,0.97
2017-08-01,EURCHF,EURCHF,1.14
2017-08-02,USDCHF,USDCHF,0.97
2017-08-02,EURCHF,EURCHF,1.15
2017-08-03,USDCHF,USDCHF,0.97
2017-08-03,EURCHF,EURCHF,1.15
2017-08-04,USDCHF,USDCHF,0.97
2017-08-04,EURCHF,EURCHF,1.14
2017-08-07,USDCHF,USDCHF,0.97
2017-08-07,EURCHF,EURCHF,1.15
2017-08-08,USDCHF,USDCHF,0.98
2017-08-08,EURCHF,EURCHF,1.15
2017-08-09,USDCHF,USDCHF,0.97
2017-08-09,EURCHF,EURCHF,1.13
2017-08-10,USDCHF,USDCHF,0.96
2017-08-10,EURCHF,EURCHF,1.13
2017-08-11,USDCHF,USDCHF,0.96
2017-08-11,EURCHF,EURCHF,1.14
2017-08-14,USDCHF,USDCHF,0.97
2017-08-14,EURCHF,EURCHF,1.14
2017-08-15,USDCHF,USDCHF,0.97
2017-08-15,EURCHF,EURCHF,1.14
2017-08-16,USDCHF,USDCHF,0.98
2017-08-16,EURCHF,EURCHF,1.14
2017-08-17,USDCHF,USDCHF,0.96
2017-08-17,EURCHF,EURCHF,1.13
2017-08-18,USDCHF,USDCHF,0.96
2017-08-18,EURCHF,EURCHF,1.13
2017-08-21,USDCHF,USDCHF,0.96
2017-08-21,EURCHF,EURCHF,1.13
2017-08-22,USDCHF,USDCHF,0.97
2017-08-22,EURCHF,EURCHF,1.14
2017-08-23,USDCHF,USDCHF,0.96
2017-08-23,EURCHF,EURCHF,1.14
2017-08-24,USDCHF,USDCHF,0.96
2017-08-24,EURCHF,EURCHF,1.14
2017-08-25,USDCHF,USDCHF,0.96
2017-08-25,EURCHF,EURCHF,1.14
2017-08-28,USDCHF,USDCHF,0.96
2017-08-28,EURCHF,EURCHF,1.14
2017-08-29,USDCHF,USDCHF,0.95
2017-08-29,EURCHF,EURCHF,1.14
2017-08-30,USDCHF,USDCHF,0.96
2017-08-30,EURCHF,EURCHF,1.14
2017-08-31,USDCHF,USDCHF,0.96
2017-08-31,EURCHF,EURCHF,1.14
2017-09-01,USDCHF,USDCHF,0.96
2017-09-01,EURCHF,EURCHF,1.14
2017-09-04,USDCHF,USDCHF,0.96
2017-09-04,EURCHF,EURCHF,1.14
2017-09-05,USDCHF,USDCHF,0.96
2017-09-05,EURCHF,EURCHF,1.14
2017-09-06,USDCHF,USDCHF,0.95
2017-09-06,EURCHF,EURCHF,1.14
2017-09-07,USDCHF,USDCHF,0.95
2017-09-07,EURCHF,EURCHF,1.14
2017-09-08,USDCHF,USDCHF,0.95
2017-09-08,EURCHF,EURCHF,1.14
2017-09-11,USDCHF,USDCHF,0.95
2017-09-11,EURCHF,EURCHF,1.14
2017-09-12,USDCHF,USDCHF,0.96
2017-09-12,EURCHF,EURCHF,1.15
2017-09-13,USDCHF,USDCHF,0.96
2017-09-13,EURCHF,EURCHF,1.15
2017-09-14,USDCHF,USDCHF,0.97
2017-09-14,EURCHF,EURCHF,1.15
2017-09-15,USDCHF,USDCHF,0.96
2017-09-15,EURCHF,EURCHF,1.15
2017-09-18,USDCHF,USDCHF,0.96
2017-09-18,EURCHF,EURCHF,1.15
2017-09-19,USDCHF,USDCHF,0.96
2017-09-19,EURCHF,EURCHF,1.15
2017-09-20,USDCHF,USDCHF,0.96
2017-09-20,EURCHF,EURCHF,1.15
2017-09-21,USDCHF,USDCHF,0.97
2017-09-21,EURCHF,EURCHF,1.16
2017-09-22,USDCHF,USDCHF,0.97
2017-09-22,EURCHF,EURCHF,1.16
2017-09-25,USDCHF,USDCHF,0.97
2017-09-25,EURCHF,EURCHF,1.15
2017-09-26,USDCHF,USDCHF,0.97
2017-09-26,EURCHF,EURCHF,1.14
2017-09-27,USDCHF,USDCHF,0.97
2017-09-27,EURCHF,EURCHF,1.14
2017-09-28,USDCHF,USDCHF,0.97
2017-09-28,EURCHF,EURCHF,1.14
2017-09-29,USDCHF,USDCHF,0.97
2017-09-29,EURCHF,EURCHF,1.14
2017-10-02,USDCHF,USDCHF,0.97
2017-10-02,EURCHF,EURCHF,1.14
2017-10-03,USDCHF,USDCHF,0.97
2017-10-03,EURCHF,EURCHF,1.14
2017-10-04,USDCHF,USDCHF,0.97
2017-10-04,EURCHF,EURCHF,1.15
2017-10-05,USDCHF,USDCHF,0.98
2017-10-05,EURCHF,EURCHF,1.15
2017-10-06,USDCHF,USDCHF,0.98
2017-10-06,EURCHF,EURCHF,1.15
2017-10-09,USDCHF,USDCHF,0.98
2017-10-09,EURCHF,EURCHF,1.15
2017-10-10,USDCHF,USDCHF,0.97
2017-10-10,EURCHF,EURCHF,1.15
2017-10-11,USDCHF,USDCHF,0.97
2017-10-11,EURCHF,EURCHF,1.15
2017-10-12,USDCHF,USDCHF,0.98
2017-10-12,EURCHF,EURCHF,1.16
2017-10-13,USDCHF,USDCHF,0.97
2017-10-13,EURCHF,EURCHF,1.15
2017-10-16,USDCHF,USDCHF,0.98
2017-10-16,EURCHF,EURCHF,1.15
2017-10-17,USDCHF,USDCHF,0.98
2017-10-17,EURCHF,EURCHF,1.15
2017-10-18,USDCHF,USDCHF,0.98
2017-10-18,EURCHF,EURCHF,1.16
2017-10-19,USDCHF,USDCHF,0.97
2017-10-19,EURCHF,EURCHF,1.16
2017-10-20,USDCHF,USDCHF,0.98
2017-10-20,EURCHF,EURCHF,1.16
2017-10-23,USDCHF,USDCHF,0.99
2017-10-23,EURCHF,EURCHF,1.16
2017-10-24,USDCHF,USDCHF,0.99
2017-10-24,EURCHF,EURCHF,1.16
2017-10-25,USDCHF,USDCHF,0.99
2017-10-25,EURCHF,EURCHF,1.17
2017-10-26,USDCHF,USDCHF,1.0
2017-10-26,EURCHF,EURCHF,1.17
2017-10-27,USDCHF,USDCHF,1.0
2017-10-27,EURCHF,EURCHF,1.16
2017-10-30,USDCHF,USDCHF,1.0
2017-10-30,EURCHF,EURCHF,1.16
2017-10-31,USDCHF,USDCHF,1.0
2017-10-31,EURCHF,EURCHF,1.16
2017-11-01,USDCHF,USDCHF,1.0
2017-11-01,EURCHF,EURCHF,1.16
2017-11-02,USDCHF,USDCHF,1.0
2017-11-02,EURCHF,EURCHF,1.16
2017-11-03,USDCHF,USDCHF,1.0
2017-11-03,EURCHF,EURCHF,1.16
2017-11-06,USDCHF,USDCHF,1.0
2017-11-06,EURCHF,EURCHF,1.16
2017-11-07,USDCHF,USDCHF,1.0
2017-11-07,EURCHF,EURCHF,1.16
2017-11-08,USDCHF,USDCHF,1.0
2017-11-08,EURCHF,EURCHF,1.16
2017-11-09,USDCHF,USDCHF,1.0
2017-11-09,EURCHF,EURCHF,1.16
2017-11-10,USDCHF,USDCHF,0.99
2017-11-10,EURCHF,EURCHF,1.16
2017-11-13,USDCHF,USDCHF,1.0
2017-11-13,EURCHF,EURCHF,1.16
2017-11-14,USDCHF,USDCHF,0.99
2017-11-14,EURCHF,EURCHF,1.17
2017-11-15,USDCHF,USDCHF,0.99
2017-11-15,EURCHF,EURCHF,1.17
2017-11-16,USDCHF,USDCHF,0.99
2017-11-16,EURCHF,EURCHF,1.17
2017-11-17,USDCHF,USDCHF,0.99
2017-11-17,EURCHF,EURCHF,1.17
2017-11-20,USDCHF,USDCHF,0.99
2017-11-20,EURCHF,EURCHF,1.16
2017-11-21,USDCHF,USDCHF,0.99
2017-11-21,EURCHF,EURCHF,1.16
2017-11-22,USDCHF,USDCHF,0.98
2017-11-22,EURCHF,EURCHF,1.16
2017-11-23,USDCHF,USDCHF,0.98
2017-11-23,EURCHF,EURCHF,1.16
2017-11-24,USDCHF,USDCHF,0.98
2017-11-24,EURCHF,EURCHF,1.17
2017-11-27,USDCHF,USDCHF,0.98
2017-11-27,EURCHF,EURCHF,1.17
2017-11-28,USDCHF,USDCHF,0.98
2017-11-28,EURCHF,EURCHF,1.17
2017-11-29,USDCHF,USDCHF,0.98
2017-11-29,EURCHF,EURCHF,1.17
2017-11-30,USDCHF,USDCHF,0.98
2017-11-30,EURCHF,EURCHF,1.17
2017-12-01,USDCHF,USDCHF,0.98
2017-12-01,EURCHF,EURCHF,1.17
2017-12-04,USDCHF,USDCHF,0.98
2017-12-04,EURCHF,EURCHF,1.17
2017-12-05,USDCHF,USDCHF,0.99
2017-12-05,EURCHF,EURCHF,1.17
2017-12-06,USDCHF,USDCHF,0.99
2017-12-06,EURCHF,EURCHF,1.17
2017-12-07,USDCHF,USDCHF,0.99
2017-12-07,EURCHF,EURCHF,1.17
2017-12-08,USDCHF,USDCHF,0.99
2017-12-08,EURCHF,EURCHF,1.17
2017-12-11,USDCHF,USDCHF,0.99
2017-12-11,EURCHF,EURCHF,1.17
2017-12-12,USDCHF,USDCHF,0.99
2017-12-12,EURCHF,EURCHF,1.16
2017-12-13,USDCHF,USDCHF,0.99
2017-12-13,EURCHF,EURCHF,1.16
2017-12-14,USDCHF,USDCHF,0.99
2017-12-14,EURCHF,EURCHF,1.17
2017-12-15,USDCHF,USDCHF,0.99
2017-12-15,EURCHF,EURCHF,1.17
2017-12-18,USDCHF,USDCHF,0.99
2017-12-18,EURCHF,EURCHF,1.16
2017-12-19,USDCHF,USDCHF,0.99
2017-12-19,EURCHF,EURCHF,1.17
2017-12-20,USDCHF,USDCHF,0.98
2017-12-20,EURCHF,EURCHF,1.17
2017-12-21,USDCHF,USDCHF,0.99
2017-12-21,EURCHF,EURCHF,1.17
2017-12-22,USDCHF,USDCHF,0.99
2017-12-22,EURCHF,EURCHF,1.17
2017-12-25,USDCHF,USDCHF,0.99
2017-12-25,EURCHF,EURCHF,1.17
2017-12-26,USDCHF,USDCHF,0.99
2017-12-26,EURCHF,EURCHF,1.17
2017-12-27,USDCHF,USDCHF,0.99
2017-12-27,EURCHF,EURCHF,1.18
2017-12-28,USDCHF,USDCHF,0.98
2017-12-28,EURCHF,EURCHF,1.17
2017-12-29,USDCHF,USDCHF,0.97
2017-12-29,EURCHF,EURCHF,1.17
2018-01-01,USDCHF,USDCHF,0.97
2018-01-01,EURCHF,EURCHF,1.17
2018-01-02,USDCHF,USDCHF,0.97
2018-01-02,EURCHF,EURCHF,1.17
2018-01-03,USDCHF,USDCHF,0.98
2018-01-03,EURCHF,EURCHF,1.17
2018-01-04,USDCHF,USDCHF,0.97
2018-01-04,EURCHF,EURCHF,1.18
2018-01-05,USDCHF,USDCHF,0.98
2018-01-05,EURCHF,EURCHF,1.17
2018-01-08,USDCHF,USDCHF,0.98
2018-01-08,EURCHF,EURCHF,1.17
2018-01-09,USDCHF,USDCHF,0.98
2018-01-09,EURCHF,EURCHF,1.17
2018-01-10,USDCHF,USDCHF,0.98
2018-01-10,EURCHF,EURCHF,1.17
2018-01-11,USDCHF,USDCHF,0.97
2018-01-11,EURCHF,EURCHF,1.17
2018-01-12,USDCHF,USDCHF,0.97
2018-01-12,EURCHF,EURCHF,1.18
2018-01-15,USDCHF,USDCHF,0.96
2018-01-15,EURCHF,EURCHF,1.18
2018-01-16,USDCHF,USDCHF,0.96
2018-01-16,EURCHF,EURCHF,1.18
2018-01-17,USDCHF,USDCHF,0.96
2018-01-17,EURCHF,EURCHF,1.18
2018-01-18,USDCHF,USDCHF,0.96
2018-01-18,EURCHF,EURCHF,1.17
2018-01-19,USDCHF,USDCHF,0.96
2018-01-19,EURCHF,EURCHF,1.18
2018-01-22,USDCHF,USDCHF,0.96
2018-01-22,EURCHF,EURCHF,1.18
2018-01-23,USDCHF,USDCHF,0.96
2018-01-23,EURCHF,EURCHF,1.18
2018-01-24,USDCHF,USDCHF,0.95
2018-01-24,EURCHF,EURCHF,1.17
2018-01-25,USDCHF,USDCHF,0.93
2018-01-25,EURCHF,EURCHF,1.16
2018-01-26,USDCHF,USDCHF,0.94
2018-01-26,EURCHF,EURCHF,1.16
2018-01-29,USDCHF,USDCHF,0.94
2018-01-29,EURCHF,EURCHF,1.16
2018-01-30,USDCHF,USDCHF,0.93
2018-01-30,EURCHF,EURCHF,1.16
2018-01-31,USDCHF,USDCHF,0.93
2018-01-31,EURCHF,EURCHF,1.16
2018-02-01,USDCHF,USDCHF,0.93
2018-02-01,EURCHF,EURCHF,1.16
2018-02-02,USDCHF,USDCHF,0.93
2018-02-02,EURCHF,EURCHF,1.16
2018-02-05,USDCHF,USDCHF,0.94
2018-02-05,EURCHF,EURCHF,1.16
2018-02-06,USDCHF,USDCHF,0.94
2018-02-06,EURCHF,EURCHF,1.16
2018-02-07,USDCHF,USDCHF,0.94
2018-02-07,EURCHF,EURCHF,1.16
2018-02-08,USDCHF,USDCHF,0.94
2018-02-08,EURCHF,EURCHF,1.15
2018-02-09,USDCHF,USDCHF,0.94
2018-02-09,EURCHF,EURCHF,1.15
2018-02-12,USDCHF,USDCHF,0.94
2018-02-12,EURCHF,EURCHF,1.15
2018-02-13,USDCHF,USDCHF,0.93
2018-02-13,EURCHF,EURCHF,1.15
2018-02-14,USDCHF,USDCHF,0.93
2018-02-14,EURCHF,EURCHF,1.15
2018-02-15,USDCHF,USDCHF,0.92
2018-02-15,EURCHF,EURCHF,1.15
2018-02-16,USDCHF,USDCHF,0.93
2018-02-16,EURCHF,EURCHF,1.15
2018-02-19,USDCHF,USDCHF,0.93
2018-02-19,EURCHF,EURCHF,1.15
2018-02-20,USDCHF,USDCHF,0.93
2018-02-20,EURCHF,EURCHF,1.15
2018-02-21,USDCHF,USDCHF,0.94
2018-02-21,EURCHF,EURCHF,1.15
2018-02-22,USDCHF,USDCHF,0.94
2018-02-22,EURCHF,EURCHF,1.15
2018-02-23,USDCHF,USDCHF,0.94
2018-02-23,EURCHF,EURCHF,1.15
2018-02-26,USDCHF,USDCHF,0.94
2018-02-26,EURCHF,EURCHF,1.15
2018-02-27,USDCHF,USDCHF,0.94
2018-02-27,EURCHF,EURCHF,1.15
2018-02-28,USDCHF,USDCHF,0.95
2018-02-28,EURCHF,EURCHF,1.15
2018-03-01,USDCHF,USDCHF,0.95
2018-03-01,EURCHF,EURCHF,1.16
2018-03-02,USDCHF,USDCHF,0.94
2018-03-02,EURCHF,EURCHF,1.15
2018-03-05,USDCHF,USDCHF,0.94
2018-03-05,EURCHF,EURCHF,1.16
2018-03-06,USDCHF,USDCHF,0.94
2018-03-06,EURCHF,EURCHF,1.16
2018-03-07,USDCHF,USDCHF,0.94
2018-03-07,EURCHF,EURCHF,1.17
2018-03-08,USDCHF,USDCHF,0.95
2018-03-08,EURCHF,EURCHF,1.17
2018-03-09,USDCHF,USDCHF,0.95
2018-03-09,EURCHF,EURCHF,1.17
2018-03-12,USDCHF,USDCHF,0.95
2018-03-12,EURCHF,EURCHF,1.17
2018-03-13,USDCHF,USDCHF,0.94
2018-03-13,EURCHF,EURCHF,1.17
2018-03-14,USDCHF,USDCHF,0.95
2018-03-14,EURCHF,EURCHF,1.17
2018-03-15,USDCHF,USDCHF,0.95
2018-03-15,EURCHF,EURCHF,1.17
2018-03-16,USDCHF,USDCHF,0.95
2018-03-16,EURCHF,EURCHF,1.17
2018-03-19,USDCHF,USDCHF,0.95
2018-03-19,EURCHF,EURCHF,1.17
2018-03-20,USDCHF,USDCHF,0.95
2018-03-20,EURCHF,EURCHF,1.17
2018-03-21,USDCHF,USDCHF,0.95
2018-03-21,EURCHF,EURCHF,1.17
2018-03-22,USDCHF,USDCHF,0.95
2018-03-22,EURCHF,EURCHF,1.17
2018-03-23,USDCHF,USDCHF,0.95
2018-03-23,EURCHF,EURCHF,1.17
2018-03-26,USDCHF,USDCHF,0.94
2018-03-26,EURCHF,EURCHF,1.17
2018-03-27,USDCHF,USDCHF,0.95
2018-03-27,EURCHF,EURCHF,1.18
2018-03-28,USDCHF,USDCHF,0.95
2018-03-28,EURCHF,EURCHF,1.18
2018-03-29,USDCHF,USDCHF,0.96
2018-03-29,EURCHF,EURCHF,1.18
2018-03-30,USDCHF,USDCHF,0.96
2018-03-30,EURCHF,EURCHF,1.18
2018-04-02,USDCHF,USDCHF,0.95
2018-04-02,EURCHF,EURCHF,1.18
2018-04-03,USDCHF,USDCHF,0.96
2018-04-03,EURCHF,EURCHF,1.18
2018-04-04,USDCHF,USDCHF,0.96
2018-04-04,EURCHF,EURCHF,1.18
2018-04-05,USDCHF,USDCHF,0.96
2018-04-05,EURCHF,EURCHF,1.18
2018-04-06,USDCHF,USDCHF,0.96
2018-04-06,EURCHF,EURCHF,1.18
2018-04-09,USDCHF,USDCHF,0.96
2018-04-09,EURCHF,EURCHF,1.18
2018-04-10,USDCHF,USDCHF,0.96
2018-04-10,EURCHF,EURCHF,1.18
2018-04-11,USDCHF,USDCHF,0.96
2018-04-11,EURCHF,EURCHF,1.19
2018-04-12,USDCHF,USDCHF,0.96
2018-04-12,EURCHF,EURCHF,1.19
2018-04-13,USDCHF,USDCHF,0.96
2018-04-13,EURCHF,EURCHF,1.19
2018-04-16,USDCHF,USDCHF,0.96
2018-04-16,EURCHF,EURCHF,1.19
2018-04-17,USDCHF,USDCHF,0.97
2018-04-17,EURCHF,EURCHF,1.19
2018-04-18,USDCHF,USDCHF,0.97
2018-04-18,EURCHF,EURCHF,1.2
2018-04-19,USDCHF,USDCHF,0.97
2018-04-19,EURCHF,EURCHF,1.2
2018-04-20,USDCHF,USDCHF,0.97
2018-04-20,EURCHF,EURCHF,1.2
2018-04-23,USDCHF,USDCHF,0.98
2018-04-23,EURCHF,EURCHF,1.19
2018-04-24,USDCHF,USDCHF,0.98
2018-04-24,EURCHF,EURCHF,1.2
2018-04-25,USDCHF,USDCHF,0.98
2018-04-25,EURCHF,EURCHF,1.2
2018-04-26,USDCHF,USDCHF,0.99
2018-04-26,EURCHF,EURCHF,1.2
2018-04-27,USDCHF,USDCHF,0.99
2018-04-27,EURCHF,EURCHF,1.2
2018-04-30,USDCHF,USDCHF,0.99
2018-04-30,EURCHF,EURCHF,1.2
2018-05-01,USDCHF,USDCHF,1.0
2018-05-01,EURCHF,EURCHF,1.19
2018-05-02,USDCHF,USDCHF,1.0
2018-05-02,EURCHF,EURCHF,1.19
2018-05-03,USDCHF,USDCHF,1.0
2018-05-03,EURCHF,EURCHF,1.19
2018-05-04,USDCHF,USDCHF,1.0
2018-05-04,EURCHF,EURCHF,1.19
2018-05-07,USDCHF,USDCHF,1.0
2018-05-07,EURCHF,EURCHF,1.2
2018-05-08,USDCHF,USDCHF,1.0
2018-05-08,EURCHF,EURCHF,1.19
2018-05-09,USDCHF,USDCHF,1.0
2018-05-09,EURCHF,EURCHF,1.19
2018-05-10,USDCHF,USDCHF,1.0
2018-05-10,EURCHF,EURCHF,1.19
2018-05-11,USDCHF,USDCHF,1.0
2018-05-11,EURCHF,EURCHF,1.19
2018-05-14,USDCHF,USDCHF,1.0
2018-05-14,EURCHF,EURCHF,1.19
2018-05-15,USDCHF,USDCHF,1.0
2018-05-15,EURCHF,EURCHF,1.19
2018-05-16,USDCHF,USDCHF,1.0
2018-05-16,EURCHF,EURCHF,1.18
2018-05-17,USDCHF,USDCHF,1.0
2018-05-17,EURCHF,EURCHF,1.18
2018-05-18,USDCHF,USDCHF,1.0
2018-05-18,EURCHF,EURCHF,1.18
2018-05-21,USDCHF,USDCHF,1.0
2018-05-21,EURCHF,EURCHF,1.17
2018-05-22,USDCHF,USDCHF,0.99
2018-05-22,EURCHF,EURCHF,1.17
2018-05-23,USDCHF,USDCHF,0.99
2018-05-23,EURCHF,EURCHF,1.16
2018-05-24,USDCHF,USDCHF,0.99
2018-05-24,EURCHF,EURCHF,1.16
2018-05-25,USDCHF,USDCHF,0.99
2018-05-25,EURCHF,EURCHF,1.16
2018-05-28,USDCHF,USDCHF,0.99
2018-05-28,EURCHF,EURCHF,1.15
2018-05-29,USDCHF,USDCHF,0.99
2018-05-29,EURCHF,EURCHF,1.15
2018-05-30,USDCHF,USDCHF,0.99
2018-05-30,EURCHF,EURCHF,1.15
2018-05-31,USDCHF,USDCHF,0.98
2018-05-31,EURCHF,EURCHF,1.15
2018-06-01,USDCHF,USDCHF,0.99
2018-06-01,EURCHF,EURCHF,1.15
2018-06-04,USDCHF,USDCHF,0.99
2018-06-04,EURCHF,EURCHF,1.16
2018-06-05,USDCHF,USDCHF,0.99
2018-06-05,EURCHF,EURCHF,1.15
2018-06-06,USDCHF,USDCHF,0.99
2018-06-06,EURCHF,EURCHF,1.16
2018-06-07,USDCHF,USDCHF,0.98
2018-06-07,EURCHF,EURCHF,1.16
2018-06-08,USDCHF,USDCHF,0.99
2018-06-08,EURCHF,EURCHF,1.16
2018-06-11,USDCHF,USDCHF,0.98
2018-06-11,EURCHF,EURCHF,1.16
2018-06-12,USDCHF,USDCHF,0.98
2018-06-12,EURCHF,EURCHF,1.16
2018-06-13,USDCHF,USDCHF,0.99
2018-06-13,EURCHF,EURCHF,1.16
2018-06-14,USDCHF,USDCHF,0.99
2018-06-14,EURCHF,EURCHF,1.16
2018-06-15,USDCHF,USDCHF,1.0
2018-06-15,EURCHF,EURCHF,1.16
2018-06-18,USDCHF,USDCHF,0.99
2018-06-18,EURCHF,EURCHF,1.16
2018-06-19,USDCHF,USDCHF,1.0
2018-06-19,EURCHF,EURCHF,1.15
2018-06-20,USDCHF,USDCHF,0.99
2018-06-20,EURCHF,EURCHF,1.15
2018-06-21,USDCHF,USDCHF,0.99
2018-06-21,EURCHF,EURCHF,1.15
2018-06-22,USDCHF,USDCHF,0.99
2018-06-22,EURCHF,EURCHF,1.15
2018-06-25,USDCHF,USDCHF,0.99
2018-06-25,EURCHF,EURCHF,1.15
2018-06-26,USDCHF,USDCHF,0.99
2018-06-26,EURCHF,EURCHF,1.16
2018-06-27,USDCHF,USDCHF,1.0
2018-06-27,EURCHF,EURCHF,1.15
2018-06-28,USDCHF,USDCHF,1.0
2018-06-28,EURCHF,EURCHF,1.16
2018-06-29,USDCHF,USDCHF,0.99
2018-06-29,EURCHF,EURCHF,1.16
2018-07-02,USDCHF,USDCHF,0.99
2018-07-02,EURCHF,EURCHF,1.15
2018-07-03,USDCHF,USDCHF,0.99
2018-07-03,EURCHF,EURCHF,1.16
2018-07-04,USDCHF,USDCHF,0.99
2018-07-04,EURCHF,EURCHF,1.16
2018-07-05,USDCHF,USDCHF,0.99
2018-07-05,EURCHF,EURCHF,1.16
2018-07-06,USDCHF,USDCHF,0.99
2018-07-06,EURCHF,EURCHF,1.16
2018-07-09,USDCHF,USDCHF,0.99
2018-07-09,EURCHF,EURCHF,1.16
2018-07-10,USDCHF,USDCHF,0.99
2018-07-10,EURCHF,EURCHF,1.16
2018-07-11,USDCHF,USDCHF,0.99
2018-07-11,EURCHF,EURCHF,1.16
2018-07-12,USDCHF,USDCHF,1.0
2018-07-12,EURCHF,EURCHF,1.17
2018-07-13,USDCHF,USDCHF,1.0
2018-07-13,EURCHF,EURCHF,1.17
2018-07-16,USDCHF,USDCHF,1.0
2018-07-16,EURCHF,EURCHF,1.17
2018-07-17,USDCHF,USDCHF,1.0
2018-07-17,EURCHF,EURCHF,1.17
2018-07-18,USDCHF,USDCHF,1.0
2018-07-18,EURCHF,EURCHF,1.16
2018-07-19,USDCHF,USDCHF,1.0
2018-07-19,EURCHF,EURCHF,1.16
2018-07-20,USDCHF,USDCHF,1.0
2018-07-20,EURCHF,EURCHF,1.17
2018-07-23,USDCHF,USDCHF,0.99
2018-07-23,EURCHF,EURCHF,1.16
2018-07-24,USDCHF,USDCHF,0.99
2018-07-24,EURCHF,EURCHF,1.16
2018-07-25,USDCHF,USDCHF,0.99
2018-07-25,EURCHF,EURCHF,1.16
2018-07-26,USDCHF,USDCHF,0.99
2018-07-26,EURCHF,EURCHF,1.16
2018-07-27,USDCHF,USDCHF,0.99
2018-07-27,EURCHF,EURCHF,1.16
2018-07-30,USDCHF,USDCHF,0.99
2018-07-30,EURCHF,EURCHF,1.16
2018-07-31,USDCHF,USDCHF,0.99
2018-07-31,EURCHF,EURCHF,1.16
2018-08-01,USDCHF,USDCHF,0.99
2018-08-01,EURCHF,EURCHF,1.16
2018-08-02,USDCHF,USDCHF,0.99
2018-08-02,EURCHF,EURCHF,1.15
2018-08-03,USDCHF,USDCHF,0.99
2018-08-03,EURCHF,EURCHF,1.15
2018-08-06,USDCHF,USDCHF,1.0
2018-08-06,EURCHF,EURCHF,1.15
2018-08-07,USDCHF,USDCHF,0.99
2018-08-07,EURCHF,EURCHF,1.15
2018-08-08,USDCHF,USDCHF,0.99
2018-08-08,EURCHF,EURCHF,1.15
2018-08-09,USDCHF,USDCHF,0.99
2018-08-09,EURCHF,EURCHF,1.15
2018-08-10,USDCHF,USDCHF,0.99
2018-08-10,EURCHF,EURCHF,1.14
2018-08-13,USDCHF,USDCHF,0.99
2018-08-13,EURCHF,EURCHF,1.13
2018-08-14,USDCHF,USDCHF,0.99
2018-08-14,EURCHF,EURCHF,1.13
2018-08-15,USDCHF,USDCHF,0.99
2018-08-15,EURCHF,EURCHF,1.12
2018-08-16,USDCHF,USDCHF,0.99
2018-08-16,EURCHF,EURCHF,1.13
2018-08-17,USDCHF,USDCHF,1.0
2018-08-17,EURCHF,EURCHF,1.14
2018-08-20,USDCHF,USDCHF,0.99
2018-08-20,EURCHF,EURCHF,1.14
2018-08-21,USDCHF,USDCHF,0.99
2018-08-21,EURCHF,EURCHF,1.14
2018-08-22,USDCHF,USDCHF,0.98
2018-08-22,EURCHF,EURCHF,1.14
2018-08-23,USDCHF,USDCHF,0.98
2018-08-23,EURCHF,EURCHF,1.14
2018-08-24,USDCHF,USDCHF,0.98
2018-08-24,EURCHF,EURCHF,1.14
2018-08-27,USDCHF,USDCHF,0.98
2018-08-27,EURCHF,EURCHF,1.14
2018-08-28,USDCHF,USDCHF,0.98
2018-08-28,EURCHF,EURCHF,1.14
2018-08-29,USDCHF,USDCHF,0.97
2018-08-29,EURCHF,EURCHF,1.14
2018-08-30,USDCHF,USDCHF,0.97
2018-08-30,EURCHF,EURCHF,1.13
2018-08-31,USDCHF,USDCHF,0.97
2018-08-31,EURCHF,EURCHF,1.13
2018-09-03,USDCHF,USDCHF,0.97
2018-09-03,EURCHF,EURCHF,1.13
2018-09-04,USDCHF,USDCHF,0.98
2018-09-04,EURCHF,EURCHF,1.13
2018-09-05,USDCHF,USDCHF,0.97
2018-09-05,EURCHF,EURCHF,1.13
2018-09-06,USDCHF,USDCHF,0.97
2018-09-06,EURCHF,EURCHF,1.13
2018-09-07,USDCHF,USDCHF,0.97
2018-09-07,EURCHF,EURCHF,1.12
2018-09-10,USDCHF,USDCHF,0.97
2018-09-10,EURCHF,EURCHF,1.13
2018-09-11,USDCHF,USDCHF,0.97
2018-09-11,EURCHF,EURCHF,1.13
2018-09-12,USDCHF,USDCHF,0.97
2018-09-12,EURCHF,EURCHF,1.13
2018-09-13,USDCHF,USDCHF,0.97
2018-09-13,EURCHF,EURCHF,1.13
2018-09-14,USDCHF,USDCHF,0.97
2018-09-14,EURCHF,EURCHF,1.13
2018-09-17,USDCHF,USDCHF,0.96
2018-09-17,EURCHF,EURCHF,1.12
2018-09-18,USDCHF,USDCHF,0.96
2018-09-18,EURCHF,EURCHF,1.13
2018-09-19,USDCHF,USDCHF,0.97
2018-09-19,EURCHF,EURCHF,1.13
2018-09-20,USDCHF,USDCHF,0.96
2018-09-20,EURCHF,EURCHF,1.13
2018-09-21,USDCHF,USDCHF,0.96
2018-09-21,EURCHF,EURCHF,1.13
2018-09-24,USDCHF,USDCHF,0.96
2018-09-24,EURCHF,EURCHF,1.13
2018-09-25,USDCHF,USDCHF,0.96
2018-09-25,EURCHF,EURCHF,1.14
2018-09-26,USDCHF,USDCHF,0.97
2018-09-26,EURCHF,EURCHF,1.14
2018-09-27,USDCHF,USDCHF,0.98
2018-09-27,EURCHF,EURCHF,1.14
2018-09-28,USDCHF,USDCHF,0.98
2018-09-28,EURCHF,EURCHF,1.13
2018-10-01,USDCHF,USDCHF,0.98
2018-10-01,EURCHF,EURCHF,1.14
2018-10-02,USDCHF,USDCHF,0.98
2018-10-02,EURCHF,EURCHF,1.14
2018-10-03,USDCHF,USDCHF,0.99
2018-10-03,EURCHF,EURCHF,1.14
2018-10-04,USDCHF,USDCHF,0.99
2018-10-04,EURCHF,EURCHF,1.14
2018-10-05,USDCHF,USDCHF,0.99
2018-10-05,EURCHF,EURCHF,1.14
2018-10-08,USDCHF,USDCHF,0.99
2018-10-08,EURCHF,EURCHF,1.14
2018-10-09,USDCHF,USDCHF,0.99
2018-10-09,EURCHF,EURCHF,1.14
2018-10-10,USDCHF,USDCHF,0.99
2018-10-10,EURCHF,EURCHF,1.14
2018-10-11,USDCHF,USDCHF,0.99
2018-10-11,EURCHF,EURCHF,1.14
2018-10-12,USDCHF,USDCHF,0.99
2018-10-12,EURCHF,EURCHF,1.15
2018-10-15,USDCHF,USDCHF,0.99
2018-10-15,EURCHF,EURCHF,1.14
2018-10-16,USDCHF,USDCHF,0.99
2018-10-16,EURCHF,EURCHF,1.15
2018-10-17,USDCHF,USDCHF,0.99
2018-10-17,EURCHF,EURCHF,1.14
2018-10-18,USDCHF,USDCHF,1.0
2018-10-18,EURCHF,EURCHF,1.14
2018-10-19,USDCHF,USDCHF,1.0
2018-10-19,EURCHF,EURCHF,1.15
2018-10-22,USDCHF,USDCHF,1.0
2018-10-22,EURCHF,EURCHF,1.14
2018-10-23,USDCHF,USDCHF,1.0
2018-10-23,EURCHF,EURCHF,1.14
2018-10-24,USDCHF,USDCHF,1.0
2018-10-24,EURCHF,EURCHF,1.14
2018-10-25,USDCHF,USDCHF,1.0
2018-10-25,EURCHF,EURCHF,1.14
2018-10-26,USDCHF,USDCHF,1.0
2018-10-26,EURCHF,EURCHF,1.13
2018-10-29,USDCHF,USDCHF,1.0
2018-10-29,EURCHF,EURCHF,1.14
2018-10-30,USDCHF,USDCHF,1.0
2018-10-30,EURCHF,EURCHF,1.14
2018-10-31,USDCHF,USDCHF,1.01
2018-10-31,EURCHF,EURCHF,1.14
2018-11-01,USDCHF,USDCHF,1.0
2018-11-01,EURCHF,EURCHF,1.14
2018-11-02,USDCHF,USDCHF,1.0
2018-11-02,EURCHF,EURCHF,1.14
2018-11-05,USDCHF,USDCHF,1.01
2018-11-05,EURCHF,EURCHF,1.15
2018-11-06,USDCHF,USDCHF,1.0
2018-11-06,EURCHF,EURCHF,1.15
2018-11-07,USDCHF,USDCHF,1.0
2018-11-07,EURCHF,EURCHF,1.15
2018-11-08,USDCHF,USDCHF,1.0
2018-11-08,EURCHF,EURCHF,1.15
2018-11-09,USDCHF,USDCHF,1.0
2018-11-09,EURCHF,EURCHF,1.14
2018-11-12,USDCHF,USDCHF,1.01
2018-11-12,EURCHF,EURCHF,1.14
2018-11-13,USDCHF,USDCHF,1.01
2018-11-13,EURCHF,EURCHF,1.14
2018-11-14,USDCHF,USDCHF,1.01
2018-11-14,EURCHF,EURCHF,1.14
2018-11-15,USDCHF,USDCHF,1.01
2018-11-15,EURCHF,EURCHF,1.14
2018-11-16,USDCHF,USDCHF,1.0
2018-11-16,EURCHF,EURCHF,1.14
2018-11-19,USDCHF,USDCHF,0.99
2018-11-19,EURCHF,EURCHF,1.14
2018-11-20,USDCHF,USDCHF,0.99
2018-11-20,EURCHF,EURCHF,1.13
2018-11-21,USDCHF,USDCHF,1.0
2018-11-21,EURCHF,EURCHF,1.13
2018-11-22,USDCHF,USDCHF,0.99
2018-11-22,EURCHF,EURCHF,1.13
2018-11-23,USDCHF,USDCHF,1.0
2018-11-23,EURCHF,EURCHF,1.13
2018-11-26,USDCHF,USDCHF,1.0
2018-11-26,EURCHF,EURCHF,1.13
2018-11-27,USDCHF,USDCHF,1.0
2018-11-27,EURCHF,EURCHF,1.13
2018-11-28,USDCHF,USDCHF,1.0
2018-11-28,EURCHF,EURCHF,1.13
2018-11-29,USDCHF,USDCHF,1.0
2018-11-29,EURCHF,EURCHF,1.13
2018-11-30,USDCHF,USDCHF,1.0
2018-11-30,EURCHF,EURCHF,1.13
2018-12-03,USDCHF,USDCHF,1.0
2018-12-03,EURCHF,EURCHF,1.13
2018-12-04,USDCHF,USDCHF,1.0
2018-12-04,EURCHF,EURCHF,1.13
2018-12-05,USDCHF,USDCHF,1.0
2018-12-05,EURCHF,EURCHF,1.13
2018-12-06,USDCHF,USDCHF,0.99
2018-12-06,EURCHF,EURCHF,1.13
2018-12-07,USDCHF,USDCHF,0.99
2018-12-07,EURCHF,EURCHF,1.13
2018-12-10,USDCHF,USDCHF,0.99
2018-12-10,EURCHF,EURCHF,1.13
2018-12-11,USDCHF,USDCHF,0.99
2018-12-11,EURCHF,EURCHF,1.12
2018-12-12,USDCHF,USDCHF,0.99
2018-12-12,EURCHF,EURCHF,1.13
2018-12-13,USDCHF,USDCHF,0.99
2018-12-13,EURCHF,EURCHF,1.13
2018-12-14,USDCHF,USDCHF,1.0
2018-12-14,EURCHF,EURCHF,1.13
2018-12-17,USDCHF,USDCHF,0.99
2018-12-17,EURCHF,EURCHF,1.13
2018-12-18,USDCHF,USDCHF,0.99
2018-12-18,EURCHF,EURCHF,1.13
2018-12-19,USDCHF,USDCHF,0.99
2018-12-19,EURCHF,EURCHF,1.13
2018-12-20,USDCHF,USDCHF,0.99
2018-12-20,EURCHF,EURCHF,1.13
2018-12-21,USDCHF,USDCHF,0.99
2018-12-21,EURCHF,EURCHF,1.13
2018-12-24,USDCHF,USDCHF,0.99
2018-12-24,EURCHF,EURCHF,1.13
2018-12-25,USDCHF,USDCHF,0.99
2018-12-25,EURCHF,EURCHF,1.13
2018-12-26,USDCHF,USDCHF,0.99
2018-12-26,EURCHF,EURCHF,1.13
2018-12-27,USDCHF,USDCHF,0.99
2018-12-27,EURCHF,EURCHF,1.13
2018-12-28,USDCHF,USDCHF,0.98
2018-12-28,EURCHF,EURCHF,1.13
2018-12-31,USDCHF,USDCHF,0.99
2018-12-31,EURCHF,EURCHF,1.13
2019-01-01,USDCHF,USDCHF,0.99
2019-01-01,EURCHF,EURCHF,1.13
2019-01-02,USDCHF,USDCHF,0.99
2019-01-02,EURCHF,EURCHF,1.12
2019-01-03,USDCHF,USDCHF,0.99
2019-01-03,EURCHF,EURCHF,1.13
2019-01-04,USDCHF,USDCHF,0.99
2019-01-04,EURCHF,EURCHF,1.12
2019-01-07,USDCHF,USDCHF,0.98
2019-01-07,EURCHF,EURCHF,1.13
2019-01-08,USDCHF,USDCHF,0.98
2019-01-08,EURCHF,EURCHF,1.12
2019-01-09,USDCHF,USDCHF,0.98
2019-01-09,EURCHF,EURCHF,1.12
2019-01-10,USDCHF,USDCHF,0.98
2019-01-10,EURCHF,EURCHF,1.13
2019-01-11,USDCHF,USDCHF,0.98
2019-01-11,EURCHF,EURCHF,1.13
2019-01-14,USDCHF,USDCHF,0.98
2019-01-14,EURCHF,EURCHF,1.12
2019-01-15,USDCHF,USDCHF,0.99
2019-01-15,EURCHF,EURCHF,1.13
2019-01-16,USDCHF,USDCHF,0.99
2019-01-16,EURCHF,EURCHF,1.13
2019-01-17,USDCHF,USDCHF,0.99
2019-01-17,EURCHF,EURCHF,1.13
2019-01-18,USDCHF,USDCHF,1.0
2019-01-18,EURCHF,EURCHF,1.13
2019-01-21,USDCHF,USDCHF,1.0
2019-01-21,EURCHF,EURCHF,1.13
2019-01-22,USDCHF,USDCHF,1.0
2019-01-22,EURCHF,EURCHF,1.13
2019-01-23,USDCHF,USDCHF,1.0
2019-01-23,EURCHF,EURCHF,1.13
2019-01-24,USDCHF,USDCHF,0.99
2019-01-24,EURCHF,EURCHF,1.13
2019-01-25,USDCHF,USDCHF,0.99
2019-01-25,EURCHF,EURCHF,1.13
2019-01-28,USDCHF,USDCHF,0.99
2019-01-28,EURCHF,EURCHF,1.13
2019-01-29,USDCHF,USDCHF,0.99
2019-01-29,EURCHF,EURCHF,1.14
2019-01-30,USDCHF,USDCHF,1.0
2019-01-30,EURCHF,EURCHF,1.14
2019-01-31,USDCHF,USDCHF,0.99
2019-01-31,EURCHF,EURCHF,1.14
2019-02-01,USDCHF,USDCHF,0.99
2019-02-01,EURCHF,EURCHF,1.14
2019-02-04,USDCHF,USDCHF,1.0
2019-02-04,EURCHF,EURCHF,1.14
2019-02-05,USDCHF,USDCHF,1.0
2019-02-05,EURCHF,EURCHF,1.14
2019-02-06,USDCHF,USDCHF,1.0
2019-02-06,EURCHF,EURCHF,1.14
2019-02-07,USDCHF,USDCHF,1.0
2019-02-07,EURCHF,EURCHF,1.14
2019-02-08,USDCHF,USDCHF,1.0
2019-02-08,EURCHF,EURCHF,1.13
2019-02-11,USDCHF,USDCHF,1.0
2019-02-11,EURCHF,EURCHF,1.13
2019-02-12,USDCHF,USDCHF,1.01
2019-02-12,EURCHF,EURCHF,1.14
2019-02-13,USDCHF,USDCHF,1.01
2019-02-13,EURCHF,EURCHF,1.14
2019-02-14,USDCHF,USDCHF,1.01
2019-02-14,EURCHF,EURCHF,1.14
2019-02-15,USDCHF,USDCHF,1.01
2019-02-15,EURCHF,EURCHF,1.13
2019-02-18,USDCHF,USDCHF,1.0
2019-02-18,EURCHF,EURCHF,1.14
2019-02-19,USDCHF,USDCHF,1.0
2019-02-19,EURCHF,EURCHF,1.14
2019-02-20,USDCHF,USDCHF,1.0
2019-02-20,EURCHF,EURCHF,1.13
2019-02-21,USDCHF,USDCHF,1.0
2019-02-21,EURCHF,EURCHF,1.13
2019-02-22,USDCHF,USDCHF,1.0
2019-02-22,EURCHF,EURCHF,1.13
2019-02-25,USDCHF,USDCHF,1.0
2019-02-25,EURCHF,EURCHF,1.13
2019-02-26,USDCHF,USDCHF,1.0
2019-02-26,EURCHF,EURCHF,1.14
2019-02-27,USDCHF,USDCHF,1.0
2019-02-27,EURCHF,EURCHF,1.14
2019-02-28,USDCHF,USDCHF,1.0
2019-02-28,EURCHF,EURCHF,1.13
2019-03-01,USDCHF,USDCHF,1.0
2019-03-01,EURCHF,EURCHF,1.14
2019-03-04,USDCHF,USDCHF,1.0
2019-03-04,EURCHF,EURCHF,1.13
2019-03-05,USDCHF,USDCHF,1.0
2019-03-05,EURCHF,EURCHF,1.13
2019-03-06,USDCHF,USDCHF,1.0
2019-03-06,EURCHF,EURCHF,1.14
2019-03-07,USDCHF,USDCHF,1.01
2019-03-07,EURCHF,EURCHF,1.13
2019-03-08,USDCHF,USDCHF,1.01
2019-03-08,EURCHF,EURCHF,1.13
2019-03-11,USDCHF,USDCHF,1.01
2019-03-11,EURCHF,EURCHF,1.13
2019-03-12,USDCHF,USDCHF,1.01
2019-03-12,EURCHF,EURCHF,1.14
2019-03-13,USDCHF,USDCHF,1.0
2019-03-13,EURCHF,EURCHF,1.14
2019-03-14,USDCHF,USDCHF,1.0
2019-03-14,EURCHF,EURCHF,1.14
2019-03-15,USDCHF,USDCHF,1.0
2019-03-15,EURCHF,EURCHF,1.14
2019-03-18,USDCHF,USDCHF,1.0
2019-03-18,EURCHF,EURCHF,1.13
2019-03-19,USDCHF,USDCHF,1.0
2019-03-19,EURCHF,EURCHF,1.13
2019-03-20,USDCHF,USDCHF,1.0
2019-03-20,EURCHF,EURCHF,1.13
2019-03-21,USDCHF,USDCHF,0.99
2019-03-21,EURCHF,EURCHF,1.13
2019-03-22,USDCHF,USDCHF,0.99
2019-03-22,EURCHF,EURCHF,1.12
2019-03-25,USDCHF,USDCHF,0.99
2019-03-25,EURCHF,EURCHF,1.12
2019-03-26,USDCHF,USDCHF,0.99
2019-03-26,EURCHF,EURCHF,1.12
2019-03-27,USDCHF,USDCHF,0.99
2019-03-27,EURCHF,EURCHF,1.12
2019-03-28,USDCHF,USDCHF,1.0
2019-03-28,EURCHF,EURCHF,1.12
2019-03-29,USDCHF,USDCHF,1.0
2019-03-29,EURCHF,EURCHF,1.12
2019-04-01,USDCHF,USDCHF,1.0
2019-04-01,EURCHF,EURCHF,1.12
2019-04-02,USDCHF,USDCHF,1.0
2019-04-02,EURCHF,EURCHF,1.12
2019-04-03,USDCHF,USDCHF,1.0
2019-04-03,EURCHF,EURCHF,1.12
2019-04-04,USDCHF,USDCHF,1.0
2019-04-04,EURCHF,EURCHF,1.12
2019-04-05,USDCHF,USDCHF,1.0
2019-04-05,EURCHF,EURCHF,1.12
2019-04-08,USDCHF,USDCHF,1.0
2019-04-08,EURCHF,EURCHF,1.13
2019-04-09,USDCHF,USDCHF,1.0
2019-04-09,EURCHF,EURCHF,1.13
2019-04-10,USDCHF,USDCHF,1.0
2019-04-10,EURCHF,EURCHF,1.13
2019-04-11,USDCHF,USDCHF,1.0
2019-04-11,EURCHF,EURCHF,1.13
2019-04-12,USDCHF,USDCHF,1.0
2019-04-12,EURCHF,EURCHF,1.13
2019-04-15,USDCHF,USDCHF,1.0
2019-04-15,EURCHF,EURCHF,1.13
2019-04-16,USDCHF,USDCHF,1.01
2019-04-16,EURCHF,EURCHF,1.14
2019-04-17,USDCHF,USDCHF,1.01
2019-04-17,EURCHF,EURCHF,1.14
2019-04-18,USDCHF,USDCHF,1.01
2019-04-18,EURCHF,EURCHF,1.14
2019-04-19,USDCHF,USDCHF,1.01
2019-04-19,EURCHF,EURCHF,1.14
2019-04-22,USDCHF,USDCHF,1.02
2019-04-22,EURCHF,EURCHF,1.14
2019-04-23,USDCHF,USDCHF,1.02
2019-04-23,EURCHF,EURCHF,1.14
2019-04-24,USDCHF,USDCHF,1.02
2019-04-24,EURCHF,EURCHF,1.14
2019-04-25,USDCHF,USDCHF,1.02
2019-04-25,EURCHF,EURCHF,1.14
2019-04-26,USDCHF,USDCHF,1.02
2019-04-26,EURCHF,EURCHF,1.14
2019-04-29,USDCHF,USDCHF,1.02
2019-04-29,EURCHF,EURCHF,1.14
2019-04-30,USDCHF,USDCHF,1.02
2019-04-30,EURCHF,EURCHF,1.14
2019-05-01,USDCHF,USDCHF,1.01
2019-05-01,EURCHF,EURCHF,1.14
2019-05-02,USDCHF,USDCHF,1.02
2019-05-02,EURCHF,EURCHF,1.14
2019-05-03,USDCHF,USDCHF,1.02
2019-05-03,EURCHF,EURCHF,1.14
2019-05-06,USDCHF,USDCHF,1.02
2019-05-06,EURCHF,EURCHF,1.14
2019-05-07,USDCHF,USDCHF,1.02
2019-05-07,EURCHF,EURCHF,1.14
2019-05-08,USDCHF,USDCHF,1.02
2019-05-08,EURCHF,EURCHF,1.14
2019-05-09,USDCHF,USDCHF,1.01
2019-05-09,EURCHF,EURCHF,1.14
2019-05-10,USDCHF,USDCHF,1.01
2019-05-10,EURCHF,EURCHF,1.14
2019-05-13,USDCHF,USDCHF,1.01
2019-05-13,EURCHF,EURCHF,1.13
2019-05-14,USDCHF,USDCHF,1.01
2019-05-14,EURCHF,EURCHF,1.13
2019-05-15,USDCHF,USDCHF,1.01
2019-05-15,EURCHF,EURCHF,1.13
2019-05-16,USDCHF,USDCHF,1.01
2019-05-16,EURCHF,EURCHF,1.13
2019-05-17,USDCHF,USDCHF,1.01
2019-05-17,EURCHF,EURCHF,1.13
2019-05-20,USDCHF,USDCHF,1.01
2019-05-20,EURCHF,EURCHF,1.13
2019-05-21,USDCHF,USDCHF,1.01
2019-05-21,EURCHF,EURCHF,1.13
2019-05-22,USDCHF,USDCHF,1.01
2019-05-22,EURCHF,EURCHF,1.13
2019-05-23,USDCHF,USDCHF,1.01
2019-05-23,EURCHF,EURCHF,1.12
2019-05-24,USDCHF,USDCHF,1.0
2019-05-24,EURCHF,EURCHF,1.12
2019-05-27,USDCHF,USDCHF,1.0
2019-05-27,EURCHF,EURCHF,1.12
2019-05-28,USDCHF,USDCHF,1.01
2019-05-28,EURCHF,EURCHF,1.13
2019-05-29,USDCHF,USDCHF,1.01
2019-05-29,EURCHF,EURCHF,1.12
2019-05-30,USDCHF,USDCHF,1.01
2019-05-30,EURCHF,EURCHF,1.12
2019-05-31,USDCHF,USDCHF,1.01
2019-05-31,EURCHF,EURCHF,1.12
2019-06-03,USDCHF,USDCHF,1.0
2019-06-03,EURCHF,EURCHF,1.12
2019-06-04,USDCHF,USDCHF,0.99
2019-06-04,EURCHF,EURCHF,1.12
2019-06-05,USDCHF,USDCHF,0.99
2019-06-05,EURCHF,EURCHF,1.11
2019-06-06,USDCHF,USDCHF,0.99
2019-06-06,EURCHF,EURCHF,1.12
2019-06-07,USDCHF,USDCHF,0.99
2019-06-07,EURCHF,EURCHF,1.12
2019-06-10,USDCHF,USDCHF,0.99
2019-06-10,EURCHF,EURCHF,1.12
2019-06-11,USDCHF,USDCHF,0.99
2019-06-11,EURCHF,EURCHF,1.12
2019-06-12,USDCHF,USDCHF,0.99
2019-06-12,EURCHF,EURCHF,1.13
2019-06-13,USDCHF,USDCHF,0.99
2019-06-13,EURCHF,EURCHF,1.12
2019-06-14,USDCHF,USDCHF,1.0
2019-06-14,EURCHF,EURCHF,1.12
2019-06-17,USDCHF,USDCHF,1.0
2019-06-17,EURCHF,EURCHF,1.12
2019-06-18,USDCHF,USDCHF,1.0
2019-06-18,EURCHF,EURCHF,1.12
2019-06-19,USDCHF,USDCHF,1.0
2019-06-19,EURCHF,EURCHF,1.12
2019-06-20,USDCHF,USDCHF,0.98
2019-06-20,EURCHF,EURCHF,1.11
2019-06-21,USDCHF,USDCHF,0.98
2019-06-21,EURCHF,EURCHF,1.11
2019-06-24,USDCHF,USDCHF,0.97
2019-06-24,EURCHF,EURCHF,1.11
2019-06-25,USDCHF,USDCHF,0.97
2019-06-25,EURCHF,EURCHF,1.11
2019-06-26,USDCHF,USDCHF,0.98
2019-06-26,EURCHF,EURCHF,1.11
2019-06-27,USDCHF,USDCHF,0.98
2019-06-27,EURCHF,EURCHF,1.11
2019-06-28,USDCHF,USDCHF,0.98
2019-06-28,EURCHF,EURCHF,1.11
2019-07-01,USDCHF,USDCHF,0.98
2019-07-01,EURCHF,EURCHF,1.11
2019-07-02,USDCHF,USDCHF,0.99
2019-07-02,EURCHF,EURCHF,1.12
2019-07-03,USDCHF,USDCHF,0.99
2019-07-03,EURCHF,EURCHF,1.11
2019-07-04,USDCHF,USDCHF,0.99
2019-07-04,EURCHF,EURCHF,1.11
2019-07-05,USDCHF,USDCHF,0.99
2019-07-05,EURCHF,EURCHF,1.11
2019-07-08,USDCHF,USDCHF,0.99
2019-07-08,EURCHF,EURCHF,1.11
2019-07-09,USDCHF,USDCHF,0.99
2019-07-09,EURCHF,EURCHF,1.11
2019-07-10,USDCHF,USDCHF,0.99
2019-07-10,EURCHF,EURCHF,1.11
2019-07-11,USDCHF,USDCHF,0.99
2019-07-11,EURCHF,EURCHF,1.11
2019-07-12,USDCHF,USDCHF,0.99
2019-07-12,EURCHF,EURCHF,1.11
2019-07-15,USDCHF,USDCHF,0.98
2019-07-15,EURCHF,EURCHF,1.11
2019-07-16,USDCHF,USDCHF,0.99
2019-07-16,EURCHF,EURCHF,1.11
2019-07-17,USDCHF,USDCHF,0.99
2019-07-17,EURCHF,EURCHF,1.11
2019-07-18,USDCHF,USDCHF,0.99
2019-07-18,EURCHF,EURCHF,1.11
2019-07-19,USDCHF,USDCHF,0.98
2019-07-19,EURCHF,EURCHF,1.1
2019-07-22,USDCHF,USDCHF,0.98
2019-07-22,EURCHF,EURCHF,1.1
2019-07-23,USDCHF,USDCHF,0.99
2019-07-23,EURCHF,EURCHF,1.1
2019-07-24,USDCHF,USDCHF,0.99
2019-07-24,EURCHF,EURCHF,1.1
2019-07-25,USDCHF,USDCHF,0.99
2019-07-25,EURCHF,EURCHF,1.1
2019-07-26,USDCHF,USDCHF,0.99
2019-07-26,EURCHF,EURCHF,1.11
2019-07-29,USDCHF,USDCHF,0.99
2019-07-29,EURCHF,EURCHF,1.1
2019-07-30,USDCHF,USDCHF,0.99
2019-07-30,EURCHF,EURCHF,1.1
2019-07-31,USDCHF,USDCHF,0.99
2019-07-31,EURCHF,EURCHF,1.1
2019-08-01,USDCHF,USDCHF,0.99
2019-08-01,EURCHF,EURCHF,1.1
2019-08-02,USDCHF,USDCHF,0.98
2019-08-02,EURCHF,EURCHF,1.09
2019-08-05,USDCHF,USDCHF,0.97
2019-08-05,EURCHF,EURCHF,1.09
2019-08-06,USDCHF,USDCHF,0.98
2019-08-06,EURCHF,EURCHF,1.09
2019-08-07,USDCHF,USDCHF,0.97
2019-08-07,EURCHF,EURCHF,1.09
2019-08-08,USDCHF,USDCHF,0.98
2019-08-08,EURCHF,EURCHF,1.09
2019-08-09,USDCHF,USDCHF,0.97
2019-08-09,EURCHF,EURCHF,1.09
2019-08-12,USDCHF,USDCHF,0.97
2019-08-12,EURCHF,EURCHF,1.09
2019-08-13,USDCHF,USDCHF,0.97
2019-08-13,EURCHF,EURCHF,1.09
2019-08-14,USDCHF,USDCHF,0.97
2019-08-14,EURCHF,EURCHF,1.08
2019-08-15,USDCHF,USDCHF,0.98
2019-08-15,EURCHF,EURCHF,1.08
2019-08-16,USDCHF,USDCHF,0.98
2019-08-16,EURCHF,EURCHF,1.09
2019-08-19,USDCHF,USDCHF,0.98
2019-08-19,EURCHF,EURCHF,1.09
2019-08-20,USDCHF,USDCHF,0.98
2019-08-20,EURCHF,EURCHF,1.09
2019-08-21,USDCHF,USDCHF,0.98
2019-08-21,EURCHF,EURCHF,1.09
2019-08-22,USDCHF,USDCHF,0.98
2019-08-22,EURCHF,EURCHF,1.09
2019-08-23,USDCHF,USDCHF,0.98
2019-08-23,EURCHF,EURCHF,1.09
2019-08-26,USDCHF,USDCHF,0.98
2019-08-26,EURCHF,EURCHF,1.09
2019-08-27,USDCHF,USDCHF,0.98
2019-08-27,EURCHF,EURCHF,1.09
2019-08-28,USDCHF,USDCHF,0.98
2019-08-28,EURCHF,EURCHF,1.09
2019-08-29,USDCHF,USDCHF,0.98
2019-08-29,EURCHF,EURCHF,1.09
2019-08-30,USDCHF,USDCHF,0.99
2019-08-30,EURCHF,EURCHF,1.09
2019-09-02,USDCHF,USDCHF,0.99
2019-09-02,EURCHF,EURCHF,1.09
2019-09-03,USDCHF,USDCHF,0.99
2019-09-03,EURCHF,EURCHF,1.08
2019-09-04,USDCHF,USDCHF,0.98
2019-09-04,EURCHF,EURCHF,1.08
2019-09-05,USDCHF,USDCHF,0.99
2019-09-05,EURCHF,EURCHF,1.09
2019-09-06,USDCHF,USDCHF,0.99
2019-09-06,EURCHF,EURCHF,1.09
2019-09-09,USDCHF,USDCHF,0.99
2019-09-09,EURCHF,EURCHF,1.1
2019-09-10,USDCHF,USDCHF,0.99
2019-09-10,EURCHF,EURCHF,1.09
2019-09-11,USDCHF,USDCHF,0.99
2019-09-11,EURCHF,EURCHF,1.09
2019-09-12,USDCHF,USDCHF,0.99
2019-09-12,EURCHF,EURCHF,1.09
2019-09-13,USDCHF,USDCHF,0.99
2019-09-13,EURCHF,EURCHF,1.09
2019-09-16,USDCHF,USDCHF,0.99
2019-09-16,EURCHF,EURCHF,1.09
2019-09-17,USDCHF,USDCHF,0.99
2019-09-17,EURCHF,EURCHF,1.1
2019-09-18,USDCHF,USDCHF,1.0
2019-09-18,EURCHF,EURCHF,1.1
2019-09-19,USDCHF,USDCHF,0.99
2019-09-19,EURCHF,EURCHF,1.1
2019-09-20,USDCHF,USDCHF,0.99
2019-09-20,EURCHF,EURCHF,1.09
2019-09-23,USDCHF,USDCHF,0.99
2019-09-23,EURCHF,EURCHF,1.09
2019-09-24,USDCHF,USDCHF,0.99
2019-09-24,EURCHF,EURCHF,1.09
2019-09-25,USDCHF,USDCHF,0.99
2019-09-25,EURCHF,EURCHF,1.08
2019-09-26,USDCHF,USDCHF,0.99
2019-09-26,EURCHF,EURCHF,1.09
2019-09-27,USDCHF,USDCHF,0.99
2019-09-27,EURCHF,EURCHF,1.09
2019-09-30,USDCHF,USDCHF,1.0
2019-09-30,EURCHF,EURCHF,1.09
2019-10-01,USDCHF,USDCHF,1.0
2019-10-01,EURCHF,EURCHF,1.09
2019-10-02,USDCHF,USDCHF,1.0
2019-10-02,EURCHF,EURCHF,1.09
2019-10-03,USDCHF,USDCHF,1.0
2019-10-03,EURCHF,EURCHF,1.1
2019-10-04,USDCHF,USDCHF,1.0
2019-10-04,EURCHF,EURCHF,1.09
2019-10-07,USDCHF,USDCHF,0.99
2019-10-07,EURCHF,EURCHF,1.09
2019-10-08,USDCHF,USDCHF,0.99
2019-10-08,EURCHF,EURCHF,1.09
2019-10-09,USDCHF,USDCHF,1.0
2019-10-09,EURCHF,EURCHF,1.09
2019-10-10,USDCHF,USDCHF,1.0
2019-10-10,EURCHF,EURCHF,1.1
2019-10-11,USDCHF,USDCHF,1.0
2019-10-11,EURCHF,EURCHF,1.1
2019-10-14,USDCHF,USDCHF,1.0
2019-10-14,EURCHF,EURCHF,1.1
2019-10-15,USDCHF,USDCHF,1.0
2019-10-15,EURCHF,EURCHF,1.1
2019-10-16,USDCHF,USDCHF,1.0
2019-10-16,EURCHF,EURCHF,1.1
2019-10-17,USDCHF,USDCHF,0.99
2019-10-17,EURCHF,EURCHF,1.1
2019-10-18,USDCHF,USDCHF,0.99
2019-10-18,EURCHF,EURCHF,1.1
2019-10-21,USDCHF,USDCHF,0.99
2019-10-21,EURCHF,EURCHF,1.1
2019-10-22,USDCHF,USDCHF,0.99
2019-10-22,EURCHF,EURCHF,1.1
2019-10-23,USDCHF,USDCHF,0.99
2019-10-23,EURCHF,EURCHF,1.1
2019-10-24,USDCHF,USDCHF,0.99
2019-10-24,EURCHF,EURCHF,1.1
2019-10-25,USDCHF,USDCHF,0.99
2019-10-25,EURCHF,EURCHF,1.1
2019-10-28,USDCHF,USDCHF,1.0
2019-10-28,EURCHF,EURCHF,1.1
2019-10-29,USDCHF,USDCHF,0.99
2019-10-29,EURCHF,EURCHF,1.1
2019-10-30,USDCHF,USDCHF,0.99
2019-10-30,EURCHF,EURCHF,1.1
2019-10-31,USDCHF,USDCHF,0.99
2019-10-31,EURCHF,EURCHF,1.1
2019-11-01,USDCHF,USDCHF,0.99
2019-11-01,EURCHF,EURCHF,1.1
2019-11-04,USDCHF,USDCHF,0.99
2019-11-04,EURCHF,EURCHF,1.1
2019-11-05,USDCHF,USDCHF,0.99
2019-11-05,EURCHF,EURCHF,1.1
2019-11-06,USDCHF,USDCHF,0.99
2019-11-06,EURCHF,EURCHF,1.1
2019-11-07,USDCHF,USDCHF,0.99
2019-11-07,EURCHF,EURCHF,1.1
2019-11-08,USDCHF,USDCHF,1.0
2019-11-08,EURCHF,EURCHF,1.1
2019-11-11,USDCHF,USDCHF,0.99
2019-11-11,EURCHF,EURCHF,1.1
2019-11-12,USDCHF,USDCHF,0.99
2019-11-12,EURCHF,EURCHF,1.09
2019-11-13,USDCHF,USDCHF,0.99
2019-11-13,EURCHF,EURCHF,1.09
2019-11-14,USDCHF,USDCHF,0.99
2019-11-14,EURCHF,EURCHF,1.09
2019-11-15,USDCHF,USDCHF,0.99
2019-11-15,EURCHF,EURCHF,1.09
2019-11-18,USDCHF,USDCHF,0.99
2019-11-18,EURCHF,EURCHF,1.09
2019-11-19,USDCHF,USDCHF,0.99
2019-11-19,EURCHF,EURCHF,1.1
2019-11-20,USDCHF,USDCHF,0.99
2019-11-20,EURCHF,EURCHF,1.1
2019-11-21,USDCHF,USDCHF,0.99
2019-11-21,EURCHF,EURCHF,1.1
2019-11-22,USDCHF,USDCHF,1.0
2019-11-22,EURCHF,EURCHF,1.1
2019-11-25,USDCHF,USDCHF,1.0
2019-11-25,EURCHF,EURCHF,1.1
2019-11-26,USDCHF,USDCHF,1.0
2019-11-26,EURCHF,EURCHF,1.1
2019-11-27,USDCHF,USDCHF,1.0
2019-11-27,EURCHF,EURCHF,1.1
2019-11-28,USDCHF,USDCHF,1.0
2019-11-28,EURCHF,EURCHF,1.1
2019-11-29,USDCHF,USDCHF,1.0
2019-11-29,EURCHF,EURCHF,1.1
2019-12-02,USDCHF,USDCHF,0.99
2019-12-02,EURCHF,EURCHF,1.1
2019-12-03,USDCHF,USDCHF,0.99
2019-12-03,EURCHF,EURCHF,1.09
2019-12-04,USDCHF,USDCHF,0.99
2019-12-04,EURCHF,EURCHF,1.1
2019-12-05,USDCHF,USDCHF,0.99
2019-12-05,EURCHF,EURCHF,1.1
2019-12-06,USDCHF,USDCHF,0.99
2019-12-06,EURCHF,EURCHF,1.1
2019-12-09,USDCHF,USDCHF,0.99
2019-12-09,EURCHF,EURCHF,1.09
2019-12-10,USDCHF,USDCHF,0.99
2019-12-10,EURCHF,EURCHF,1.09
2019-12-11,USDCHF,USDCHF,0.99
2019-12-11,EURCHF,EURCHF,1.09
2019-12-12,USDCHF,USDCHF,0.99
2019-12-12,EURCHF,EURCHF,1.1
2019-12-13,USDCHF,USDCHF,0.98
2019-12-13,EURCHF,EURCHF,1.09
2019-12-16,USDCHF,USDCHF,0.98
2019-12-16,EURCHF,EURCHF,1.1
2019-12-17,USDCHF,USDCHF,0.98
2019-12-17,EURCHF,EURCHF,1.09
2019-12-18,USDCHF,USDCHF,0.98
2019-12-18,EURCHF,EURCHF,1.09
2019-12-19,USDCHF,USDCHF,0.98
2019-12-19,EURCHF,EURCHF,1.09
2019-12-20,USDCHF,USDCHF,0.98
2019-12-20,EURCHF,EURCHF,1.09
2019-12-23,USDCHF,USDCHF,0.98
2019-12-23,EURCHF,EURCHF,1.09
2019-12-24,USDCHF,USDCHF,0.98
2019-12-24,EURCHF,EURCHF,1.09
2019-12-25,USDCHF,USDCHF,0.98
2019-12-25,EURCHF,EURCHF,1.09
2019-12-26,USDCHF,USDCHF,0.98
2019-12-26,EURCHF,EURCHF,1.09
2019-12-27,USDCHF,USDCHF,0.98
2019-12-27,EURCHF,EURCHF,1.09
2019-12-30,USDCHF,USDCHF,0.97
2019-12-30,EURCHF,EURCHF,1.09
2019-12-31,USDCHF,USDCHF,0.97
2019-12-31,EURCHF,EURCHF,1.09
2020-01-01,USDCHF,USDCHF,0.97
2020-01-01,EURCHF,EURCHF,1.09
2020-01-02,USDCHF,USDCHF,0.97
2020-01-02,EURCHF,EURCHF,1.09
2020-01-03,USDCHF,USDCHF,0.97
2020-01-03,EURCHF,EURCHF,1.08
2020-01-06,USDCHF,USDCHF,0.97
2020-01-06,EURCHF,EURCHF,1.08
2020-01-07,USDCHF,USDCHF,0.97
2020-01-07,EURCHF,EURCHF,1.08
2020-01-08,USDCHF,USDCHF,0.97
2020-01-08,EURCHF,EURCHF,1.08
2020-01-09,USDCHF,USDCHF,0.97
2020-01-09,EURCHF,EURCHF,1.08
2020-01-10,USDCHF,USDCHF,0.97
2020-01-10,EURCHF,EURCHF,1.08
2020-01-13,USDCHF,USDCHF,0.97
2020-01-13,EURCHF,EURCHF,1.08
2020-01-14,USDCHF,USDCHF,0.97
2020-01-14,EURCHF,EURCHF,1.08
2020-01-15,USDCHF,USDCHF,0.97
2020-01-15,EURCHF,EURCHF,1.08
2020-01-16,USDCHF,USDCHF,0.96
2020-01-16,EURCHF,EURCHF,1.07
2020-01-17,USDCHF,USDCHF,0.97
2020-01-17,EURCHF,EURCHF,1.07
2020-01-20,USDCHF,USDCHF,0.97
2020-01-20,EURCHF,EURCHF,1.07
2020-01-21,USDCHF,USDCHF,0.97
2020-01-21,EURCHF,EURCHF,1.07
2020-01-22,USDCHF,USDCHF,0.97
2020-01-22,EURCHF,EURCHF,1.07
2020-01-23,USDCHF,USDCHF,0.97
2020-01-23,EURCHF,EURCHF,1.07
2020-01-24,USDCHF,USDCHF,0.97
2020-01-24,EURCHF,EURCHF,1.07
2020-01-27,USDCHF,USDCHF,0.97
2020-01-27,EURCHF,EURCHF,1.07
2020-01-28,USDCHF,USDCHF,0.97
2020-01-28,EURCHF,EURCHF,1.07
2020-01-29,USDCHF,USDCHF,0.98
2020-01-29,EURCHF,EURCHF,1.07
2020-01-30,USDCHF,USDCHF,0.97
2020-01-30,EURCHF,EURCHF,1.07
2020-01-31,USDCHF,USDCHF,0.96
2020-01-31,EURCHF,EURCHF,1.07
2020-02-03,USDCHF,USDCHF,0.97
2020-02-03,EURCHF,EURCHF,1.07
2020-02-04,USDCHF,USDCHF,0.97
2020-02-04,EURCHF,EURCHF,1.07
2020-02-05,USDCHF,USDCHF,0.97
2020-02-05,EURCHF,EURCHF,1.07
2020-02-06,USDCHF,USDCHF,0.97
2020-02-06,EURCHF,EURCHF,1.07
2020-02-07,USDCHF,USDCHF,0.98
2020-02-07,EURCHF,EURCHF,1.07
2020-02-10,USDCHF,USDCHF,0.98
2020-02-10,EURCHF,EURCHF,1.07
2020-02-11,USDCHF,USDCHF,0.98
2020-02-11,EURCHF,EURCHF,1.07
2020-02-12,USDCHF,USDCHF,0.98
2020-02-12,EURCHF,EURCHF,1.06
2020-02-13,USDCHF,USDCHF,0.98
2020-02-13,EURCHF,EURCHF,1.06
2020-02-14,USDCHF,USDCHF,0.98
2020-02-14,EURCHF,EURCHF,1.06
2020-02-17,USDCHF,USDCHF,0.98
2020-02-17,EURCHF,EURCHF,1.06
2020-02-18,USDCHF,USDCHF,0.98
2020-02-18,EURCHF,EURCHF,1.06
2020-02-19,USDCHF,USDCHF,0.98
2020-02-19,EURCHF,EURCHF,1.06
2020-02-20,USDCHF,USDCHF,0.98
2020-02-20,EURCHF,EURCHF,1.06
2020-02-21,USDCHF,USDCHF,0.98
2020-02-21,EURCHF,EURCHF,1.06
2020-02-24,USDCHF,USDCHF,0.98
2020-02-24,EURCHF,EURCHF,1.06
2020-02-25,USDCHF,USDCHF,0.98
2020-02-25,EURCHF,EURCHF,1.06
2020-02-26,USDCHF,USDCHF,0.98
2020-02-26,EURCHF,EURCHF,1.06
2020-02-27,USDCHF,USDCHF,0.97
2020-02-27,EURCHF,EURCHF,1.07
2020-02-28,USDCHF,USDCHF,0.97
2020-02-28,EURCHF,EURCHF,1.06
2020-03-02,USDCHF,USDCHF,0.96
2020-03-02,EURCHF,EURCHF,1.07
2020-03-03,USDCHF,USDCHF,0.96
2020-03-03,EURCHF,EURCHF,1.07
2020-03-04,USDCHF,USDCHF,0.96
2020-03-04,EURCHF,EURCHF,1.06
2020-03-05,USDCHF,USDCHF,0.95
2020-03-05,EURCHF,EURCHF,1.06
2020-03-06,USDCHF,USDCHF,0.94
2020-03-06,EURCHF,EURCHF,1.06
2020-03-09,USDCHF,USDCHF,0.93
2020-03-09,EURCHF,EURCHF,1.06
2020-03-10,USDCHF,USDCHF,0.93
2020-03-10,EURCHF,EURCHF,1.06
2020-03-11,USDCHF,USDCHF,0.94
2020-03-11,EURCHF,EURCHF,1.06
2020-03-12,USDCHF,USDCHF,0.95
2020-03-12,EURCHF,EURCHF,1.06
2020-03-13,USDCHF,USDCHF,0.95
2020-03-13,EURCHF,EURCHF,1.06
2020-03-16,USDCHF,USDCHF,0.95
2020-03-16,EURCHF,EURCHF,1.05
2020-03-17,USDCHF,USDCHF,0.96
2020-03-17,EURCHF,EURCHF,1.06
2020-03-18,USDCHF,USDCHF,0.97
2020-03-18,EURCHF,EURCHF,1.05
2020-03-19,USDCHF,USDCHF,0.98
2020-03-19,EURCHF,EURCHF,1.05
2020-03-20,USDCHF,USDCHF,0.99
2020-03-20,EURCHF,EURCHF,1.05
2020-03-23,USDCHF,USDCHF,0.98
2020-03-23,EURCHF,EURCHF,1.06
2020-03-24,USDCHF,USDCHF,0.98
2020-03-24,EURCHF,EURCHF,1.06
2020-03-25,USDCHF,USDCHF,0.98
2020-03-25,EURCHF,EURCHF,1.06
2020-03-26,USDCHF,USDCHF,0.96
2020-03-26,EURCHF,EURCHF,1.06
2020-03-27,USDCHF,USDCHF,0.96
2020-03-27,EURCHF,EURCHF,1.06
2020-03-30,USDCHF,USDCHF,0.96
2020-03-30,EURCHF,EURCHF,1.06
2020-03-31,USDCHF,USDCHF,0.97
2020-03-31,EURCHF,EURCHF,1.06
2020-04-01,USDCHF,USDCHF,0.97
2020-04-01,EURCHF,EURCHF,1.06
2020-04-02,USDCHF,USDCHF,0.97
2020-04-02,EURCHF,EURCHF,1.06
2020-04-03,USDCHF,USDCHF,0.98
2020-04-03,EURCHF,EURCHF,1.06
2020-04-06,USDCHF,USDCHF,0.98
2020-04-06,EURCHF,EURCHF,1.06
2020-04-07,USDCHF,USDCHF,0.97
2020-04-07,EURCHF,EURCHF,1.06
2020-04-08,USDCHF,USDCHF,0.97
2020-04-08,EURCHF,EURCHF,1.06
2020-04-09,USDCHF,USDCHF,0.97
2020-04-09,EURCHF,EURCHF,1.06
2020-04-10,USDCHF,USDCHF,0.97
2020-04-10,EURCHF,EURCHF,1.06
2020-04-13,USDCHF,USDCHF,0.97
2020-04-13,EURCHF,EURCHF,1.06
2020-04-14,USDCHF,USDCHF,0.96
2020-04-14,EURCHF,EURCHF,1.05
2020-04-15,USDCHF,USDCHF,0.97
2020-04-15,EURCHF,EURCHF,1.05
2020-04-16,USDCHF,USDCHF,0.97
2020-04-16,EURCHF,EURCHF,1.05
2020-04-17,USDCHF,USDCHF,0.97
2020-04-17,EURCHF,EURCHF,1.05
2020-04-20,USDCHF,USDCHF,0.97
2020-04-20,EURCHF,EURCHF,1.05
2020-04-21,USDCHF,USDCHF,0.97
2020-04-21,EURCHF,EURCHF,1.05
2020-04-22,USDCHF,USDCHF,0.97
2020-04-22,EURCHF,EURCHF,1.05
2020-04-23,USDCHF,USDCHF,0.97
2020-04-23,EURCHF,EURCHF,1.05
2020-04-24,USDCHF,USDCHF,0.97
2020-04-24,EURCHF,EURCHF,1.05
2020-04-27,USDCHF,USDCHF,0.98
2020-04-27,EURCHF,EURCHF,1.06
2020-04-28,USDCHF,USDCHF,0.98
2020-04-28,EURCHF,EURCHF,1.06
2020-04-29,USDCHF,USDCHF,0.97
2020-04-29,EURCHF,EURCHF,1.06
2020-04-30,USDCHF,USDCHF,0.97
2020-04-30,EURCHF,EURCHF,1.06
2020-05-01,USDCHF,USDCHF,0.96
2020-05-01,EURCHF,EURCHF,1.06
2020-05-04,USDCHF,USDCHF,0.96
2020-05-04,EURCHF,EURCHF,1.05
2020-05-05,USDCHF,USDCHF,0.97
2020-05-05,EURCHF,EURCHF,1.05
2020-05-06,USDCHF,USDCHF,0.98
2020-05-06,EURCHF,EURCHF,1.05
2020-05-07,USDCHF,USDCHF,0.98
2020-05-07,EURCHF,EURCHF,1.05
2020-05-08,USDCHF,USDCHF,0.97
2020-05-08,EURCHF,EURCHF,1.05
2020-05-11,USDCHF,USDCHF,0.97
2020-05-11,EURCHF,EURCHF,1.05
2020-05-12,USDCHF,USDCHF,0.97
2020-05-12,EURCHF,EURCHF,1.05
2020-05-13,USDCHF,USDCHF,0.97
2020-05-13,EURCHF,EURCHF,1.05
2020-05-14,USDCHF,USDCHF,0.97
2020-05-14,EURCHF,EURCHF,1.05
2020-05-15,USDCHF,USDCHF,0.97
2020-05-15,EURCHF,EURCHF,1.05
2020-05-18,USDCHF,USDCHF,0.97
2020-05-18,EURCHF,EURCHF,1.05
2020-05-19,USDCHF,USDCHF,0.97
2020-05-19,EURCHF,EURCHF,1.06
2020-05-20,USDCHF,USDCHF,0.96
2020-05-20,EURCHF,EURCHF,1.06
2020-05-21,USDCHF,USDCHF,0.97
2020-05-21,EURCHF,EURCHF,1.06
2020-05-22,USDCHF,USDCHF,0.97
2020-05-22,EURCHF,EURCHF,1.06
2020-05-25,USDCHF,USDCHF,0.97
2020-05-25,EURCHF,EURCHF,1.06
2020-05-26,USDCHF,USDCHF,0.97
2020-05-26,EURCHF,EURCHF,1.06
2020-05-27,USDCHF,USDCHF,0.97
2020-05-27,EURCHF,EURCHF,1.06
2020-05-28,USDCHF,USDCHF,0.97
2020-05-28,EURCHF,EURCHF,1.07
2020-05-29,USDCHF,USDCHF,0.96
2020-05-29,EURCHF,EURCHF,1.07
2020-06-01,USDCHF,USDCHF,0.96
2020-06-01,EURCHF,EURCHF,1.07
2020-06-02,USDCHF,USDCHF,0.96
2020-06-02,EURCHF,EURCHF,1.07
2020-06-03,USDCHF,USDCHF,0.96
2020-06-03,EURCHF,EURCHF,1.08
2020-06-04,USDCHF,USDCHF,0.96
2020-06-04,EURCHF,EURCHF,1.09
2020-06-05,USDCHF,USDCHF,0.96
2020-06-05,EURCHF,EURCHF,1.09
2020-06-08,USDCHF,USDCHF,0.96
2020-06-08,EURCHF,EURCHF,1.08
2020-06-09,USDCHF,USDCHF,0.95
2020-06-09,EURCHF,EURCHF,1.08
2020-06-10,USDCHF,USDCHF,0.95
2020-06-10,EURCHF,EURCHF,1.07
2020-06-11,USDCHF,USDCHF,0.94
2020-06-11,EURCHF,EURCHF,1.07
2020-06-12,USDCHF,USDCHF,0.95
2020-06-12,EURCHF,EURCHF,1.07
2020-06-15,USDCHF,USDCHF,0.95
2020-06-15,EURCHF,EURCHF,1.07
2020-06-16,USDCHF,USDCHF,0.95
2020-06-16,EURCHF,EURCHF,1.07
2020-06-17,USDCHF,USDCHF,0.95
2020-06-17,EURCHF,EURCHF,1.07
2020-06-18,USDCHF,USDCHF,0.95
2020-06-18,EURCHF,EURCHF,1.07
2020-06-19,USDCHF,USDCHF,0.95
2020-06-19,EURCHF,EURCHF,1.06
2020-06-22,USDCHF,USDCHF,0.95
2020-06-22,EURCHF,EURCHF,1.07
2020-06-23,USDCHF,USDCHF,0.94
2020-06-23,EURCHF,EURCHF,1.07
2020-06-24,USDCHF,USDCHF,0.95
2020-06-24,EURCHF,EURCHF,1.07
2020-06-25,USDCHF,USDCHF,0.95
2020-06-25,EURCHF,EURCHF,1.06
2020-06-26,USDCHF,USDCHF,0.95
2020-06-26,EURCHF,EURCHF,1.06
2020-06-29,USDCHF,USDCHF,0.95
2020-06-29,EURCHF,EURCHF,1.07
2020-06-30,USDCHF,USDCHF,0.95
2020-06-30,EURCHF,EURCHF,1.06
2020-07-01,USDCHF,USDCHF,0.95
2020-07-01,EURCHF,EURCHF,1.06
2020-07-02,USDCHF,USDCHF,0.95
2020-07-02,EURCHF,EURCHF,1.06
2020-07-03,USDCHF,USDCHF,0.95
2020-07-03,EURCHF,EURCHF,1.06
2020-07-06,USDCHF,USDCHF,0.94
2020-07-06,EURCHF,EURCHF,1.06
2020-07-07,USDCHF,USDCHF,0.94
2020-07-07,EURCHF,EURCHF,1.06
2020-07-08,USDCHF,USDCHF,0.94
2020-07-08,EURCHF,EURCHF,1.06
2020-07-09,USDCHF,USDCHF,0.94
2020-07-09,EURCHF,EURCHF,1.06
2020-07-10,USDCHF,USDCHF,0.94
2020-07-10,EURCHF,EURCHF,1.06
2020-07-13,USDCHF,USDCHF,0.94
2020-07-13,EURCHF,EURCHF,1.07
2020-07-14,USDCHF,USDCHF,0.94
2020-07-14,EURCHF,EURCHF,1.07
2020-07-15,USDCHF,USDCHF,0.94
2020-07-15,EURCHF,EURCHF,1.08
2020-07-16,USDCHF,USDCHF,0.94
2020-07-16,EURCHF,EURCHF,1.08
2020-07-17,USDCHF,USDCHF,0.94
2020-07-17,EURCHF,EURCHF,1.07
2020-07-20,USDCHF,USDCHF,0.94
2020-07-20,EURCHF,EURCHF,1.07
2020-07-21,USDCHF,USDCHF,0.94
2020-07-21,EURCHF,EURCHF,1.08
2020-07-22,USDCHF,USDCHF,0.93
2020-07-22,EURCHF,EURCHF,1.08
2020-07-23,USDCHF,USDCHF,0.93
2020-07-23,EURCHF,EURCHF,1.07
2020-07-24,USDCHF,USDCHF,0.92
2020-07-24,EURCHF,EURCHF,1.07
2020-07-27,USDCHF,USDCHF,0.92
2020-07-27,EURCHF,EURCHF,1.08
2020-07-28,USDCHF,USDCHF,0.92
2020-07-28,EURCHF,EURCHF,1.08
2020-07-29,USDCHF,USDCHF,0.91
2020-07-29,EURCHF,EURCHF,1.08
2020-07-30,USDCHF,USDCHF,0.91
2020-07-30,EURCHF,EURCHF,1.08
2020-07-31,USDCHF,USDCHF,0.91
2020-07-31,EURCHF,EURCHF,1.08
2020-08-03,USDCHF,USDCHF,0.92
2020-08-03,EURCHF,EURCHF,1.08
2020-08-04,USDCHF,USDCHF,0.92
2020-08-04,EURCHF,EURCHF,1.08
2020-08-05,USDCHF,USDCHF,0.91
2020-08-05,EURCHF,EURCHF,1.08
2020-08-06,USDCHF,USDCHF,0.91
2020-08-06,EURCHF,EURCHF,1.08
2020-08-07,USDCHF,USDCHF,0.91
2020-08-07,EURCHF,EURCHF,1.08
2020-08-10,USDCHF,USDCHF,0.91
2020-08-10,EURCHF,EURCHF,1.08
2020-08-11,USDCHF,USDCHF,0.92
2020-08-11,EURCHF,EURCHF,1.08
2020-08-12,USDCHF,USDCHF,0.91
2020-08-12,EURCHF,EURCHF,1.07
2020-08-13,USDCHF,USDCHF,0.91
2020-08-13,EURCHF,EURCHF,1.08
2020-08-14,USDCHF,USDCHF,0.91
2020-08-14,EURCHF,EURCHF,1.08
2020-08-17,USDCHF,USDCHF,0.91
2020-08-17,EURCHF,EURCHF,1.08
2020-08-18,USDCHF,USDCHF,0.9
2020-08-18,EURCHF,EURCHF,1.08
2020-08-19,USDCHF,USDCHF,0.91
2020-08-19,EURCHF,EURCHF,1.08
2020-08-20,USDCHF,USDCHF,0.91
2020-08-20,EURCHF,EURCHF,1.08
2020-08-21,USDCHF,USDCHF,0.91
2020-08-21,EURCHF,EURCHF,1.07
2020-08-24,USDCHF,USDCHF,0.91
2020-08-24,EURCHF,EURCHF,1.08
2020-08-25,USDCHF,USDCHF,0.91
2020-08-25,EURCHF,EURCHF,1.08
2020-08-26,USDCHF,USDCHF,0.91
2020-08-26,EURCHF,EURCHF,1.07
2020-08-27,USDCHF,USDCHF,0.91
2020-08-27,EURCHF,EURCHF,1.07
2020-08-28,USDCHF,USDCHF,0.9
2020-08-28,EURCHF,EURCHF,1.08
2020-08-31,USDCHF,USDCHF,0.9
2020-08-31,EURCHF,EURCHF,1.08
2020-09-01,USDCHF,USDCHF,0.91
2020-09-01,EURCHF,EURCHF,1.09
2020-09-02,USDCHF,USDCHF,0.91
2020-09-02,EURCHF,EURCHF,1.08
2020-09-03,USDCHF,USDCHF,0.91
2020-09-03,EURCHF,EURCHF,1.08
2020-09-04,USDCHF,USDCHF,0.92
2020-09-04,EURCHF,EURCHF,1.08
2020-09-07,USDCHF,USDCHF,0.92
2020-09-07,EURCHF,EURCHF,1.08
2020-09-08,USDCHF,USDCHF,0.92
2020-09-08,EURCHF,EURCHF,1.08
2020-09-09,USDCHF,USDCHF,0.91
2020-09-09,EURCHF,EURCHF,1.08
2020-09-10,USDCHF,USDCHF,0.91
2020-09-10,EURCHF,EURCHF,1.08
2020-09-11,USDCHF,USDCHF,0.91
2020-09-11,EURCHF,EURCHF,1.08
2020-09-14,USDCHF,USDCHF,0.91
2020-09-14,EURCHF,EURCHF,1.08
2020-09-15,USDCHF,USDCHF,0.91
2020-09-15,EURCHF,EURCHF,1.08
2020-09-16,USDCHF,USDCHF,0.91
2020-09-16,EURCHF,EURCHF,1.07
2020-09-17,USDCHF,USDCHF,0.91
2020-09-17,EURCHF,EURCHF,1.07
2020-09-18,USDCHF,USDCHF,0.91
2020-09-18,EURCHF,EURCHF,1.08
2020-09-21,USDCHF,USDCHF,0.92
2020-09-21,EURCHF,EURCHF,1.08
2020-09-22,USDCHF,USDCHF,0.92
2020-09-22,EURCHF,EURCHF,1.08
2020-09-23,USDCHF,USDCHF,0.92
2020-09-23,EURCHF,EURCHF,1.08
2020-09-24,USDCHF,USDCHF,0.93
2020-09-24,EURCHF,EURCHF,1.08
2020-09-25,USDCHF,USDCHF,0.93
2020-09-25,EURCHF,EURCHF,1.08
2020-09-28,USDCHF,USDCHF,0.93
2020-09-28,EURCHF,EURCHF,1.08
2020-09-29,USDCHF,USDCHF,0.92
2020-09-29,EURCHF,EURCHF,1.08
2020-09-30,USDCHF,USDCHF,0.92
2020-09-30,EURCHF,EURCHF,1.08
2020-10-01,USDCHF,USDCHF,0.92
2020-10-01,EURCHF,EURCHF,1.08
2020-10-02,USDCHF,USDCHF,0.92
2020-10-02,EURCHF,EURCHF,1.08
2020-10-05,USDCHF,USDCHF,0.91
2020-10-05,EURCHF,EURCHF,1.08
2020-10-06,USDCHF,USDCHF,0.91
2020-10-06,EURCHF,EURCHF,1.08
2020-10-07,USDCHF,USDCHF,0.92
2020-10-07,EURCHF,EURCHF,1.08
2020-10-08,USDCHF,USDCHF,0.92
2020-10-08,EURCHF,EURCHF,1.08
2020-10-09,USDCHF,USDCHF,0.91
2020-10-09,EURCHF,EURCHF,1.08
2020-10-12,USDCHF,USDCHF,0.91
2020-10-12,EURCHF,EURCHF,1.07
2020-10-13,USDCHF,USDCHF,0.91
2020-10-13,EURCHF,EURCHF,1.07
2020-10-14,USDCHF,USDCHF,0.91
2020-10-14,EURCHF,EURCHF,1.07
2020-10-15,USDCHF,USDCHF,0.91
2020-10-15,EURCHF,EURCHF,1.07
2020-10-16,USDCHF,USDCHF,0.91
2020-10-16,EURCHF,EURCHF,1.07
2020-10-19,USDCHF,USDCHF,0.91
2020-10-19,EURCHF,EURCHF,1.07
2020-10-20,USDCHF,USDCHF,0.91
2020-10-20,EURCHF,EURCHF,1.07
2020-10-21,USDCHF,USDCHF,0.9
2020-10-21,EURCHF,EURCHF,1.07
2020-10-22,USDCHF,USDCHF,0.91
2020-10-22,EURCHF,EURCHF,1.07
2020-10-23,USDCHF,USDCHF,0.91
2020-10-23,EURCHF,EURCHF,1.07
2020-10-26,USDCHF,USDCHF,0.91
2020-10-26,EURCHF,EURCHF,1.07
2020-10-27,USDCHF,USDCHF,0.91
2020-10-27,EURCHF,EURCHF,1.07
2020-10-28,USDCHF,USDCHF,0.91
2020-10-28,EURCHF,EURCHF,1.07
2020-10-29,USDCHF,USDCHF,0.92
2020-10-29,EURCHF,EURCHF,1.07
2020-10-30,USDCHF,USDCHF,0.92
2020-10-30,EURCHF,EURCHF,1.07
2020-11-02,USDCHF,USDCHF,0.92
2020-11-02,EURCHF,EURCHF,1.07
2020-11-03,USDCHF,USDCHF,0.91
2020-11-03,EURCHF,EURCHF,1.07
2020-11-04,USDCHF,USDCHF,0.91
2020-11-04,EURCHF,EURCHF,1.07
2020-11-05,USDCHF,USDCHF,0.91
2020-11-05,EURCHF,EURCHF,1.07
2020-11-06,USDCHF,USDCHF,0.9
2020-11-06,EURCHF,EURCHF,1.07
2020-11-09,USDCHF,USDCHF,0.91
2020-11-09,EURCHF,EURCHF,1.08
2020-11-10,USDCHF,USDCHF,0.91
2020-11-10,EURCHF,EURCHF,1.08
2020-11-11,USDCHF,USDCHF,0.92
2020-11-11,EURCHF,EURCHF,1.08
2020-11-12,USDCHF,USDCHF,0.91
2020-11-12,EURCHF,EURCHF,1.08
2020-11-13,USDCHF,USDCHF,0.91
2020-11-13,EURCHF,EURCHF,1.08
2020-11-16,USDCHF,USDCHF,0.91
2020-11-16,EURCHF,EURCHF,1.08
2020-11-17,USDCHF,USDCHF,0.91
2020-11-17,EURCHF,EURCHF,1.08
2020-11-18,USDCHF,USDCHF,0.91
2020-11-18,EURCHF,EURCHF,1.08
2020-11-19,USDCHF,USDCHF,0.91
2020-11-19,EURCHF,EURCHF,1.08
2020-11-20,USDCHF,USDCHF,0.91
2020-11-20,EURCHF,EURCHF,1.08
2020-11-23,USDCHF,USDCHF,0.91
2020-11-23,EURCHF,EURCHF,1.08
2020-11-24,USDCHF,USDCHF,0.91
2020-11-24,EURCHF,EURCHF,1.08
2020-11-25,USDCHF,USDCHF,0.91
2020-11-25,EURCHF,EURCHF,1.08
2020-11-26,USDCHF,USDCHF,0.91
2020-11-26,EURCHF,EURCHF,1.08
2020-11-27,USDCHF,USDCHF,0.9
2020-11-27,EURCHF,EURCHF,1.08
2020-11-30,USDCHF,USDCHF,0.91
2020-11-30,EURCHF,EURCHF,1.08
2020-12-01,USDCHF,USDCHF,0.9
2020-12-01,EURCHF,EURCHF,1.08
2020-12-02,USDCHF,USDCHF,0.9
2020-12-02,EURCHF,EURCHF,1.08
2020-12-03,USDCHF,USDCHF,0.89
2020-12-03,EURCHF,EURCHF,1.08
2020-12-04,USDCHF,USDCHF,0.89
2020-12-04,EURCHF,EURCHF,1.08
2020-12-07,USDCHF,USDCHF,0.89
2020-12-07,EURCHF,EURCHF,1.08
2020-12-08,USDCHF,USDCHF,0.89
2020-12-08,EURCHF,EURCHF,1.08
2020-12-09,USDCHF,USDCHF,0.89
2020-12-09,EURCHF,EURCHF,1.08
2020-12-10,USDCHF,USDCHF,0.89
2020-12-10,EURCHF,EURCHF,1.08
2020-12-11,USDCHF,USDCHF,0.89
2020-12-11,EURCHF,EURCHF,1.08
2020-12-14,USDCHF,USDCHF,0.89
2020-12-14,EURCHF,EURCHF,1.08
2020-12-15,USDCHF,USDCHF,0.89
2020-12-15,EURCHF,EURCHF,1.08
2020-12-16,USDCHF,USDCHF,0.89
2020-12-16,EURCHF,EURCHF,1.08
2020-12-17,USDCHF,USDCHF,0.88
2020-12-17,EURCHF,EURCHF,1.08
2020-12-18,USDCHF,USDCHF,0.89
2020-12-18,EURCHF,EURCHF,1.08
2020-12-21,USDCHF,USDCHF,0.89
2020-12-21,EURCHF,EURCHF,1.08
2020-12-22,USDCHF,USDCHF,0.89
2020-12-22,EURCHF,EURCHF,1.08
2020-12-23,USDCHF,USDCHF,0.89
2020-12-23,EURCHF,EURCHF,1.08
2020-12-24,USDCHF,USDCHF,0.89
2020-12-24,EURCHF,EURCHF,1.09
2020-12-25,USDCHF,USDCHF,0.89
2020-12-25,EURCHF,EURCHF,1.09
2020-12-28,USDCHF,USDCHF,0.89
2020-12-28,EURCHF,EURCHF,1.09
2020-12-29,USDCHF,USDCHF,0.89
2020-12-29,EURCHF,EURCHF,1.08
2020-12-30,USDCHF,USDCHF,0.88
2020-12-30,EURCHF,EURCHF,1.09
2020-12-31,USDCHF,USDCHF,0.88
2020-12-31,EURCHF,EURCHF,1.08
2021-01-01,USDCHF,USDCHF,0.88
2021-01-01,EURCHF,EURCHF,1.08
2021-01-04,USDCHF,USDCHF,0.88
2021-01-04,EURCHF,EURCHF,1.08
2021-01-05,USDCHF,USDCHF,0.88
2021-01-05,EURCHF,EURCHF,1.08
2021-01-06,USDCHF,USDCHF,0.88
2021-01-06,EURCHF,EURCHF,1.08
2021-01-07,USDCHF,USDCHF,0.89
2021-01-07,EURCHF,EURCHF,1.09
2021-01-08,USDCHF,USDCHF,0.88
2021-01-08,EURCHF,EURCHF,1.08
2021-01-11,USDCHF,USDCHF,0.89
2021-01-11,EURCHF,EURCHF,1.08
2021-01-12,USDCHF,USDCHF,0.89
2021-01-12,EURCHF,EURCHF,1.08
2021-01-13,USDCHF,USDCHF,0.89
2021-01-13,EURCHF,EURCHF,1.08
2021-01-14,USDCHF,USDCHF,0.89
2021-01-14,EURCHF,EURCHF,1.08
2021-01-15,USDCHF,USDCHF,0.89
2021-01-15,EURCHF,EURCHF,1.08
2021-01-18,USDCHF,USDCHF,0.89
2021-01-18,EURCHF,EURCHF,1.08
2021-01-19,USDCHF,USDCHF,0.89
2021-01-19,EURCHF,EURCHF,1.08
2021-01-20,USDCHF,USDCHF,0.89
2021-01-20,EURCHF,EURCHF,1.08
2021-01-21,USDCHF,USDCHF,0.89
2021-01-21,EURCHF,EURCHF,1.08
2021-01-22,USDCHF,USDCHF,0.89
2021-01-22,EURCHF,EURCHF,1.08
2021-01-25,USDCHF,USDCHF,0.89
2021-01-25,EURCHF,EURCHF,1.08
2021-01-26,USDCHF,USDCHF,0.89
2021-01-26,EURCHF,EURCHF,1.08
2021-01-27,USDCHF,USDCHF,0.89
2021-01-27,EURCHF,EURCHF,1.08
2021-01-28,USDCHF,USDCHF,0.89
2021-01-28,EURCHF,EURCHF,1.08
2021-01-29,USDCHF,USDCHF,0.89
2021-01-29,EURCHF,EURCHF,1.08
2021-02-01,USDCHF,USDCHF,0.9
2021-02-01,EURCHF,EURCHF,1.08
2021-02-02,USDCHF,USDCHF,0.9
2021-02-02,EURCHF,EURCHF,1.08
2021-02-03,USDCHF,USDCHF,0.9
2021-02-03,EURCHF,EURCHF,1.08
2021-02-04,USDCHF,USDCHF,0.9
2021-02-04,EURCHF,EURCHF,1.08
2021-02-05,USDCHF,USDCHF,0.9
2021-02-05,EURCHF,EURCHF,1.08
2021-02-08,USDCHF,USDCHF,0.9
2021-02-08,EURCHF,EURCHF,1.08
2021-02-09,USDCHF,USDCHF,0.89
2021-02-09,EURCHF,EURCHF,1.08
2021-02-10,USDCHF,USDCHF,0.89
2021-02-10,EURCHF,EURCHF,1.08
2021-02-11,USDCHF,USDCHF,0.89
2021-02-11,EURCHF,EURCHF,1.08
2021-02-12,USDCHF,USDCHF,0.89
2021-02-12,EURCHF,EURCHF,1.08
2021-02-15,USDCHF,USDCHF,0.89
2021-02-15,EURCHF,EURCHF,1.08
2021-02-16,USDCHF,USDCHF,0.89
2021-02-16,EURCHF,EURCHF,1.08
2021-02-17,USDCHF,USDCHF,0.9
2021-02-17,EURCHF,EURCHF,1.08
2021-02-18,USDCHF,USDCHF,0.9
2021-02-18,EURCHF,EURCHF,1.08
2021-02-19,USDCHF,USDCHF,0.9
2021-02-19,EURCHF,EURCHF,1.09
2021-02-22,USDCHF,USDCHF,0.9
2021-02-22,EURCHF,EURCHF,1.09
2021-02-23,USDCHF,USDCHF,0.9
2021-02-23,EURCHF,EURCHF,1.09
2021-02-24,USDCHF,USDCHF,0.91
2021-02-24,EURCHF,EURCHF,1.1
2021-02-25,USDCHF,USDCHF,0.9
2021-02-25,EURCHF,EURCHF,1.1
2021-02-26,USDCHF,USDCHF,0.91
2021-02-26,EURCHF,EURCHF,1.1
2021-03-01,USDCHF,USDCHF,0.91
2021-03-01,EURCHF,EURCHF,1.1
2021-03-02,USDCHF,USDCHF,0.92
2021-03-02,EURCHF,EURCHF,1.1
2021-03-03,USDCHF,USDCHF,0.92
2021-03-03,EURCHF,EURCHF,1.11
2021-03-04,USDCHF,USDCHF,0.93
2021-03-04,EURCHF,EURCHF,1.11
2021-03-05,USDCHF,USDCHF,0.93
2021-03-05,EURCHF,EURCHF,1.11
2021-03-08,USDCHF,USDCHF,0.94
2021-03-08,EURCHF,EURCHF,1.11
2021-03-09,USDCHF,USDCHF,0.93
2021-03-09,EURCHF,EURCHF,1.11
2021-03-10,USDCHF,USDCHF,0.93
2021-03-10,EURCHF,EURCHF,1.11
2021-03-11,USDCHF,USDCHF,0.93
2021-03-11,EURCHF,EURCHF,1.11
2021-03-12,USDCHF,USDCHF,0.93
2021-03-12,EURCHF,EURCHF,1.11
2021-03-15,USDCHF,USDCHF,0.93
2021-03-15,EURCHF,EURCHF,1.11
2021-03-16,USDCHF,USDCHF,0.93
2021-03-16,EURCHF,EURCHF,1.1
2021-03-17,USDCHF,USDCHF,0.93
2021-03-17,EURCHF,EURCHF,1.1
2021-03-18,USDCHF,USDCHF,0.93
2021-03-18,EURCHF,EURCHF,1.11
2021-03-19,USDCHF,USDCHF,0.93
2021-03-19,EURCHF,EURCHF,1.11
2021-03-22,USDCHF,USDCHF,0.92
2021-03-22,EURCHF,EURCHF,1.1
2021-03-23,USDCHF,USDCHF,0.93
2021-03-23,EURCHF,EURCHF,1.11
2021-03-24,USDCHF,USDCHF,0.94
2021-03-24,EURCHF,EURCHF,1.11
2021-03-25,USDCHF,USDCHF,0.94
2021-03-25,EURCHF,EURCHF,1.11
2021-03-26,USDCHF,USDCHF,0.94
2021-03-26,EURCHF,EURCHF,1.11
2021-03-29,USDCHF,USDCHF,0.94
2021-03-29,EURCHF,EURCHF,1.1
2021-03-30,USDCHF,USDCHF,0.94
2021-03-30,EURCHF,EURCHF,1.11
2021-03-31,USDCHF,USDCHF,0.94
2021-03-31,EURCHF,EURCHF,1.11
2021-04-01,USDCHF,USDCHF,0.94
2021-04-01,EURCHF,EURCHF,1.11
2021-04-02,USDCHF,USDCHF,0.94
2021-04-02,EURCHF,EURCHF,1.11
2021-04-05,USDCHF,USDCHF,0.94
2021-04-05,EURCHF,EURCHF,1.11
2021-04-06,USDCHF,USDCHF,0.93
2021-04-06,EURCHF,EURCHF,1.1
2021-04-07,USDCHF,USDCHF,0.93
2021-04-07,EURCHF,EURCHF,1.1
2021-04-08,USDCHF,USDCHF,0.93
2021-04-08,EURCHF,EURCHF,1.1
2021-04-09,USDCHF,USDCHF,0.93
2021-04-09,EURCHF,EURCHF,1.1
2021-04-12,USDCHF,USDCHF,0.92
2021-04-12,EURCHF,EURCHF,1.1
2021-04-13,USDCHF,USDCHF,0.92
2021-04-13,EURCHF,EURCHF,1.1
2021-04-14,USDCHF,USDCHF,0.92
2021-04-14,EURCHF,EURCHF,1.1
2021-04-15,USDCHF,USDCHF,0.92
2021-04-15,EURCHF,EURCHF,1.1
2021-04-16,USDCHF,USDCHF,0.92
2021-04-16,EURCHF,EURCHF,1.1
2021-04-19,USDCHF,USDCHF,0.92
2021-04-19,EURCHF,EURCHF,1.1
2021-04-20,USDCHF,USDCHF,0.91
2021-04-20,EURCHF,EURCHF,1.1
2021-04-21,USDCHF,USDCHF,0.92
2021-04-21,EURCHF,EURCHF,1.1
2021-04-22,USDCHF,USDCHF,0.92
2021-04-22,EURCHF,EURCHF,1.1
2021-04-23,USDCHF,USDCHF,0.92
2021-04-23,EURCHF,EURCHF,1.1
2021-04-26,USDCHF,USDCHF,0.91
2021-04-26,EURCHF,EURCHF,1.1
2021-04-27,USDCHF,USDCHF,0.91
2021-04-27,EURCHF,EURCHF,1.1
2021-04-28,USDCHF,USDCHF,0.91
2021-04-28,EURCHF,EURCHF,1.1
2021-04-29,USDCHF,USDCHF,0.91
2021-04-29,EURCHF,EURCHF,1.1
2021-04-30,USDCHF,USDCHF,0.91
2021-04-30,EURCHF,EURCHF,1.1
2021-05-03,USDCHF,USDCHF,0.91
2021-05-03,EURCHF,EURCHF,1.1
2021-05-04,USDCHF,USDCHF,0.91
2021-05-04,EURCHF,EURCHF,1.1
2021-05-05,USDCHF,USDCHF,0.91
2021-05-05,EURCHF,EURCHF,1.1
2021-05-06,USDCHF,USDCHF,0.91
2021-05-06,EURCHF,EURCHF,1.1
2021-05-07,USDCHF,USDCHF,0.9
2021-05-07,EURCHF,EURCHF,1.1
2021-05-10,USDCHF,USDCHF,0.9
2021-05-10,EURCHF,EURCHF,1.09
2021-05-11,USDCHF,USDCHF,0.9
2021-05-11,EURCHF,EURCHF,1.1
2021-05-12,USDCHF,USDCHF,0.91
2021-05-12,EURCHF,EURCHF,1.1
2021-05-13,USDCHF,USDCHF,0.91
2021-05-13,EURCHF,EURCHF,1.09
2021-05-14,USDCHF,USDCHF,0.9
2021-05-14,EURCHF,EURCHF,1.1
2021-05-17,USDCHF,USDCHF,0.9
2021-05-17,EURCHF,EURCHF,1.09
2021-05-18,USDCHF,USDCHF,0.9
2021-05-18,EURCHF,EURCHF,1.1
2021-05-19,USDCHF,USDCHF,0.9
2021-05-19,EURCHF,EURCHF,1.1
2021-05-20,USDCHF,USDCHF,0.9
2021-05-20,EURCHF,EURCHF,1.1
2021-05-21,USDCHF,USDCHF,0.9
2021-05-21,EURCHF,EURCHF,1.09
2021-05-24,USDCHF,USDCHF,0.9
2021-05-24,EURCHF,EURCHF,1.1
2021-05-25,USDCHF,USDCHF,0.9
2021-05-25,EURCHF,EURCHF,1.1
2021-05-26,USDCHF,USDCHF,0.9
2021-05-26,EURCHF,EURCHF,1.09
2021-05-27,USDCHF,USDCHF,0.9
2021-05-27,EURCHF,EURCHF,1.1
2021-05-28,USDCHF,USDCHF,0.9
2021-05-28,EURCHF,EURCHF,1.1
2021-05-31,USDCHF,USDCHF,0.9
2021-05-31,EURCHF,EURCHF,1.1
2021-06-01,USDCHF,USDCHF,0.9
2021-06-01,EURCHF,EURCHF,1.1
2021-06-02,USDCHF,USDCHF,0.9
2021-06-02,EURCHF,EURCHF,1.1
2021-06-03,USDCHF,USDCHF,0.9
2021-06-03,EURCHF,EURCHF,1.1
2021-06-04,USDCHF,USDCHF,0.9
2021-06-04,EURCHF,EURCHF,1.09
2021-06-07,USDCHF,USDCHF,0.9
2021-06-07,EURCHF,EURCHF,1.09
2021-06-08,USDCHF,USDCHF,0.9
2021-06-08,EURCHF,EURCHF,1.09
2021-06-09,USDCHF,USDCHF,0.9
2021-06-09,EURCHF,EURCHF,1.09
2021-06-10,USDCHF,USDCHF,0.9
2021-06-10,EURCHF,EURCHF,1.09
2021-06-11,USDCHF,USDCHF,0.9
2021-06-11,EURCHF,EURCHF,1.09
2021-06-14,USDCHF,USDCHF,0.9
2021-06-14,EURCHF,EURCHF,1.09
2021-06-15,USDCHF,USDCHF,0.9
2021-06-15,EURCHF,EURCHF,1.09
2021-06-16,USDCHF,USDCHF,0.9
2021-06-16,EURCHF,EURCHF,1.09
2021-06-17,USDCHF,USDCHF,0.92
2021-06-17,EURCHF,EURCHF,1.09
2021-06-18,USDCHF,USDCHF,0.92
2021-06-18,EURCHF,EURCHF,1.09
2021-06-21,USDCHF,USDCHF,0.92
2021-06-21,EURCHF,EURCHF,1.09
2021-06-22,USDCHF,USDCHF,0.92
2021-06-22,EURCHF,EURCHF,1.1
2021-06-23,USDCHF,USDCHF,0.92
2021-06-23,EURCHF,EURCHF,1.1
2021-06-24,USDCHF,USDCHF,0.92
2021-06-24,EURCHF,EURCHF,1.1
2021-06-25,USDCHF,USDCHF,0.92
2021-06-25,EURCHF,EURCHF,1.1
2021-06-28,USDCHF,USDCHF,0.92
2021-06-28,EURCHF,EURCHF,1.1
2021-06-29,USDCHF,USDCHF,0.92
2021-06-29,EURCHF,EURCHF,1.1
2021-06-30,USDCHF,USDCHF,0.92
2021-06-30,EURCHF,EURCHF,1.1
2021-07-01,USDCHF,USDCHF,0.92
2021-07-01,EURCHF,EURCHF,1.1
2021-07-02,USDCHF,USDCHF,0.92
2021-07-02,EURCHF,EURCHF,1.09
2021-07-05,USDCHF,USDCHF,0.92
2021-07-05,EURCHF,EURCHF,1.09
2021-07-06,USDCHF,USDCHF,0.92
2021-07-06,EURCHF,EURCHF,1.09
2021-07-07,USDCHF,USDCHF,0.93
2021-07-07,EURCHF,EURCHF,1.09
2021-07-08,USDCHF,USDCHF,0.91
2021-07-08,EURCHF,EURCHF,1.08
2021-07-09,USDCHF,USDCHF,0.91
2021-07-09,EURCHF,EURCHF,1.09
2021-07-12,USDCHF,USDCHF,0.91
2021-07-12,EURCHF,EURCHF,1.09
2021-07-13,USDCHF,USDCHF,0.92
2021-07-13,EURCHF,EURCHF,1.08
2021-07-14,USDCHF,USDCHF,0.92
2021-07-14,EURCHF,EURCHF,1.08
2021-07-15,USDCHF,USDCHF,0.92
2021-07-15,EURCHF,EURCHF,1.08
2021-07-16,USDCHF,USDCHF,0.92
2021-07-16,EURCHF,EURCHF,1.09
2021-07-19,USDCHF,USDCHF,0.92
2021-07-19,EURCHF,EURCHF,1.08
2021-07-20,USDCHF,USDCHF,0.92
2021-07-20,EURCHF,EURCHF,1.09
2021-07-21,USDCHF,USDCHF,0.92
2021-07-21,EURCHF,EURCHF,1.08
2021-07-22,USDCHF,USDCHF,0.92
2021-07-22,EURCHF,EURCHF,1.08
2021-07-23,USDCHF,USDCHF,0.92
2021-07-23,EURCHF,EURCHF,1.08
2021-07-26,USDCHF,USDCHF,0.92
2021-07-26,EURCHF,EURCHF,1.08
2021-07-27,USDCHF,USDCHF,0.91
2021-07-27,EURCHF,EURCHF,1.08
2021-07-28,USDCHF,USDCHF,0.91
2021-07-28,EURCHF,EURCHF,1.08
2021-07-29,USDCHF,USDCHF,0.91
2021-07-29,EURCHF,EURCHF,1.08
2021-07-30,USDCHF,USDCHF,0.91
2021-07-30,EURCHF,EURCHF,1.07
2021-08-02,USDCHF,USDCHF,0.9
2021-08-02,EURCHF,EURCHF,1.07
2021-08-03,USDCHF,USDCHF,0.9
2021-08-03,EURCHF,EURCHF,1.07
2021-08-04,USDCHF,USDCHF,0.91
2021-08-04,EURCHF,EURCHF,1.07
2021-08-05,USDCHF,USDCHF,0.91
2021-08-05,EURCHF,EURCHF,1.07
2021-08-06,USDCHF,USDCHF,0.91
2021-08-06,EURCHF,EURCHF,1.08
2021-08-09,USDCHF,USDCHF,0.92
2021-08-09,EURCHF,EURCHF,1.08
2021-08-10,USDCHF,USDCHF,0.92
2021-08-10,EURCHF,EURCHF,1.08
2021-08-11,USDCHF,USDCHF,0.92
2021-08-11,EURCHF,EURCHF,1.08
2021-08-12,USDCHF,USDCHF,0.92
2021-08-12,EURCHF,EURCHF,1.08
2021-08-13,USDCHF,USDCHF,0.92
2021-08-13,EURCHF,EURCHF,1.08
2021-08-16,USDCHF,USDCHF,0.91
2021-08-16,EURCHF,EURCHF,1.07
2021-08-17,USDCHF,USDCHF,0.91
2021-08-17,EURCHF,EURCHF,1.07
2021-08-18,USDCHF,USDCHF,0.92
2021-08-18,EURCHF,EURCHF,1.07
2021-08-19,USDCHF,USDCHF,0.92
2021-08-19,EURCHF,EURCHF,1.07
2021-08-20,USDCHF,USDCHF,0.92
2021-08-20,EURCHF,EURCHF,1.07
2021-08-23,USDCHF,USDCHF,0.91
2021-08-23,EURCHF,EURCHF,1.07
2021-08-24,USDCHF,USDCHF,0.91
2021-08-24,EURCHF,EURCHF,1.07
2021-08-25,USDCHF,USDCHF,0.91
2021-08-25,EURCHF,EURCHF,1.07
2021-08-26,USDCHF,USDCHF,0.92
2021-08-26,EURCHF,EURCHF,1.08
2021-08-27,USDCHF,USDCHF,0.91
2021-08-27,EURCHF,EURCHF,1.08
2021-08-30,USDCHF,USDCHF,0.92
2021-08-30,EURCHF,EURCHF,1.08
2021-08-31,USDCHF,USDCHF,0.92
2021-08-31,EURCHF,EURCHF,1.08
2021-09-01,USDCHF,USDCHF,0.91
2021-09-01,EURCHF,EURCHF,1.08
2021-09-02,USDCHF,USDCHF,0.91
2021-09-02,EURCHF,EURCHF,1.09
2021-09-03,USDCHF,USDCHF,0.91
2021-09-03,EURCHF,EURCHF,1.09
2021-09-06,USDCHF,USDCHF,0.92
2021-09-06,EURCHF,EURCHF,1.09
2021-09-07,USDCHF,USDCHF,0.92
2021-09-07,EURCHF,EURCHF,1.09
2021-09-08,USDCHF,USDCHF,0.92
2021-09-08,EURCHF,EURCHF,1.09
2021-09-09,USDCHF,USDCHF,0.92
2021-09-09,EURCHF,EURCHF,1.09
2021-09-10,USDCHF,USDCHF,0.92
2021-09-10,EURCHF,EURCHF,1.09
2021-09-13,USDCHF,USDCHF,0.92
2021-09-13,EURCHF,EURCHF,1.09
2021-09-14,USDCHF,USDCHF,0.92
2021-09-14,EURCHF,EURCHF,1.09
2021-09-15,USDCHF,USDCHF,0.92
2021-09-15,EURCHF,EURCHF,1.09
2021-09-16,USDCHF,USDCHF,0.93
2021-09-16,EURCHF,EURCHF,1.09
2021-09-17,USDCHF,USDCHF,0.93
2021-09-17,EURCHF,EURCHF,1.09
2021-09-20,USDCHF,USDCHF,0.93
2021-09-20,EURCHF,EURCHF,1.09
2021-09-21,USDCHF,USDCHF,0.92
2021-09-21,EURCHF,EURCHF,1.08
2021-09-22,USDCHF,USDCHF,0.92
2021-09-22,EURCHF,EURCHF,1.08
2021-09-23,USDCHF,USDCHF,0.92
2021-09-23,EURCHF,EURCHF,1.08
2021-09-24,USDCHF,USDCHF,0.92
2021-09-24,EURCHF,EURCHF,1.08
2021-09-27,USDCHF,USDCHF,0.93
2021-09-27,EURCHF,EURCHF,1.08
2021-09-28,USDCHF,USDCHF,0.93
2021-09-28,EURCHF,EURCHF,1.08
2021-09-29,USDCHF,USDCHF,0.93
2021-09-29,EURCHF,EURCHF,1.08
2021-09-30,USDCHF,USDCHF,0.93
2021-09-30,EURCHF,EURCHF,1.08
2021-10-01,USDCHF,USDCHF,0.93
2021-10-01,EURCHF,EURCHF,1.08
2021-10-04,USDCHF,USDCHF,0.92
2021-10-04,EURCHF,EURCHF,1.07
2021-10-05,USDCHF,USDCHF,0.93
2021-10-05,EURCHF,EURCHF,1.08
2021-10-06,USDCHF,USDCHF,0.93
2021-10-06,EURCHF,EURCHF,1.07
2021-10-07,USDCHF,USDCHF,0.93
2021-10-07,EURCHF,EURCHF,1.07
2021-10-08,USDCHF,USDCHF,0.93
2021-10-08,EURCHF,EURCHF,1.07
2021-10-11,USDCHF,USDCHF,0.93
2021-10-11,EURCHF,EURCHF,1.07
2021-10-12,USDCHF,USDCHF,0.93
2021-10-12,EURCHF,EURCHF,1.07
2021-10-13,USDCHF,USDCHF,0.93
2021-10-13,EURCHF,EURCHF,1.07
2021-10-14,USDCHF,USDCHF,0.92
2021-10-14,EURCHF,EURCHF,1.07
2021-10-15,USDCHF,USDCHF,0.92
2021-10-15,EURCHF,EURCHF,1.07
2021-10-18,USDCHF,USDCHF,0.92
2021-10-18,EURCHF,EURCHF,1.07
2021-10-19,USDCHF,USDCHF,0.92
2021-10-19,EURCHF,EURCHF,1.07
2021-10-20,USDCHF,USDCHF,0.92
2021-10-20,EURCHF,EURCHF,1.07
2021-10-21,USDCHF,USDCHF,0.92
2021-10-21,EURCHF,EURCHF,1.07
2021-10-22,USDCHF,USDCHF,0.92
2021-10-22,EURCHF,EURCHF,1.07
2021-10-25,USDCHF,USDCHF,0.92
2021-10-25,EURCHF,EURCHF,1.07
2021-10-26,USDCHF,USDCHF,0.92
2021-10-26,EURCHF,EURCHF,1.07
2021-10-27,USDCHF,USDCHF,0.92
2021-10-27,EURCHF,EURCHF,1.06
2021-10-28,USDCHF,USDCHF,0.91
2021-10-28,EURCHF,EURCHF,1.07
2021-10-29,USDCHF,USDCHF,0.91
2021-10-29,EURCHF,EURCHF,1.06
2021-11-01,USDCHF,USDCHF,0.91
2021-11-01,EURCHF,EURCHF,1.06
2021-11-02,USDCHF,USDCHF,0.91
2021-11-02,EURCHF,EURCHF,1.06
2021-11-03,USDCHF,USDCHF,0.91
2021-11-03,EURCHF,EURCHF,1.06
2021-11-04,USDCHF,USDCHF,0.91
2021-11-04,EURCHF,EURCHF,1.05
2021-11-05,USDCHF,USDCHF,0.91
2021-11-05,EURCHF,EURCHF,1.06
2021-11-08,USDCHF,USDCHF,0.91
2021-11-08,EURCHF,EURCHF,1.06
2021-11-09,USDCHF,USDCHF,0.91
2021-11-09,EURCHF,EURCHF,1.06
2021-11-10,USDCHF,USDCHF,0.92
2021-11-10,EURCHF,EURCHF,1.06
2021-11-11,USDCHF,USDCHF,0.92
2021-11-11,EURCHF,EURCHF,1.06
2021-11-12,USDCHF,USDCHF,0.92
2021-11-12,EURCHF,EURCHF,1.05
2021-11-15,USDCHF,USDCHF,0.92
2021-11-15,EURCHF,EURCHF,1.05
2021-11-16,USDCHF,USDCHF,0.93
2021-11-16,EURCHF,EURCHF,1.05
2021-11-17,USDCHF,USDCHF,0.93
2021-11-17,EURCHF,EURCHF,1.05
2021-11-18,USDCHF,USDCHF,0.93
2021-11-18,EURCHF,EURCHF,1.05
2021-11-19,USDCHF,USDCHF,0.93
2021-11-19,EURCHF,EURCHF,1.05
2021-11-22,USDCHF,USDCHF,0.93
2021-11-22,EURCHF,EURCHF,1.05
2021-11-23,USDCHF,USDCHF,0.93
2021-11-23,EURCHF,EURCHF,1.05
2021-11-24,USDCHF,USDCHF,0.94
2021-11-24,EURCHF,EURCHF,1.05
2021-11-25,USDCHF,USDCHF,0.94
2021-11-25,EURCHF,EURCHF,1.05
2021-11-26,USDCHF,USDCHF,0.92
2021-11-26,EURCHF,EURCHF,1.04
2021-11-29,USDCHF,USDCHF,0.93
2021-11-29,EURCHF,EURCHF,1.04
2021-11-30,USDCHF,USDCHF,0.93
2021-11-30,EURCHF,EURCHF,1.04
2021-12-01,USDCHF,USDCHF,0.92
2021-12-01,EURCHF,EURCHF,1.04
2021-12-02,USDCHF,USDCHF,0.92
2021-12-02,EURCHF,EURCHF,1.04
2021-12-03,USDCHF,USDCHF,0.92
2021-12-03,EURCHF,EURCHF,1.04
2021-12-06,USDCHF,USDCHF,0.93
2021-12-06,EURCHF,EURCHF,1.04
2021-12-07,USDCHF,USDCHF,0.93
2021-12-07,EURCHF,EURCHF,1.04
2021-12-08,USDCHF,USDCHF,0.92
2021-12-08,EURCHF,EURCHF,1.05
2021-12-09,USDCHF,USDCHF,0.93
2021-12-09,EURCHF,EURCHF,1.04
2021-12-10,USDCHF,USDCHF,0.92
2021-12-10,EURCHF,EURCHF,1.04
2021-12-13,USDCHF,USDCHF,0.92
2021-12-13,EURCHF,EURCHF,1.04
2021-12-14,USDCHF,USDCHF,0.92
2021-12-14,EURCHF,EURCHF,1.04
2021-12-15,USDCHF,USDCHF,0.93
2021-12-15,EURCHF,EURCHF,1.04
2021-12-16,USDCHF,USDCHF,0.92
2021-12-16,EURCHF,EURCHF,1.04
2021-12-17,USDCHF,USDCHF,0.92
2021-12-17,EURCHF,EURCHF,1.04
2021-12-20,USDCHF,USDCHF,0.92
2021-12-20,EURCHF,EURCHF,1.04
2021-12-21,USDCHF,USDCHF,0.93
2021-12-21,EURCHF,EURCHF,1.04
2021-12-22,USDCHF,USDCHF,0.92
2021-12-22,EURCHF,EURCHF,1.04
2021-12-23,USDCHF,USDCHF,0.92
2021-12-23,EURCHF,EURCHF,1.04
2021-12-24,USDCHF,USDCHF,0.92
2021-12-24,EURCHF,EURCHF,1.04
2021-12-27,USDCHF,USDCHF,0.92
2021-12-27,EURCHF,EURCHF,1.04
2021-12-28,USDCHF,USDCHF,0.92
2021-12-28,EURCHF,EURCHF,1.04
2021-12-29,USDCHF,USDCHF,0.91
2021-12-29,EURCHF,EURCHF,1.04
2021-12-30,USDCHF,USDCHF,0.91
2021-12-30,EURCHF,EURCHF,1.04
2021-12-31,USDCHF,USDCHF,0.91
2021-12-31,EURCHF,EURCHF,1.04
2022-01-03,USDCHF,USDCHF,0.92
2022-01-03,EURCHF,EURCHF,1.04
2022-01-04,USDCHF,USDCHF,0.91
2022-01-04,EURCHF,EURCHF,1.03
2022-01-05,USDCHF,USDCHF,0.92
2022-01-05,EURCHF,EURCHF,1.04
2022-01-06,USDCHF,USDCHF,0.92
2022-01-06,EURCHF,EURCHF,1.04
2022-01-07,USDCHF,USDCHF,0.92
2022-01-07,EURCHF,EURCHF,1.04
2022-01-10,USDCHF,USDCHF,0.93
2022-01-10,EURCHF,EURCHF,1.05
2022-01-11,USDCHF,USDCHF,0.93
2022-01-11,EURCHF,EURCHF,1.05
2022-01-12,USDCHF,USDCHF,0.92
2022-01-12,EURCHF,EURCHF,1.05
2022-01-13,USDCHF,USDCHF,0.91
2022-01-13,EURCHF,EURCHF,1.04
2022-01-14,USDCHF,USDCHF,0.91
2022-01-14,EURCHF,EURCHF,1.04
2022-01-17,USDCHF,USDCHF,0.91
2022-01-17,EURCHF,EURCHF,1.04
2022-01-18,USDCHF,USDCHF,0.92
2022-01-18,EURCHF,EURCHF,1.04
2022-01-19,USDCHF,USDCHF,0.92
2022-01-19,EURCHF,EURCHF,1.04
2022-01-20,USDCHF,USDCHF,0.91
2022-01-20,EURCHF,EURCHF,1.04
2022-01-21,USDCHF,USDCHF,0.91
2022-01-21,EURCHF,EURCHF,1.03
2022-01-24,USDCHF,USDCHF,0.92
2022-01-24,EURCHF,EURCHF,1.04
2022-01-25,USDCHF,USDCHF,0.92
2022-01-25,EURCHF,EURCHF,1.04
2022-01-26,USDCHF,USDCHF,0.92
2022-01-26,EURCHF,EURCHF,1.04
2022-01-27,USDCHF,USDCHF,0.93
2022-01-27,EURCHF,EURCHF,1.04
2022-01-28,USDCHF,USDCHF,0.93
2022-01-28,EURCHF,EURCHF,1.04
2022-01-31,USDCHF,USDCHF,0.93
2022-01-31,EURCHF,EURCHF,1.04
2022-02-01,USDCHF,USDCHF,0.92
2022-02-01,EURCHF,EURCHF,1.04
2022-02-02,USDCHF,USDCHF,0.92
2022-02-02,EURCHF,EURCHF,1.04
2022-02-03,USDCHF,USDCHF,0.92
2022-02-03,EURCHF,EURCHF,1.05
2022-02-04,USDCHF,USDCHF,0.93
2022-02-04,EURCHF,EURCHF,1.06
2022-02-07,USDCHF,USDCHF,0.92
2022-02-07,EURCHF,EURCHF,1.06
2022-02-08,USDCHF,USDCHF,0.92
2022-02-08,EURCHF,EURCHF,1.06
2022-02-09,USDCHF,USDCHF,0.92
2022-02-09,EURCHF,EURCHF,1.06
2022-02-10,USDCHF,USDCHF,0.92
2022-02-10,EURCHF,EURCHF,1.06
2022-02-11,USDCHF,USDCHF,0.93
2022-02-11,EURCHF,EURCHF,1.06
2022-02-14,USDCHF,USDCHF,0.93
2022-02-14,EURCHF,EURCHF,1.05
2022-02-15,USDCHF,USDCHF,0.93
2022-02-15,EURCHF,EURCHF,1.05
2022-02-16,USDCHF,USDCHF,0.92
2022-02-16,EURCHF,EURCHF,1.05
2022-02-17,USDCHF,USDCHF,0.92
2022-02-17,EURCHF,EURCHF,1.05
2022-02-18,USDCHF,USDCHF,0.92
2022-02-18,EURCHF,EURCHF,1.04
2022-02-21,USDCHF,USDCHF,0.92
2022-02-21,EURCHF,EURCHF,1.04
2022-02-22,USDCHF,USDCHF,0.92
2022-02-22,EURCHF,EURCHF,1.04
2022-02-23,USDCHF,USDCHF,0.92
2022-02-23,EURCHF,EURCHF,1.04
2022-02-24,USDCHF,USDCHF,0.93
2022-02-24,EURCHF,EURCHF,1.03
2022-02-25,USDCHF,USDCHF,0.93
2022-02-25,EURCHF,EURCHF,1.04
2022-02-28,USDCHF,USDCHF,0.92
2022-02-28,EURCHF,EURCHF,1.03
2022-03-01,USDCHF,USDCHF,0.92
2022-03-01,EURCHF,EURCHF,1.02
2022-03-02,USDCHF,USDCHF,0.92
2022-03-02,EURCHF,EURCHF,1.02
2022-03-03,USDCHF,USDCHF,0.92
2022-03-03,EURCHF,EURCHF,1.02
2022-03-04,USDCHF,USDCHF,0.92
2022-03-04,EURCHF,EURCHF,1.0
2022-03-07,USDCHF,USDCHF,0.93
2022-03-07,EURCHF,EURCHF,1.01
2022-03-08,USDCHF,USDCHF,0.93
2022-03-08,EURCHF,EURCHF,1.01
2022-03-09,USDCHF,USDCHF,0.93
2022-03-09,EURCHF,EURCHF,1.02
2022-03-10,USDCHF,USDCHF,0.93
2022-03-10,EURCHF,EURCHF,1.02
2022-03-11,USDCHF,USDCHF,0.93
2022-03-11,EURCHF,EURCHF,1.02
2022-03-14,USDCHF,USDCHF,0.94
2022-03-14,EURCHF,EURCHF,1.03
2022-03-15,USDCHF,USDCHF,0.94
2022-03-15,EURCHF,EURCHF,1.03
2022-03-16,USDCHF,USDCHF,0.94
2022-03-16,EURCHF,EURCHF,1.04
2022-03-17,USDCHF,USDCHF,0.94
2022-03-17,EURCHF,EURCHF,1.04
2022-03-18,USDCHF,USDCHF,0.93
2022-03-18,EURCHF,EURCHF,1.03
2022-03-21,USDCHF,USDCHF,0.93
2022-03-21,EURCHF,EURCHF,1.03
2022-03-22,USDCHF,USDCHF,0.93
2022-03-22,EURCHF,EURCHF,1.03
2022-03-23,USDCHF,USDCHF,0.93
2022-03-23,EURCHF,EURCHF,1.03
2022-03-24,USDCHF,USDCHF,0.93
2022-03-24,EURCHF,EURCHF,1.02
2022-03-25,USDCHF,USDCHF,0.93
2022-03-25,EURCHF,EURCHF,1.02
2022-03-28,USDCHF,USDCHF,0.94
2022-03-28,EURCHF,EURCHF,1.03
2022-03-29,USDCHF,USDCHF,0.93
2022-03-29,EURCHF,EURCHF,1.03
2022-03-30,USDCHF,USDCHF,0.92
2022-03-30,EURCHF,EURCHF,1.03
2022-03-31,USDCHF,USDCHF,0.92
2022-03-31,EURCHF,EURCHF,1.02
2022-04-01,USDCHF,USDCHF,0.93
2022-04-01,EURCHF,EURCHF,1.02
2022-04-04,USDCHF,USDCHF,0.92
2022-04-04,EURCHF,EURCHF,1.02
2022-04-05,USDCHF,USDCHF,0.93
2022-04-05,EURCHF,EURCHF,1.02
2022-04-06,USDCHF,USDCHF,0.93
2022-04-06,EURCHF,EURCHF,1.02
2022-04-07,USDCHF,USDCHF,0.93
2022-04-07,EURCHF,EURCHF,1.02
2022-04-08,USDCHF,USDCHF,0.93
2022-04-08,EURCHF,EURCHF,1.02
2022-04-11,USDCHF,USDCHF,0.93
2022-04-11,EURCHF,EURCHF,1.01
2022-04-12,USDCHF,USDCHF,0.93
2022-04-12,EURCHF,EURCHF,1.01
2022-04-13,USDCHF,USDCHF,0.93
2022-04-13,EURCHF,EURCHF,1.01
2022-04-14,USDCHF,USDCHF,0.94
2022-04-14,EURCHF,EURCHF,1.02
2022-04-15,USDCHF,USDCHF,0.94
2022-04-15,EURCHF,EURCHF,1.02
2022-04-18,USDCHF,USDCHF,0.94
2022-04-18,EURCHF,EURCHF,1.02
2022-04-19,USDCHF,USDCHF,0.95
2022-04-19,EURCHF,EURCHF,1.02
2022-04-20,USDCHF,USDCHF,0.95
2022-04-20,EURCHF,EURCHF,1.03
2022-04-21,USDCHF,USDCHF,0.95
2022-04-21,EURCHF,EURCHF,1.03
2022-04-22,USDCHF,USDCHF,0.96
2022-04-22,EURCHF,EURCHF,1.03
2022-04-25,USDCHF,USDCHF,0.96
2022-04-25,EURCHF,EURCHF,1.03
2022-04-26,USDCHF,USDCHF,0.96
2022-04-26,EURCHF,EURCHF,1.02
2022-04-27,USDCHF,USDCHF,0.97
2022-04-27,EURCHF,EURCHF,1.02
2022-04-28,USDCHF,USDCHF,0.97
2022-04-28,EURCHF,EURCHF,1.02
2022-04-29,USDCHF,USDCHF,0.97
2022-04-29,EURCHF,EURCHF,1.02
2022-05-02,USDCHF,USDCHF,0.98
2022-05-02,EURCHF,EURCHF,1.03
2022-05-03,USDCHF,USDCHF,0.98
2022-05-03,EURCHF,EURCHF,1.03
2022-05-04,USDCHF,USDCHF,0.98
2022-05-04,EURCHF,EURCHF,1.04
2022-05-05,USDCHF,USDCHF,0.99
2022-05-05,EURCHF,EURCHF,1.04
2022-05-06,USDCHF,USDCHF,0.98
2022-05-06,EURCHF,EURCHF,1.04
2022-05-09,USDCHF,USDCHF,1.0
2022-05-09,EURCHF,EURCHF,1.05
2022-05-10,USDCHF,USDCHF,0.99
2022-05-10,EURCHF,EURCHF,1.05
2022-05-11,USDCHF,USDCHF,0.99
2022-05-11,EURCHF,EURCHF,1.04
2022-05-12,USDCHF,USDCHF,1.0
2022-05-12,EURCHF,EURCHF,1.04
2022-05-13,USDCHF,USDCHF,1.0
2022-05-13,EURCHF,EURCHF,1.04
2022-05-16,USDCHF,USDCHF,1.0
2022-05-16,EURCHF,EURCHF,1.05
2022-05-17,USDCHF,USDCHF,0.99
2022-05-17,EURCHF,EURCHF,1.05
2022-05-18,USDCHF,USDCHF,0.99
2022-05-18,EURCHF,EURCHF,1.04
2022-05-19,USDCHF,USDCHF,0.97
2022-05-19,EURCHF,EURCHF,1.03
2022-05-20,USDCHF,USDCHF,0.98
2022-05-20,EURCHF,EURCHF,1.03
2022-05-23,USDCHF,USDCHF,0.97
2022-05-23,EURCHF,EURCHF,1.03
2022-05-24,USDCHF,USDCHF,0.96
2022-05-24,EURCHF,EURCHF,1.03
2022-05-25,USDCHF,USDCHF,0.96
2022-05-25,EURCHF,EURCHF,1.03
2022-05-26,USDCHF,USDCHF,0.96
2022-05-26,EURCHF,EURCHF,1.03
2022-05-27,USDCHF,USDCHF,0.96
2022-05-27,EURCHF,EURCHF,1.02
2022-05-30,USDCHF,USDCHF,0.96
2022-05-30,EURCHF,EURCHF,1.03
2022-05-31,USDCHF,USDCHF,0.96
2022-05-31,EURCHF,EURCHF,1.03
2022-06-01,USDCHF,USDCHF,0.96
2022-06-01,EURCHF,EURCHF,1.03
2022-06-02,USDCHF,USDCHF,0.96
2022-06-02,EURCHF,EURCHF,1.03
2022-06-03,USDCHF,USDCHF,0.96
2022-06-03,EURCHF,EURCHF,1.03
2022-06-06,USDCHF,USDCHF,0.97
2022-06-06,EURCHF,EURCHF,1.04
2022-06-07,USDCHF,USDCHF,0.97
2022-06-07,EURCHF,EURCHF,1.04
2022-06-08,USDCHF,USDCHF,0.97
2022-06-08,EURCHF,EURCHF,1.05
2022-06-09,USDCHF,USDCHF,0.98
2022-06-09,EURCHF,EURCHF,1.04
2022-06-10,USDCHF,USDCHF,0.99
2022-06-10,EURCHF,EURCHF,1.04
2022-06-13,USDCHF,USDCHF,1.0
2022-06-13,EURCHF,EURCHF,1.04
2022-06-14,USDCHF,USDCHF,1.0
2022-06-14,EURCHF,EURCHF,1.04
2022-06-15,USDCHF,USDCHF,1.0
2022-06-15,EURCHF,EURCHF,1.04
2022-06-16,USDCHF,USDCHF,0.97
2022-06-16,EURCHF,EURCHF,1.02
2022-06-17,USDCHF,USDCHF,0.97
2022-06-17,EURCHF,EURCHF,1.02
2022-06-20,USDCHF,USDCHF,0.97
2022-06-20,EURCHF,EURCHF,1.02
2022-06-21,USDCHF,USDCHF,0.96
2022-06-21,EURCHF,EURCHF,1.02
2022-06-22,USDCHF,USDCHF,0.96
2022-06-22,EURCHF,EURCHF,1.02
2022-06-23,USDCHF,USDCHF,0.96
2022-06-23,EURCHF,EURCHF,1.01
2022-06-24,USDCHF,USDCHF,0.95
2022-06-24,EURCHF,EURCHF,1.01
2022-06-27,USDCHF,USDCHF,0.96
2022-06-27,EURCHF,EURCHF,1.01
2022-06-28,USDCHF,USDCHF,0.96
2022-06-28,EURCHF,EURCHF,1.01
2022-06-29,USDCHF,USDCHF,0.95
2022-06-29,EURCHF,EURCHF,1.0
2022-06-30,USDCHF,USDCHF,0.96
2022-06-30,EURCHF,EURCHF,1.0
2022-07-01,USDCHF,USDCHF,0.96
2022-07-01,EURCHF,EURCHF,1.0
2022-07-04,USDCHF,USDCHF,0.96
2022-07-04,EURCHF,EURCHF,1.0
2022-07-05,USDCHF,USDCHF,0.97
2022-07-05,EURCHF,EURCHF,0.99
2022-07-06,USDCHF,USDCHF,0.97
2022-07-06,EURCHF,EURCHF,0.99
2022-07-07,USDCHF,USDCHF,0.97
2022-07-07,EURCHF,EURCHF,0.99
2022-07-08,USDCHF,USDCHF,0.98
2022-07-08,EURCHF,EURCHF,0.99
2022-07-11,USDCHF,USDCHF,0.98
2022-07-11,EURCHF,EURCHF,0.99
2022-07-12,USDCHF,USDCHF,0.98
2022-07-12,EURCHF,EURCHF,0.99
2022-07-13,USDCHF,USDCHF,0.98
2022-07-13,EURCHF,EURCHF,0.99
2022-07-14,USDCHF,USDCHF,0.99
2022-07-14,EURCHF,EURCHF,0.99
2022-07-15,USDCHF,USDCHF,0.98
2022-07-15,EURCHF,EURCHF,0.99
2022-07-18,USDCHF,USDCHF,0.97
2022-07-18,EURCHF,EURCHF,0.99
2022-07-19,USDCHF,USDCHF,0.97
2022-07-19,EURCHF,EURCHF,0.99
2022-07-20,USDCHF,USDCHF,0.97
2022-07-20,EURCHF,EURCHF,0.99
2022-07-21,USDCHF,USDCHF,0.97
2022-07-21,EURCHF,EURCHF,0.99
2022-07-22,USDCHF,USDCHF,0.96
2022-07-22,EURCHF,EURCHF,0.98
2022-07-25,USDCHF,USDCHF,0.96
2022-07-25,EURCHF,EURCHF,0.99
2022-07-26,USDCHF,USDCHF,0.96
2022-07-26,EURCHF,EURCHF,0.98
2022-07-27,USDCHF,USDCHF,0.96
2022-07-27,EURCHF,EURCHF,0.98
2022-07-28,USDCHF,USDCHF,0.96
2022-07-28,EURCHF,EURCHF,0.97
2022-07-29,USDCHF,USDCHF,0.95
2022-07-29,EURCHF,EURCHF,0.97
2022-08-01,USDCHF,USDCHF,0.95
2022-08-01,EURCHF,EURCHF,0.98
2022-08-02,USDCHF,USDCHF,0.95
2022-08-02,EURCHF,EURCHF,0.97
2022-08-03,USDCHF,USDCHF,0.96
2022-08-03,EURCHF,EURCHF,0.98
2022-08-04,USDCHF,USDCHF,0.96
2022-08-04,EURCHF,EURCHF,0.98
2022-08-05,USDCHF,USDCHF,0.96
2022-08-05,EURCHF,EURCHF,0.98
2022-08-08,USDCHF,USDCHF,0.95
2022-08-08,EURCHF,EURCHF,0.97
2022-08-09,USDCHF,USDCHF,0.95
2022-08-09,EURCHF,EURCHF,0.97
2022-08-10,USDCHF,USDCHF,0.94
2022-08-10,EURCHF,EURCHF,0.97
2022-08-11,USDCHF,USDCHF,0.94
2022-08-11,EURCHF,EURCHF,0.97
2022-08-12,USDCHF,USDCHF,0.94
2022-08-12,EURCHF,EURCHF,0.97
2022-08-15,USDCHF,USDCHF,0.94
2022-08-15,EURCHF,EURCHF,0.96
2022-08-16,USDCHF,USDCHF,0.95
2022-08-16,EURCHF,EURCHF,0.97
2022-08-17,USDCHF,USDCHF,0.95
2022-08-17,EURCHF,EURCHF,0.97
2022-08-18,USDCHF,USDCHF,0.95
2022-08-18,EURCHF,EURCHF,0.97
2022-08-19,USDCHF,USDCHF,0.96
2022-08-19,EURCHF,EURCHF,0.96
2022-08-22,USDCHF,USDCHF,0.96
2022-08-22,EURCHF,EURCHF,0.96
2022-08-23,USDCHF,USDCHF,0.96
2022-08-23,EURCHF,EURCHF,0.96
2022-08-24,USDCHF,USDCHF,0.97
2022-08-24,EURCHF,EURCHF,0.96
2022-08-25,USDCHF,USDCHF,0.96
2022-08-25,EURCHF,EURCHF,0.96
2022-08-26,USDCHF,USDCHF,0.96
2022-08-26,EURCHF,EURCHF,0.96
2022-08-29,USDCHF,USDCHF,0.97
2022-08-29,EURCHF,EURCHF,0.97
2022-08-30,USDCHF,USDCHF,0.98
2022-08-30,EURCHF,EURCHF,0.97
2022-08-31,USDCHF,USDCHF,0.98
2022-08-31,EURCHF,EURCHF,0.98
2022-09-01,USDCHF,USDCHF,0.98
2022-09-01,EURCHF,EURCHF,0.98
2022-09-02,USDCHF,USDCHF,0.98
2022-09-02,EURCHF,EURCHF,0.98
2022-09-05,USDCHF,USDCHF,0.98
2022-09-05,EURCHF,EURCHF,0.97
2022-09-06,USDCHF,USDCHF,0.98
2022-09-06,EURCHF,EURCHF,0.97
2022-09-07,USDCHF,USDCHF,0.98
2022-09-07,EURCHF,EURCHF,0.98
2022-09-08,USDCHF,USDCHF,0.97
2022-09-08,EURCHF,EURCHF,0.97
2022-09-09,USDCHF,USDCHF,0.96
2022-09-09,EURCHF,EURCHF,0.97
2022-09-12,USDCHF,USDCHF,0.95
2022-09-12,EURCHF,EURCHF,0.96
2022-09-13,USDCHF,USDCHF,0.96
2022-09-13,EURCHF,EURCHF,0.96
2022-09-14,USDCHF,USDCHF,0.96
2022-09-14,EURCHF,EURCHF,0.96
2022-09-15,USDCHF,USDCHF,0.96
2022-09-15,EURCHF,EURCHF,0.96
2022-09-16,USDCHF,USDCHF,0.96
2022-09-16,EURCHF,EURCHF,0.97
2022-09-19,USDCHF,USDCHF,0.96
2022-09-19,EURCHF,EURCHF,0.97
2022-09-20,USDCHF,USDCHF,0.96
2022-09-20,EURCHF,EURCHF,0.96
2022-09-21,USDCHF,USDCHF,0.97
2022-09-21,EURCHF,EURCHF,0.95
2022-09-22,USDCHF,USDCHF,0.98
2022-09-22,EURCHF,EURCHF,0.96
2022-09-23,USDCHF,USDCHF,0.98
2022-09-23,EURCHF,EURCHF,0.95
2022-09-26,USDCHF,USDCHF,0.99
2022-09-26,EURCHF,EURCHF,0.96
2022-09-27,USDCHF,USDCHF,0.99
2022-09-27,EURCHF,EURCHF,0.95
2022-09-28,USDCHF,USDCHF,0.98
2022-09-28,EURCHF,EURCHF,0.95
2022-09-29,USDCHF,USDCHF,0.98
2022-09-29,EURCHF,EURCHF,0.96
2022-09-30,USDCHF,USDCHF,0.98
2022-09-30,EURCHF,EURCHF,0.96
2022-10-03,USDCHF,USDCHF,0.99
2022-10-03,EURCHF,EURCHF,0.97
2022-10-04,USDCHF,USDCHF,0.98
2022-10-04,EURCHF,EURCHF,0.98
2022-10-05,USDCHF,USDCHF,0.99
2022-10-05,EURCHF,EURCHF,0.97
2022-10-06,USDCHF,USDCHF,0.99
2022-10-06,EURCHF,EURCHF,0.97
2022-10-07,USDCHF,USDCHF,0.99
2022-10-07,EURCHF,EURCHF,0.97
2022-10-10,USDCHF,USDCHF,1.0
2022-10-10,EURCHF,EURCHF,0.97
2022-10-11,USDCHF,USDCHF,1.0
2022-10-11,EURCHF,EURCHF,0.97
2022-10-12,USDCHF,USDCHF,1.0
2022-10-12,EURCHF,EURCHF,0.97
2022-10-13,USDCHF,USDCHF,1.0
2022-10-13,EURCHF,EURCHF,0.98
2022-10-14,USDCHF,USDCHF,1.0
2022-10-14,EURCHF,EURCHF,0.98
2022-10-17,USDCHF,USDCHF,1.0
2022-10-17,EURCHF,EURCHF,0.98
2022-10-18,USDCHF,USDCHF,0.99
2022-10-18,EURCHF,EURCHF,0.98
2022-10-19,USDCHF,USDCHF,1.0
2022-10-19,EURCHF,EURCHF,0.98
2022-10-20,USDCHF,USDCHF,1.0
2022-10-20,EURCHF,EURCHF,0.99
2022-10-21,USDCHF,USDCHF,1.01
2022-10-21,EURCHF,EURCHF,0.98
2022-10-24,USDCHF,USDCHF,1.0
2022-10-24,EURCHF,EURCHF,0.99
2022-10-25,USDCHF,USDCHF,1.0
2022-10-25,EURCHF,EURCHF,0.99
2022-10-26,USDCHF,USDCHF,0.99
2022-10-26,EURCHF,EURCHF,0.99
2022-10-27,USDCHF,USDCHF,0.99
2022-10-27,EURCHF,EURCHF,0.99
2022-10-28,USDCHF,USDCHF,1.0
2022-10-28,EURCHF,EURCHF,0.99
2022-10-31,USDCHF,USDCHF,1.0
2022-10-31,EURCHF,EURCHF,0.99
2022-11-01,USDCHF,USDCHF,1.0
2022-11-01,EURCHF,EURCHF,0.99
2022-11-02,USDCHF,USDCHF,1.0
2022-11-02,EURCHF,EURCHF,0.99
2022-11-03,USDCHF,USDCHF,1.01
2022-11-03,EURCHF,EURCHF,0.99
2022-11-04,USDCHF,USDCHF,1.0
2022-11-04,EURCHF,EURCHF,0.99
2022-11-07,USDCHF,USDCHF,0.99
2022-11-07,EURCHF,EURCHF,0.99
2022-11-08,USDCHF,USDCHF,0.98
2022-11-08,EURCHF,EURCHF,0.99
2022-11-09,USDCHF,USDCHF,0.98
2022-11-09,EURCHF,EURCHF,0.99
2022-11-10,USDCHF,USDCHF,0.97
2022-11-10,EURCHF,EURCHF,0.98
2022-11-11,USDCHF,USDCHF,0.95
2022-11-11,EURCHF,EURCHF,0.98
2022-11-14,USDCHF,USDCHF,0.95
2022-11-14,EURCHF,EURCHF,0.98
2022-11-15,USDCHF,USDCHF,0.95
2022-11-15,EURCHF,EURCHF,0.98
2022-11-16,USDCHF,USDCHF,0.94
2022-11-16,EURCHF,EURCHF,0.98
2022-11-17,USDCHF,USDCHF,0.95
2022-11-17,EURCHF,EURCHF,0.99
2022-11-18,USDCHF,USDCHF,0.95
2022-11-18,EURCHF,EURCHF,0.99
2022-11-21,USDCHF,USDCHF,0.96
2022-11-21,EURCHF,EURCHF,0.98
2022-11-22,USDCHF,USDCHF,0.95
2022-11-22,EURCHF,EURCHF,0.98
2022-11-23,USDCHF,USDCHF,0.94
2022-11-23,EURCHF,EURCHF,0.98
2022-11-24,USDCHF,USDCHF,0.94
2022-11-24,EURCHF,EURCHF,0.98
2022-11-25,USDCHF,USDCHF,0.95
2022-11-25,EURCHF,EURCHF,0.99
2022-11-28,USDCHF,USDCHF,0.95
2022-11-28,EURCHF,EURCHF,0.98
2022-11-29,USDCHF,USDCHF,0.95
2022-11-29,EURCHF,EURCHF,0.99
2022-11-30,USDCHF,USDCHF,0.95
2022-11-30,EURCHF,EURCHF,0.98
2022-12-01,USDCHF,USDCHF,0.94
2022-12-01,EURCHF,EURCHF,0.98
2022-12-02,USDCHF,USDCHF,0.94
2022-12-02,EURCHF,EURCHF,0.99
2022-12-05,USDCHF,USDCHF,0.94
2022-12-05,EURCHF,EURCHF,0.99
2022-12-06,USDCHF,USDCHF,0.94
2022-12-06,EURCHF,EURCHF,0.99
2022-12-07,USDCHF,USDCHF,0.94
2022-12-07,EURCHF,EURCHF,0.99
2022-12-08,USDCHF,USDCHF,0.94
2022-12-08,EURCHF,EURCHF,0.99
2022-12-09,USDCHF,USDCHF,0.93
2022-12-09,EURCHF,EURCHF,0.98
2022-12-12,USDCHF,USDCHF,0.94
2022-12-12,EURCHF,EURCHF,0.99
2022-12-13,USDCHF,USDCHF,0.93
2022-12-13,EURCHF,EURCHF,0.99
2022-12-14,USDCHF,USDCHF,0.92
2022-12-14,EURCHF,EURCHF,0.98
2022-12-15,USDCHF,USDCHF,0.93
2022-12-15,EURCHF,EURCHF,0.99
2022-12-16,USDCHF,USDCHF,0.93
2022-12-16,EURCHF,EURCHF,0.99
2022-12-19,USDCHF,USDCHF,0.93
2022-12-19,EURCHF,EURCHF,0.99
2022-12-20,USDCHF,USDCHF,0.93
2022-12-20,EURCHF,EURCHF,0.99
2022-12-21,USDCHF,USDCHF,0.93
2022-12-21,EURCHF,EURCHF,0.98
2022-12-22,USDCHF,USDCHF,0.93
2022-12-22,EURCHF,EURCHF,0.99
2022-12-23,USDCHF,USDCHF,0.93
2022-12-23,EURCHF,EURCHF,0.99
2022-12-26,USDCHF,USDCHF,0.93
2022-12-26,EURCHF,EURCHF,0.99
2022-12-27,USDCHF,USDCHF,0.93
2022-12-27,EURCHF,EURCHF,0.99
2022-12-28,USDCHF,USDCHF,0.93
2022-12-28,EURCHF,EURCHF,0.99
2022-12-29,USDCHF,USDCHF,0.92
2022-12-29,EURCHF,EURCHF,0.99
2022-12-30,USDCHF,USDCHF,0.93
2022-12-30,EURCHF,EURCHF,0.99
2023-01-02,USDCHF,USDCHF,0.93
2023-01-02,EURCHF,EURCHF,0.99
2023-01-03,USDCHF,USDCHF,0.94
2023-01-03,EURCHF,EURCHF,0.99
2023-01-04,USDCHF,USDCHF,0.93
2023-01-04,EURCHF,EURCHF,0.99
2023-01-05,USDCHF,USDCHF,0.94
2023-01-05,EURCHF,EURCHF,0.99
2023-01-06,USDCHF,USDCHF,0.93
2023-01-06,EURCHF,EURCHF,0.99
2023-01-09,USDCHF,USDCHF,0.92
2023-01-09,EURCHF,EURCHF,0.99
2023-01-10,USDCHF,USDCHF,0.92
2023-01-10,EURCHF,EURCHF,0.99
2023-01-11,USDCHF,USDCHF,0.93
2023-01-11,EURCHF,EURCHF,1.0
2023-01-12,USDCHF,USDCHF,0.93
2023-01-12,EURCHF,EURCHF,1.0
2023-01-13,USDCHF,USDCHF,0.93
2023-01-13,EURCHF,EURCHF,1.0
2023-01-16,USDCHF,USDCHF,0.93
2023-01-16,EURCHF,EURCHF,1.0
2023-01-17,USDCHF,USDCHF,0.92
2023-01-17,EURCHF,EURCHF,0.99
2023-01-18,USDCHF,USDCHF,0.91
2023-01-18,EURCHF,EURCHF,0.99
2023-01-19,USDCHF,USDCHF,0.92
2023-01-19,EURCHF,EURCHF,0.99
2023-01-20,USDCHF,USDCHF,0.92
2023-01-20,EURCHF,EURCHF,1.0
2023-01-23,USDCHF,USDCHF,0.92
2023-01-23,EURCHF,EURCHF,1.0
2023-01-24,USDCHF,USDCHF,0.92
2023-01-24,EURCHF,EURCHF,1.0
2023-01-25,USDCHF,USDCHF,0.92
2023-01-25,EURCHF,EURCHF,1.0
2023-01-26,USDCHF,USDCHF,0.92
2023-01-26,EURCHF,EURCHF,1.0
2023-01-27,USDCHF,USDCHF,0.92
2023-01-27,EURCHF,EURCHF,1.0
2023-01-30,USDCHF,USDCHF,0.92
2023-01-30,EURCHF,EURCHF,1.0
2023-01-31,USDCHF,USDCHF,0.92
2023-01-31,EURCHF,EURCHF,1.0
2023-02-01,USDCHF,USDCHF,0.91
2023-02-01,EURCHF,EURCHF,1.0
2023-02-02,USDCHF,USDCHF,0.91
2023-02-02,EURCHF,EURCHF,1.0
2023-02-03,USDCHF,USDCHF,0.92
2023-02-03,EURCHF,EURCHF,1.0
2023-02-06,USDCHF,USDCHF,0.93
2023-02-06,EURCHF,EURCHF,1.0
2023-02-07,USDCHF,USDCHF,0.92
2023-02-07,EURCHF,EURCHF,0.99
2023-02-08,USDCHF,USDCHF,0.92
2023-02-08,EURCHF,EURCHF,0.99
2023-02-09,USDCHF,USDCHF,0.92
2023-02-09,EURCHF,EURCHF,0.99
2023-02-10,USDCHF,USDCHF,0.92
2023-02-10,EURCHF,EURCHF,0.99
2023-02-13,USDCHF,USDCHF,0.92
2023-02-13,EURCHF,EURCHF,0.99
2023-02-14,USDCHF,USDCHF,0.92
2023-02-14,EURCHF,EURCHF,0.99
2023-02-15,USDCHF,USDCHF,0.93
2023-02-15,EURCHF,EURCHF,0.99
2023-02-16,USDCHF,USDCHF,0.93
2023-02-16,EURCHF,EURCHF,0.99
2023-02-17,USDCHF,USDCHF,0.93
2023-02-17,EURCHF,EURCHF,0.99
2023-02-20,USDCHF,USDCHF,0.92
2023-02-20,EURCHF,EURCHF,0.99
2023-02-21,USDCHF,USDCHF,0.93
2023-02-21,EURCHF,EURCHF,0.99
2023-02-22,USDCHF,USDCHF,0.93
2023-02-22,EURCHF,EURCHF,0.99
2023-02-23,USDCHF,USDCHF,0.93
2023-02-23,EURCHF,EURCHF,0.99
2023-02-24,USDCHF,USDCHF,0.94
2023-02-24,EURCHF,EURCHF,0.99
2023-02-27,USDCHF,USDCHF,0.94
2023-02-27,EURCHF,EURCHF,0.99
2023-02-28,USDCHF,USDCHF,0.94
2023-02-28,EURCHF,EURCHF,0.99
2023-03-01,USDCHF,USDCHF,0.94
2023-03-01,EURCHF,EURCHF,1.0
2023-03-02,USDCHF,USDCHF,0.94
2023-03-02,EURCHF,EURCHF,1.0
2023-03-03,USDCHF,USDCHF,0.94
2023-03-03,EURCHF,EURCHF,1.0
2023-03-06,USDCHF,USDCHF,0.93
2023-03-06,EURCHF,EURCHF,1.0
2023-03-07,USDCHF,USDCHF,0.94
2023-03-07,EURCHF,EURCHF,1.0
2023-03-08,USDCHF,USDCHF,0.94
2023-03-08,EURCHF,EURCHF,0.99
2023-03-09,USDCHF,USDCHF,0.94
2023-03-09,EURCHF,EURCHF,0.99
2023-03-10,USDCHF,USDCHF,0.92
2023-03-10,EURCHF,EURCHF,0.98
2023-03-13,USDCHF,USDCHF,0.91
2023-03-13,EURCHF,EURCHF,0.98
2023-03-14,USDCHF,USDCHF,0.91
2023-03-14,EURCHF,EURCHF,0.98
2023-03-15,USDCHF,USDCHF,0.92
2023-03-15,EURCHF,EURCHF,0.97
2023-03-16,USDCHF,USDCHF,0.93
2023-03-16,EURCHF,EURCHF,0.99
2023-03-17,USDCHF,USDCHF,0.93
2023-03-17,EURCHF,EURCHF,0.99
2023-03-20,USDCHF,USDCHF,0.93
2023-03-20,EURCHF,EURCHF,0.99
2023-03-21,USDCHF,USDCHF,0.92
2023-03-21,EURCHF,EURCHF,0.99
2023-03-22,USDCHF,USDCHF,0.92
2023-03-22,EURCHF,EURCHF,1.0
2023-03-23,USDCHF,USDCHF,0.91
2023-03-23,EURCHF,EURCHF,1.0
2023-03-24,USDCHF,USDCHF,0.92
2023-03-24,EURCHF,EURCHF,0.99
2023-03-27,USDCHF,USDCHF,0.92
2023-03-27,EURCHF,EURCHF,0.99
2023-03-28,USDCHF,USDCHF,0.92
2023-03-28,EURCHF,EURCHF,1.0
2023-03-29,USDCHF,USDCHF,0.92
2023-03-29,EURCHF,EURCHF,1.0
2023-03-30,USDCHF,USDCHF,0.91
2023-03-30,EURCHF,EURCHF,1.0
2023-03-31,USDCHF,USDCHF,0.91
2023-03-31,EURCHF,EURCHF,0.99
2023-04-03,USDCHF,USDCHF,0.91
2023-04-03,EURCHF,EURCHF,0.99
2023-04-04,USDCHF,USDCHF,0.91
2023-04-04,EURCHF,EURCHF,1.0
2023-04-05,USDCHF,USDCHF,0.9
2023-04-05,EURCHF,EURCHF,0.99
2023-04-06,USDCHF,USDCHF,0.9
2023-04-06,EURCHF,EURCHF,0.99
2023-04-07,USDCHF,USDCHF,0.9
2023-04-07,EURCHF,EURCHF,0.99
2023-04-10,USDCHF,USDCHF,0.91
2023-04-10,EURCHF,EURCHF,0.99
2023-04-11,USDCHF,USDCHF,0.9
2023-04-11,EURCHF,EURCHF,0.99
2023-04-12,USDCHF,USDCHF,0.9
2023-04-12,EURCHF,EURCHF,0.99
2023-04-13,USDCHF,USDCHF,0.89
2023-04-13,EURCHF,EURCHF,0.98
2023-04-14,USDCHF,USDCHF,0.89
2023-04-14,EURCHF,EURCHF,0.98
2023-04-17,USDCHF,USDCHF,0.9
2023-04-17,EURCHF,EURCHF,0.98
2023-04-18,USDCHF,USDCHF,0.9
2023-04-18,EURCHF,EURCHF,0.98
2023-04-19,USDCHF,USDCHF,0.9
2023-04-19,EURCHF,EURCHF,0.98
2023-04-20,USDCHF,USDCHF,0.89
2023-04-20,EURCHF,EURCHF,0.98
2023-04-21,USDCHF,USDCHF,0.89
2023-04-21,EURCHF,EURCHF,0.98
2023-04-24,USDCHF,USDCHF,0.89
2023-04-24,EURCHF,EURCHF,0.98
2023-04-25,USDCHF,USDCHF,0.89
2023-04-25,EURCHF,EURCHF,0.98
2023-04-26,USDCHF,USDCHF,0.89
2023-04-26,EURCHF,EURCHF,0.98
2023-04-27,USDCHF,USDCHF,0.9
2023-04-27,EURCHF,EURCHF,0.99
2023-04-28,USDCHF,USDCHF,0.89
2023-04-28,EURCHF,EURCHF,0.98
2023-05-01,USDCHF,USDCHF,0.9
2023-05-01,EURCHF,EURCHF,0.98
2023-05-02,USDCHF,USDCHF,0.89
2023-05-02,EURCHF,EURCHF,0.98
2023-05-03,USDCHF,USDCHF,0.89
2023-05-03,EURCHF,EURCHF,0.98
2023-05-04,USDCHF,USDCHF,0.89
2023-05-04,EURCHF,EURCHF,0.98
2023-05-05,USDCHF,USDCHF,0.89
2023-05-05,EURCHF,EURCHF,0.98
2023-05-08,USDCHF,USDCHF,0.89
2023-05-08,EURCHF,EURCHF,0.98
2023-05-09,USDCHF,USDCHF,0.89
2023-05-09,EURCHF,EURCHF,0.98
2023-05-10,USDCHF,USDCHF,0.89
2023-05-10,EURCHF,EURCHF,0.98
2023-05-11,USDCHF,USDCHF,0.89
2023-05-11,EURCHF,EURCHF,0.98
2023-05-12,USDCHF,USDCHF,0.9
2023-05-12,EURCHF,EURCHF,0.97
2023-05-15,USDCHF,USDCHF,0.9
2023-05-15,EURCHF,EURCHF,0.97
2023-05-16,USDCHF,USDCHF,0.9
2023-05-16,EURCHF,EURCHF,0.97
2023-05-17,USDCHF,USDCHF,0.9
2023-05-17,EURCHF,EURCHF,0.97
2023-05-18,USDCHF,USDCHF,0.91
2023-05-18,EURCHF,EURCHF,0.98
2023-05-19,USDCHF,USDCHF,0.9
2023-05-19,EURCHF,EURCHF,0.97
2023-05-22,USDCHF,USDCHF,0.9
2023-05-22,EURCHF,EURCHF,0.97
2023-05-23,USDCHF,USDCHF,0.9
2023-05-23,EURCHF,EURCHF,0.97
2023-05-24,USDCHF,USDCHF,0.9
2023-05-24,EURCHF,EURCHF,0.97
2023-05-25,USDCHF,USDCHF,0.91
2023-05-25,EURCHF,EURCHF,0.97
2023-05-26,USDCHF,USDCHF,0.91
2023-05-26,EURCHF,EURCHF,0.97
2023-05-29,USDCHF,USDCHF,0.9
2023-05-29,EURCHF,EURCHF,0.97
2023-05-30,USDCHF,USDCHF,0.9
2023-05-30,EURCHF,EURCHF,0.97
2023-05-31,USDCHF,USDCHF,0.91
2023-05-31,EURCHF,EURCHF,0.97
2023-06-01,USDCHF,USDCHF,0.91
2023-06-01,EURCHF,EURCHF,0.98
2023-06-02,USDCHF,USDCHF,0.91
2023-06-02,EURCHF,EURCHF,0.97
2023-06-05,USDCHF,USDCHF,0.91
2023-06-05,EURCHF,EURCHF,0.97
2023-06-06,USDCHF,USDCHF,0.91
2023-06-06,EURCHF,EURCHF,0.97
2023-06-07,USDCHF,USDCHF,0.91
2023-06-07,EURCHF,EURCHF,0.97
2023-06-08,USDCHF,USDCHF,0.9
2023-06-08,EURCHF,EURCHF,0.97
2023-06-09,USDCHF,USDCHF,0.9
2023-06-09,EURCHF,EURCHF,0.97
2023-06-12,USDCHF,USDCHF,0.91
2023-06-12,EURCHF,EURCHF,0.98
2023-06-13,USDCHF,USDCHF,0.91
2023-06-13,EURCHF,EURCHF,0.98
2023-06-14,USDCHF,USDCHF,0.9
2023-06-14,EURCHF,EURCHF,0.97
2023-06-15,USDCHF,USDCHF,0.89
2023-06-15,EURCHF,EURCHF,0.98
2023-06-16,USDCHF,USDCHF,0.89
2023-06-16,EURCHF,EURCHF,0.98
2023-06-19,USDCHF,USDCHF,0.9
2023-06-19,EURCHF,EURCHF,0.98
2023-06-20,USDCHF,USDCHF,0.9
2023-06-20,EURCHF,EURCHF,0.98
2023-06-21,USDCHF,USDCHF,0.9
2023-06-21,EURCHF,EURCHF,0.98
2023-06-22,USDCHF,USDCHF,0.9
2023-06-22,EURCHF,EURCHF,0.98
2023-06-23,USDCHF,USDCHF,0.9
2023-06-23,EURCHF,EURCHF,0.98
2023-06-26,USDCHF,USDCHF,0.89
2023-06-26,EURCHF,EURCHF,0.98
2023-06-27,USDCHF,USDCHF,0.9
2023-06-27,EURCHF,EURCHF,0.98
2023-06-28,USDCHF,USDCHF,0.9
2023-06-28,EURCHF,EURCHF,0.98
2023-06-29,USDCHF,USDCHF,0.9
2023-06-29,EURCHF,EURCHF,0.98
2023-06-30,USDCHF,USDCHF,0.89
2023-06-30,EURCHF,EURCHF,0.98
2023-07-03,USDCHF,USDCHF,0.9
2023-07-03,EURCHF,EURCHF,0.98
2023-07-04,USDCHF,USDCHF,0.9
2023-07-04,EURCHF,EURCHF,0.98
2023-07-05,USDCHF,USDCHF,0.9
2023-07-05,EURCHF,EURCHF,0.98
2023-07-06,USDCHF,USDCHF,0.9
2023-07-06,EURCHF,EURCHF,0.97
2023-07-07,USDCHF,USDCHF,0.89
2023-07-07,EURCHF,EURCHF,0.97
2023-07-10,USDCHF,USDCHF,0.89
2023-07-10,EURCHF,EURCHF,0.98
2023-07-11,USDCHF,USDCHF,0.88
2023-07-11,EURCHF,EURCHF,0.97
2023-07-12,USDCHF,USDCHF,0.87
2023-07-12,EURCHF,EURCHF,0.96
2023-07-13,USDCHF,USDCHF,0.86
2023-07-13,EURCHF,EURCHF,0.96
2023-07-14,USDCHF,USDCHF,0.86
2023-07-14,EURCHF,EURCHF,0.97
2023-07-17,USDCHF,USDCHF,0.86
2023-07-17,EURCHF,EURCHF,0.97
2023-07-18,USDCHF,USDCHF,0.86
2023-07-18,EURCHF,EURCHF,0.96
2023-07-19,USDCHF,USDCHF,0.86
2023-07-19,EURCHF,EURCHF,0.96
2023-07-20,USDCHF,USDCHF,0.87
2023-07-20,EURCHF,EURCHF,0.96
2023-07-21,USDCHF,USDCHF,0.87
2023-07-21,EURCHF,EURCHF,0.96
2023-07-24,USDCHF,USDCHF,0.87
2023-07-24,EURCHF,EURCHF,0.96
2023-07-25,USDCHF,USDCHF,0.87
2023-07-25,EURCHF,EURCHF,0.96
2023-07-26,USDCHF,USDCHF,0.86
2023-07-26,EURCHF,EURCHF,0.95
2023-07-27,USDCHF,USDCHF,0.87
2023-07-27,EURCHF,EURCHF,0.96
2023-07-28,USDCHF,USDCHF,0.87
2023-07-28,EURCHF,EURCHF,0.96
2023-07-31,USDCHF,USDCHF,0.87
2023-07-31,EURCHF,EURCHF,0.96
2023-08-01,USDCHF,USDCHF,0.88
2023-08-01,EURCHF,EURCHF,0.96
2023-08-02,USDCHF,USDCHF,0.88
2023-08-02,EURCHF,EURCHF,0.96
2023-08-03,USDCHF,USDCHF,0.88
2023-08-03,EURCHF,EURCHF,0.96
2023-08-04,USDCHF,USDCHF,0.87
2023-08-04,EURCHF,EURCHF,0.96
2023-08-07,USDCHF,USDCHF,0.87
2023-08-07,EURCHF,EURCHF,0.96
2023-08-08,USDCHF,USDCHF,0.88
2023-08-08,EURCHF,EURCHF,0.96
2023-08-09,USDCHF,USDCHF,0.88
2023-08-09,EURCHF,EURCHF,0.96
2023-08-10,USDCHF,USDCHF,0.87
2023-08-10,EURCHF,EURCHF,0.96
2023-08-11,USDCHF,USDCHF,0.88
2023-08-11,EURCHF,EURCHF,0.96
2023-08-14,USDCHF,USDCHF,0.88
2023-08-14,EURCHF,EURCHF,0.96
2023-08-15,USDCHF,USDCHF,0.88
2023-08-15,EURCHF,EURCHF,0.96
2023-08-16,USDCHF,USDCHF,0.88
2023-08-16,EURCHF,EURCHF,0.96
2023-08-17,USDCHF,USDCHF,0.88
2023-08-17,EURCHF,EURCHF,0.96
2023-08-18,USDCHF,USDCHF,0.88
2023-08-18,EURCHF,EURCHF,0.96
2023-08-21,USDCHF,USDCHF,0.88
2023-08-21,EURCHF,EURCHF,0.96
2023-08-22,USDCHF,USDCHF,0.88
2023-08-22,EURCHF,EURCHF,0.95
2023-08-23,USDCHF,USDCHF,0.88
2023-08-23,EURCHF,EURCHF,0.95
2023-08-24,USDCHF,USDCHF,0.88
2023-08-24,EURCHF,EURCHF,0.96
2023-08-25,USDCHF,USDCHF,0.89
2023-08-25,EURCHF,EURCHF,0.96
2023-08-28,USDCHF,USDCHF,0.88
2023-08-28,EURCHF,EURCHF,0.96
2023-08-29,USDCHF,USDCHF,0.88
2023-08-29,EURCHF,EURCHF,0.95
2023-08-30,USDCHF,USDCHF,0.88
2023-08-30,EURCHF,EURCHF,0.96
2023-08-31,USDCHF,USDCHF,0.88
2023-08-31,EURCHF,EURCHF,0.96
2023-09-01,USDCHF,USDCHF,0.88
2023-09-01,EURCHF,EURCHF,0.96
2023-09-04,USDCHF,USDCHF,0.88
2023-09-04,EURCHF,EURCHF,0.95
2023-09-05,USDCHF,USDCHF,0.89
2023-09-05,EURCHF,EURCHF,0.95
2023-09-06,USDCHF,USDCHF,0.89
2023-09-06,EURCHF,EURCHF,0.96
2023-09-07,USDCHF,USDCHF,0.89
2023-09-07,EURCHF,EURCHF,0.96
2023-09-08,USDCHF,USDCHF,0.89
2023-09-08,EURCHF,EURCHF,0.96
2023-09-11,USDCHF,USDCHF,0.89
2023-09-11,EURCHF,EURCHF,0.96
2023-09-12,USDCHF,USDCHF,0.89
2023-09-12,EURCHF,EURCHF,0.96
2023-09-13,USDCHF,USDCHF,0.89
2023-09-13,EURCHF,EURCHF,0.96
2023-09-14,USDCHF,USDCHF,0.89
2023-09-14,EURCHF,EURCHF,0.95
2023-09-15,USDCHF,USDCHF,0.9
2023-09-15,EURCHF,EURCHF,0.96
2023-09-18,USDCHF,USDCHF,0.9
2023-09-18,EURCHF,EURCHF,0.96
2023-09-19,USDCHF,USDCHF,0.9
2023-09-19,EURCHF,EURCHF,0.96
2023-09-20,USDCHF,USDCHF,0.89
2023-09-20,EURCHF,EURCHF,0.96
2023-09-21,USDCHF,USDCHF,0.9
2023-09-21,EURCHF,EURCHF,0.96
2023-09-22,USDCHF,USDCHF,0.91
2023-09-22,EURCHF,EURCHF,0.97
2023-09-25,USDCHF,USDCHF,0.91
2023-09-25,EURCHF,EURCHF,0.97
2023-09-26,USDCHF,USDCHF,0.91
2023-09-26,EURCHF,EURCHF,0.97
2023-09-27,USDCHF,USDCHF,0.92
2023-09-27,EURCHF,EURCHF,0.97
2023-09-28,USDCHF,USDCHF,0.92
2023-09-28,EURCHF,EURCHF,0.97
2023-09-29,USDCHF,USDCHF,0.91
2023-09-29,EURCHF,EURCHF,0.97
2023-10-02,USDCHF,USDCHF,0.92
2023-10-02,EURCHF,EURCHF,0.96
2023-10-03,USDCHF,USDCHF,0.92
2023-10-03,EURCHF,EURCHF,0.97
2023-10-04,USDCHF,USDCHF,0.92
2023-10-04,EURCHF,EURCHF,0.96
2023-10-05,USDCHF,USDCHF,0.91
2023-10-05,EURCHF,EURCHF,0.96
2023-10-06,USDCHF,USDCHF,0.91
2023-10-06,EURCHF,EURCHF,0.96
2023-10-09,USDCHF,USDCHF,0.91
2023-10-09,EURCHF,EURCHF,0.96
2023-10-10,USDCHF,USDCHF,0.91
2023-10-10,EURCHF,EURCHF,0.96
2023-10-11,USDCHF,USDCHF,0.9
2023-10-11,EURCHF,EURCHF,0.96
2023-10-12,USDCHF,USDCHF,0.91
2023-10-12,EURCHF,EURCHF,0.96
2023-10-13,USDCHF,USDCHF,0.9
2023-10-13,EURCHF,EURCHF,0.95
2023-10-16,USDCHF,USDCHF,0.9
2023-10-16,EURCHF,EURCHF,0.95
2023-10-17,USDCHF,USDCHF,0.9
2023-10-17,EURCHF,EURCHF,0.95
2023-10-18,USDCHF,USDCHF,0.9
2023-10-18,EURCHF,EURCHF,0.95
2023-10-19,USDCHF,USDCHF,0.9
2023-10-19,EURCHF,EURCHF,0.95
2023-10-20,USDCHF,USDCHF,0.89
2023-10-20,EURCHF,EURCHF,0.94
2023-10-23,USDCHF,USDCHF,0.89
2023-10-23,EURCHF,EURCHF,0.95
2023-10-24,USDCHF,USDCHF,0.89
2023-10-24,EURCHF,EURCHF,0.95
2023-10-25,USDCHF,USDCHF,0.9
2023-10-25,EURCHF,EURCHF,0.95
2023-10-26,USDCHF,USDCHF,0.9
2023-10-26,EURCHF,EURCHF,0.95
2023-10-27,USDCHF,USDCHF,0.9
2023-10-27,EURCHF,EURCHF,0.96
2023-10-30,USDCHF,USDCHF,0.9
2023-10-30,EURCHF,EURCHF,0.96
2023-10-31,USDCHF,USDCHF,0.91
2023-10-31,EURCHF,EURCHF,0.96
2023-11-01,USDCHF,USDCHF,0.91
2023-11-01,EURCHF,EURCHF,0.96
2023-11-02,USDCHF,USDCHF,0.91
2023-11-02,EURCHF,EURCHF,0.96
2023-11-03,USDCHF,USDCHF,0.9
2023-11-03,EURCHF,EURCHF,0.96
2023-11-06,USDCHF,USDCHF,0.9
2023-11-06,EURCHF,EURCHF,0.96
2023-11-07,USDCHF,USDCHF,0.9
2023-11-07,EURCHF,EURCHF,0.96
2023-11-08,USDCHF,USDCHF,0.9
2023-11-08,EURCHF,EURCHF,0.96
2023-11-09,USDCHF,USDCHF,0.9
2023-11-09,EURCHF,EURCHF,0.96
2023-11-10,USDCHF,USDCHF,0.9
2023-11-10,EURCHF,EURCHF,0.96
2023-11-13,USDCHF,USDCHF,0.9
2023-11-13,EURCHF,EURCHF,0.96
2023-11-14,USDCHF,USDCHF,0.89
2023-11-14,EURCHF,EURCHF,0.97
2023-11-15,USDCHF,USDCHF,0.89
2023-11-15,EURCHF,EURCHF,0.96
2023-11-16,USDCHF,USDCHF,0.89
2023-11-16,EURCHF,EURCHF,0.97
2023-11-17,USDCHF,USDCHF,0.89
2023-11-17,EURCHF,EURCHF,0.97
2023-11-20,USDCHF,USDCHF,0.88
2023-11-20,EURCHF,EURCHF,0.97
2023-11-21,USDCHF,USDCHF,0.88
2023-11-21,EURCHF,EURCHF,0.97
2023-11-22,USDCHF,USDCHF,0.89
2023-11-22,EURCHF,EURCHF,0.96
2023-11-23,USDCHF,USDCHF,0.88
2023-11-23,EURCHF,EURCHF,0.96
2023-11-24,USDCHF,USDCHF,0.88
2023-11-24,EURCHF,EURCHF,0.96
2023-11-27,USDCHF,USDCHF,0.88
2023-11-27,EURCHF,EURCHF,0.96
2023-11-28,USDCHF,USDCHF,0.88
2023-11-28,EURCHF,EURCHF,0.96
2023-11-29,USDCHF,USDCHF,0.87
2023-11-29,EURCHF,EURCHF,0.96
2023-11-30,USDCHF,USDCHF,0.87
2023-11-30,EURCHF,EURCHF,0.95
2023-12-01,USDCHF,USDCHF,0.87
2023-12-01,EURCHF,EURCHF,0.95
2023-12-04,USDCHF,USDCHF,0.87
2023-12-04,EURCHF,EURCHF,0.95
2023-12-05,USDCHF,USDCHF,0.87
2023-12-05,EURCHF,EURCHF,0.94
2023-12-06,USDCHF,USDCHF,0.87
2023-12-06,EURCHF,EURCHF,0.94
2023-12-07,USDCHF,USDCHF,0.88
2023-12-07,EURCHF,EURCHF,0.95
2023-12-08,USDCHF,USDCHF,0.88
2023-12-08,EURCHF,EURCHF,0.95
2023-12-11,USDCHF,USDCHF,0.88
2023-12-11,EURCHF,EURCHF,0.94
2023-12-12,USDCHF,USDCHF,0.88
2023-12-12,EURCHF,EURCHF,0.94
2023-12-13,USDCHF,USDCHF,0.88
2023-12-13,EURCHF,EURCHF,0.95
2023-12-14,USDCHF,USDCHF,0.87
2023-12-14,EURCHF,EURCHF,0.95
2023-12-15,USDCHF,USDCHF,0.87
2023-12-15,EURCHF,EURCHF,0.95
2023-12-18,USDCHF,USDCHF,0.87
2023-12-18,EURCHF,EURCHF,0.95
2023-12-19,USDCHF,USDCHF,0.86
2023-12-19,EURCHF,EURCHF,0.94
2023-12-20,USDCHF,USDCHF,0.86
2023-12-20,EURCHF,EURCHF,0.94
2023-12-21,USDCHF,USDCHF,0.86
2023-12-21,EURCHF,EURCHF,0.94
2023-12-22,USDCHF,USDCHF,0.86
2023-12-22,EURCHF,EURCHF,0.94
2023-12-25,USDCHF,USDCHF,0.86
2023-12-25,EURCHF,EURCHF,0.94
2023-12-26,USDCHF,USDCHF,0.86
2023-12-26,EURCHF,EURCHF,0.94
2023-12-27,USDCHF,USDCHF,0.85
2023-12-27,EURCHF,EURCHF,0.94
2023-12-28,USDCHF,USDCHF,0.84
2023-12-28,EURCHF,EURCHF,0.93
2023-12-29,USDCHF,USDCHF,0.84
2023-12-29,EURCHF,EURCHF,0.93
2024-01-01,USDCHF,USDCHF,0.84
2024-01-01,EURCHF,EURCHF,0.93
2024-01-02,USDCHF,USDCHF,0.85
2024-01-02,EURCHF,EURCHF,0.93
2024-01-03,USDCHF,USDCHF,0.85
2024-01-03,EURCHF,EURCHF,0.93
2024-01-04,USDCHF,USDCHF,0.85
2024-01-04,EURCHF,EURCHF,0.93
2024-01-05,USDCHF,USDCHF,0.85
2024-01-05,EURCHF,EURCHF,0.93
2024-01-08,USDCHF,USDCHF,0.85
2024-01-08,EURCHF,EURCHF,0.93
2024-01-09,USDCHF,USDCHF,0.85
2024-01-09,EURCHF,EURCHF,0.93
2024-01-10,USDCHF,USDCHF,0.85
2024-01-10,EURCHF,EURCHF,0.93
2024-01-11,USDCHF,USDCHF,0.86
2024-01-11,EURCHF,EURCHF,0.94
2024-01-12,USDCHF,USDCHF,0.85
2024-01-12,EURCHF,EURCHF,0.93
2024-01-15,USDCHF,USDCHF,0.86
2024-01-15,EURCHF,EURCHF,0.94
2024-01-16,USDCHF,USDCHF,0.86
2024-01-16,EURCHF,EURCHF,0.94
2024-01-17,USDCHF,USDCHF,0.87
2024-01-17,EURCHF,EURCHF,0.94
2024-01-18,USDCHF,USDCHF,0.87
2024-01-18,EURCHF,EURCHF,0.94
2024-01-19,USDCHF,USDCHF,0.87
2024-01-19,EURCHF,EURCHF,0.95
2024-01-22,USDCHF,USDCHF,0.87
2024-01-22,EURCHF,EURCHF,0.95
2024-01-23,USDCHF,USDCHF,0.87
2024-01-23,EURCHF,EURCHF,0.94
2024-01-24,USDCHF,USDCHF,0.86
2024-01-24,EURCHF,EURCHF,0.94
2024-01-25,USDCHF,USDCHF,0.87
2024-01-25,EURCHF,EURCHF,0.94
2024-01-26,USDCHF,USDCHF,0.86
2024-01-26,EURCHF,EURCHF,0.94
2024-01-29,USDCHF,USDCHF,0.86
2024-01-29,EURCHF,EURCHF,0.93
2024-01-30,USDCHF,USDCHF,0.86
2024-01-30,EURCHF,EURCHF,0.94
2024-01-31,USDCHF,USDCHF,0.86
2024-01-31,EURCHF,EURCHF,0.93
2024-02-01,USDCHF,USDCHF,0.86
2024-02-01,EURCHF,EURCHF,0.93
2024-02-02,USDCHF,USDCHF,0.87
2024-02-02,EURCHF,EURCHF,0.94
2024-02-05,USDCHF,USDCHF,0.87
2024-02-05,EURCHF,EURCHF,0.93
2024-02-06,USDCHF,USDCHF,0.87
2024-02-06,EURCHF,EURCHF,0.94
2024-02-07,USDCHF,USDCHF,0.87
2024-02-07,EURCHF,EURCHF,0.94
2024-02-08,USDCHF,USDCHF,0.87
2024-02-08,EURCHF,EURCHF,0.94
2024-02-09,USDCHF,USDCHF,0.88
2024-02-09,EURCHF,EURCHF,0.94
2024-02-12,USDCHF,USDCHF,0.88
2024-02-12,EURCHF,EURCHF,0.94
2024-02-13,USDCHF,USDCHF,0.89
2024-02-13,EURCHF,EURCHF,0.95
2024-02-14,USDCHF,USDCHF,0.89
2024-02-14,EURCHF,EURCHF,0.95
2024-02-15,USDCHF,USDCHF,0.88
2024-02-15,EURCHF,EURCHF,0.95
2024-02-16,USDCHF,USDCHF,0.88
2024-02-16,EURCHF,EURCHF,0.95
2024-02-19,USDCHF,USDCHF,0.88
2024-02-19,EURCHF,EURCHF,0.95
2024-02-20,USDCHF,USDCHF,0.88
2024-02-20,EURCHF,EURCHF,0.95
2024-02-21,USDCHF,USDCHF,0.88
2024-02-21,EURCHF,EURCHF,0.95
2024-02-22,USDCHF,USDCHF,0.88
2024-02-22,EURCHF,EURCHF,0.95
2024-02-23,USDCHF,USDCHF,0.88
2024-02-23,EURCHF,EURCHF,0.95
2024-02-26,USDCHF,USDCHF,0.88
2024-02-26,EURCHF,EURCHF,0.96
2024-02-27,USDCHF,USDCHF,0.88
2024-02-27,EURCHF,EURCHF,0.95
2024-02-28,USDCHF,USDCHF,0.88
2024-02-28,EURCHF,EURCHF,0.95
2024-02-29,USDCHF,USDCHF,0.88
2024-02-29,EURCHF,EURCHF,0.95
2024-03-01,USDCHF,USDCHF,0.89
2024-03-01,EURCHF,EURCHF,0.96
2024-03-04,USDCHF,USDCHF,0.88
2024-03-04,EURCHF,EURCHF,0.96
2024-03-05,USDCHF,USDCHF,0.88
2024-03-05,EURCHF,EURCHF,0.96
2024-03-06,USDCHF,USDCHF,0.88
2024-03-06,EURCHF,EURCHF,0.96
2024-03-07,USDCHF,USDCHF,0.88
2024-03-07,EURCHF,EURCHF,0.96
2024-03-08,USDCHF,USDCHF,0.88
2024-03-08,EURCHF,EURCHF,0.96
2024-03-11,USDCHF,USDCHF,0.88
2024-03-11,EURCHF,EURCHF,0.96
2024-03-12,USDCHF,USDCHF,0.88
2024-03-12,EURCHF,EURCHF,0.96
2024-03-13,USDCHF,USDCHF,0.88
2024-03-13,EURCHF,EURCHF,0.96
2024-03-14,USDCHF,USDCHF,0.88
2024-03-14,EURCHF,EURCHF,0.96
2024-03-15,USDCHF,USDCHF,0.88
2024-03-15,EURCHF,EURCHF,0.96
2024-03-18,USDCHF,USDCHF,0.89
2024-03-18,EURCHF,EURCHF,0.96
2024-03-19,USDCHF,USDCHF,0.89
2024-03-19,EURCHF,EURCHF,0.96
2024-03-20,USDCHF,USDCHF,0.89
2024-03-20,EURCHF,EURCHF,0.97
2024-03-21,USDCHF,USDCHF,0.9
2024-03-21,EURCHF,EURCHF,0.98
2024-03-22,USDCHF,USDCHF,0.9
2024-03-22,EURCHF,EURCHF,0.97
2024-03-25,USDCHF,USDCHF,0.9
2024-03-25,EURCHF,EURCHF,0.97
2024-03-26,USDCHF,USDCHF,0.9
2024-03-26,EURCHF,EURCHF,0.98
2024-03-27,USDCHF,USDCHF,0.91
2024-03-27,EURCHF,EURCHF,0.98
2024-03-28,USDCHF,USDCHF,0.9
2024-03-28,EURCHF,EURCHF,0.97
2024-03-29,USDCHF,USDCHF,0.9
2024-03-29,EURCHF,EURCHF,0.97
2024-04-01,USDCHF,USDCHF,0.9
2024-04-01,EURCHF,EURCHF,0.97
2024-04-02,USDCHF,USDCHF,0.91
2024-04-02,EURCHF,EURCHF,0.98
2024-04-03,USDCHF,USDCHF,0.91
2024-04-03,EURCHF,EURCHF,0.98
2024-04-04,USDCHF,USDCHF,0.9
2024-04-04,EURCHF,EURCHF,0.98
2024-04-05,USDCHF,USDCHF,0.9
2024-04-05,EURCHF,EURCHF,0.98
2024-04-08,USDCHF,USDCHF,0.9
2024-04-08,EURCHF,EURCHF,0.98
2024-04-09,USDCHF,USDCHF,0.9
2024-04-09,EURCHF,EURCHF,0.98
2024-04-10,USDCHF,USDCHF,0.91
2024-04-10,EURCHF,EURCHF,0.98
2024-04-11,USDCHF,USDCHF,0.91
2024-04-11,EURCHF,EURCHF,0.98
2024-04-12,USDCHF,USDCHF,0.91
2024-04-12,EURCHF,EURCHF,0.97
2024-04-15,USDCHF,USDCHF,0.91
2024-04-15,EURCHF,EURCHF,0.97
2024-04-16,USDCHF,USDCHF,0.91
2024-04-16,EURCHF,EURCHF,0.97
2024-04-17,USDCHF,USDCHF,0.91
2024-04-17,EURCHF,EURCHF,0.97
2024-04-18,USDCHF,USDCHF,0.91
2024-04-18,EURCHF,EURCHF,0.97
2024-04-19,USDCHF,USDCHF,0.91
2024-04-19,EURCHF,EURCHF,0.97
2024-04-22,USDCHF,USDCHF,0.91
2024-04-22,EURCHF,EURCHF,0.97
2024-04-23,USDCHF,USDCHF,0.91
2024-04-23,EURCHF,EURCHF,0.97
2024-04-24,USDCHF,USDCHF,0.91
2024-04-24,EURCHF,EURCHF,0.98
2024-04-25,USDCHF,USDCHF,0.91
2024-04-25,EURCHF,EURCHF,0.98
2024-04-26,USDCHF,USDCHF,0.91
2024-04-26,EURCHF,EURCHF,0.98
2024-04-29,USDCHF,USDCHF,0.91
2024-04-29,EURCHF,EURCHF,0.98
2024-04-30,USDCHF,USDCHF,0.92
2024-04-30,EURCHF,EURCHF,0.98
2024-05-01,USDCHF,USDCHF,0.92
2024-05-01,EURCHF,EURCHF,0.98
2024-05-02,USDCHF,USDCHF,0.91
2024-05-02,EURCHF,EURCHF,0.98
2024-05-03,USDCHF,USDCHF,0.9
2024-05-03,EURCHF,EURCHF,0.97
2024-05-06,USDCHF,USDCHF,0.91
2024-05-06,EURCHF,EURCHF,0.98
2024-05-07,USDCHF,USDCHF,0.91
2024-05-07,EURCHF,EURCHF,0.98
2024-05-08,USDCHF,USDCHF,0.91
2024-05-08,EURCHF,EURCHF,0.98
2024-05-09,USDCHF,USDCHF,0.91
2024-05-09,EURCHF,EURCHF,0.98
2024-05-10,USDCHF,USDCHF,0.91
2024-05-10,EURCHF,EURCHF,0.98
2024-05-13,USDCHF,USDCHF,0.91
2024-05-13,EURCHF,EURCHF,0.98
2024-05-14,USDCHF,USDCHF,0.91
2024-05-14,EURCHF,EURCHF,0.98
2024-05-15,USDCHF,USDCHF,0.9
2024-05-15,EURCHF,EURCHF,0.98
2024-05-16,USDCHF,USDCHF,0.9
2024-05-16,EURCHF,EURCHF,0.98
2024-05-17,USDCHF,USDCHF,0.91
2024-05-17,EURCHF,EURCHF,0.99
2024-05-20,USDCHF,USDCHF,0.91
2024-05-20,EURCHF,EURCHF,0.99
2024-05-21,USDCHF,USDCHF,0.91
2024-05-21,EURCHF,EURCHF,0.99
2024-05-22,USDCHF,USDCHF,0.91
2024-05-22,EURCHF,EURCHF,0.99
2024-05-23,USDCHF,USDCHF,0.91
2024-05-23,EURCHF,EURCHF,0.99
2024-05-24,USDCHF,USDCHF,0.91
2024-05-24,EURCHF,EURCHF,0.99
2024-05-27,USDCHF,USDCHF,0.91
2024-05-27,EURCHF,EURCHF,0.99
2024-05-28,USDCHF,USDCHF,0.91
2024-05-28,EURCHF,EURCHF,0.99
2024-05-29,USDCHF,USDCHF,0.91
2024-05-29,EURCHF,EURCHF,0.99
2024-05-30,USDCHF,USDCHF,0.9
2024-05-30,EURCHF,EURCHF,0.98
2024-05-31,USDCHF,USDCHF,0.9
2024-05-31,EURCHF,EURCHF,0.98
2024-06-03,USDCHF,USDCHF,0.9
2024-06-03,EURCHF,EURCHF,0.97
2024-06-04,USDCHF,USDCHF,0.89
2024-06-04,EURCHF,EURCHF,0.97
2024-06-05,USDCHF,USDCHF,0.89
2024-06-05,EURCHF,EURCHF,0.97
2024-06-06,USDCHF,USDCHF,0.89
2024-06-06,EURCHF,EURCHF,0.97
2024-06-07,USDCHF,USDCHF,0.9
2024-06-07,EURCHF,EURCHF,0.97
2024-06-10,USDCHF,USDCHF,0.9
2024-06-10,EURCHF,EURCHF,0.96
2024-06-11,USDCHF,USDCHF,0.9
2024-06-11,EURCHF,EURCHF,0.96
2024-06-12,USDCHF,USDCHF,0.89
2024-06-12,EURCHF,EURCHF,0.97
2024-06-13,USDCHF,USDCHF,0.89
2024-06-13,EURCHF,EURCHF,0.96
2024-06-14,USDCHF,USDCHF,0.89
2024-06-14,EURCHF,EURCHF,0.95
2024-06-17,USDCHF,USDCHF,0.89
2024-06-17,EURCHF,EURCHF,0.96
2024-06-18,USDCHF,USDCHF,0.88
2024-06-18,EURCHF,EURCHF,0.95
2024-06-19,USDCHF,USDCHF,0.88
2024-06-19,EURCHF,EURCHF,0.95
2024-06-20,USDCHF,USDCHF,0.89
2024-06-20,EURCHF,EURCHF,0.95
2024-06-21,USDCHF,USDCHF,0.89
2024-06-21,EURCHF,EURCHF,0.95
2024-06-24,USDCHF,USDCHF,0.89
2024-06-24,EURCHF,EURCHF,0.96
2024-06-25,USDCHF,USDCHF,0.89
2024-06-25,EURCHF,EURCHF,0.96
2024-06-26,USDCHF,USDCHF,0.9
2024-06-26,EURCHF,EURCHF,0.96
2024-06-27,USDCHF,USDCHF,0.9
2024-06-27,EURCHF,EURCHF,0.96
2024-06-28,USDCHF,USDCHF,0.9
2024-06-28,EURCHF,EURCHF,0.96
2024-07-01,USDCHF,USDCHF,0.9
2024-07-01,EURCHF,EURCHF,0.97
2024-07-02,USDCHF,USDCHF,0.9
2024-07-02,EURCHF,EURCHF,0.97
2024-07-03,USDCHF,USDCHF,0.9
2024-07-03,EURCHF,EURCHF,0.97
2024-07-04,USDCHF,USDCHF,0.9
2024-07-04,EURCHF,EURCHF,0.97
2024-07-05,USDCHF,USDCHF,0.9
2024-07-05,EURCHF,EURCHF,0.97
2024-07-08,USDCHF,USDCHF,0.9
2024-07-08,EURCHF,EURCHF,0.97
2024-07-09,USDCHF,USDCHF,0.9
2024-07-09,EURCHF,EURCHF,0.97
2024-07-10,USDCHF,USDCHF,0.9
2024-07-10,EURCHF,EURCHF,0.97
2024-07-11,USDCHF,USDCHF,0.89
2024-07-11,EURCHF,EURCHF,0.97
2024-07-12,USDCHF,USDCHF,0.89
2024-07-12,EURCHF,EURCHF,0.98
2024-07-15,USDCHF,USDCHF,0.9
2024-07-15,EURCHF,EURCHF,0.98
2024-07-16,USDCHF,USDCHF,0.9
2024-07-16,EURCHF,EURCHF,0.97
2024-07-17,USDCHF,USDCHF,0.89
2024-07-17,EURCHF,EURCHF,0.97
2024-07-18,USDCHF,USDCHF,0.88
2024-07-18,EURCHF,EURCHF,0.97
2024-07-19,USDCHF,USDCHF,0.89
2024-07-19,EURCHF,EURCHF,0.97
2024-07-22,USDCHF,USDCHF,0.89
2024-07-22,EURCHF,EURCHF,0.97
2024-07-23,USDCHF,USDCHF,0.89
2024-07-23,EURCHF,EURCHF,0.97
2024-07-24,USDCHF,USDCHF,0.88
2024-07-24,EURCHF,EURCHF,0.96
2024-07-25,USDCHF,USDCHF,0.88
2024-07-25,EURCHF,EURCHF,0.96
2024-07-26,USDCHF,USDCHF,0.88
2024-07-26,EURCHF,EURCHF,0.96
2024-07-29,USDCHF,USDCHF,0.89
2024-07-29,EURCHF,EURCHF,0.96
2024-07-30,USDCHF,USDCHF,0.89
2024-07-30,EURCHF,EURCHF,0.96
2024-07-31,USDCHF,USDCHF,0.88
2024-07-31,EURCHF,EURCHF,0.95
2024-08-01,USDCHF,USDCHF,0.87
2024-08-01,EURCHF,EURCHF,0.94
2024-08-02,USDCHF,USDCHF,0.86
2024-08-02,EURCHF,EURCHF,0.94
2024-08-05,USDCHF,USDCHF,0.85
2024-08-05,EURCHF,EURCHF,0.93
2024-08-06,USDCHF,USDCHF,0.85
2024-08-06,EURCHF,EURCHF,0.93
2024-08-07,USDCHF,USDCHF,0.87
2024-08-07,EURCHF,EURCHF,0.95
2024-08-08,USDCHF,USDCHF,0.86
2024-08-08,EURCHF,EURCHF,0.94
2024-08-09,USDCHF,USDCHF,0.86
2024-08-09,EURCHF,EURCHF,0.94
2024-08-12,USDCHF,USDCHF,0.87
2024-08-12,EURCHF,EURCHF,0.95
2024-08-13,USDCHF,USDCHF,0.87
2024-08-13,EURCHF,EURCHF,0.95
2024-08-14,USDCHF,USDCHF,0.86
2024-08-14,EURCHF,EURCHF,0.95
2024-08-15,USDCHF,USDCHF,0.87
2024-08-15,EURCHF,EURCHF,0.96
2024-08-16,USDCHF,USDCHF,0.87
2024-08-16,EURCHF,EURCHF,0.95
2024-08-19,USDCHF,USDCHF,0.86
2024-08-19,EURCHF,EURCHF,0.96
2024-08-20,USDCHF,USDCHF,0.86
2024-08-20,EURCHF,EURCHF,0.95
2024-08-21,USDCHF,USDCHF,0.85
2024-08-21,EURCHF,EURCHF,0.95
2024-08-22,USDCHF,USDCHF,0.85
2024-08-22,EURCHF,EURCHF,0.95
2024-08-23,USDCHF,USDCHF,0.85
2024-08-23,EURCHF,EURCHF,0.95
2024-08-26,USDCHF,USDCHF,0.85
2024-08-26,EURCHF,EURCHF,0.95
2024-08-27,USDCHF,USDCHF,0.84
2024-08-27,EURCHF,EURCHF,0.94
2024-08-28,USDCHF,USDCHF,0.84
2024-08-28,EURCHF,EURCHF,0.94
2024-08-29,USDCHF,USDCHF,0.85
2024-08-29,EURCHF,EURCHF,0.94
2024-08-30,USDCHF,USDCHF,0.85
2024-08-30,EURCHF,EURCHF,0.94
2024-09-02,USDCHF,USDCHF,0.85
2024-09-02,EURCHF,EURCHF,0.94
2024-09-03,USDCHF,USDCHF,0.85
2024-09-03,EURCHF,EURCHF,0.94
2024-09-04,USDCHF,USDCHF,0.85
2024-09-04,EURCHF,EURCHF,0.94
2024-09-05,USDCHF,USDCHF,0.85
2024-09-05,EURCHF,EURCHF,0.94
2024-09-06,USDCHF,USDCHF,0.84
2024-09-06,EURCHF,EURCHF,0.94
2024-09-09,USDCHF,USDCHF,0.85
2024-09-09,EURCHF,EURCHF,0.94
2024-09-10,USDCHF,USDCHF,0.85
2024-09-10,EURCHF,EURCHF,0.93
2024-09-11,USDCHF,USDCHF,0.85
2024-09-11,EURCHF,EURCHF,0.93
2024-09-12,USDCHF,USDCHF,0.85
2024-09-12,EURCHF,EURCHF,0.94
2024-09-13,USDCHF,USDCHF,0.85
2024-09-13,EURCHF,EURCHF,0.94
2024-09-16,USDCHF,USDCHF,0.85
2024-09-16,EURCHF,EURCHF,0.94
2024-09-17,USDCHF,USDCHF,0.85
2024-09-17,EURCHF,EURCHF,0.94
2024-09-18,USDCHF,USDCHF,0.85
2024-09-18,EURCHF,EURCHF,0.94
2024-09-19,USDCHF,USDCHF,0.85
2024-09-19,EURCHF,EURCHF,0.94
2024-09-20,USDCHF,USDCHF,0.85
2024-09-20,EURCHF,EURCHF,0.95
2024-09-23,USDCHF,USDCHF,0.85
2024-09-23,EURCHF,EURCHF,0.94
2024-09-24,USDCHF,USDCHF,0.85
2024-09-24,EURCHF,EURCHF,0.94
2024-09-25,USDCHF,USDCHF,0.85
2024-09-25,EURCHF,EURCHF,0.95
2024-09-26,USDCHF,USDCHF,0.85
2024-09-26,EURCHF,EURCHF,0.95
2024-09-27,USDCHF,USDCHF,0.84
2024-09-27,EURCHF,EURCHF,0.94
2024-09-30,USDCHF,USDCHF,0.84
2024-09-30,EURCHF,EURCHF,0.94
2024-10-01,USDCHF,USDCHF,0.85
2024-10-01,EURCHF,EURCHF,0.94
2024-10-02,USDCHF,USDCHF,0.85
2024-10-02,EURCHF,EURCHF,0.94
2024-10-03,USDCHF,USDCHF,0.85
2024-10-03,EURCHF,EURCHF,0.94
2024-10-04,USDCHF,USDCHF,0.86
2024-10-04,EURCHF,EURCHF,0.94
2024-10-07,USDCHF,USDCHF,0.86
2024-10-07,EURCHF,EURCHF,0.94
2024-10-08,USDCHF,USDCHF,0.86
2024-10-08,EURCHF,EURCHF,0.94
2024-10-09,USDCHF,USDCHF,0.86
2024-10-09,EURCHF,EURCHF,0.94
2024-10-10,USDCHF,USDCHF,0.86
2024-10-10,EURCHF,EURCHF,0.94
2024-10-11,USDCHF,USDCHF,0.86
2024-10-11,EURCHF,EURCHF,0.94
2024-10-14,USDCHF,USDCHF,0.86
2024-10-14,EURCHF,EURCHF,0.94
2024-10-15,USDCHF,USDCHF,0.86
2024-10-15,EURCHF,EURCHF,0.94
2024-10-16,USDCHF,USDCHF,0.86
2024-10-16,EURCHF,EURCHF,0.94
2024-10-17,USDCHF,USDCHF,0.87
2024-10-17,EURCHF,EURCHF,0.94
2024-10-18,USDCHF,USDCHF,0.87
2024-10-18,EURCHF,EURCHF,0.94
2024-10-21,USDCHF,USDCHF,0.87
2024-10-21,EURCHF,EURCHF,0.94
2024-10-22,USDCHF,USDCHF,0.87
2024-10-22,EURCHF,EURCHF,0.94
2024-10-23,USDCHF,USDCHF,0.87
2024-10-23,EURCHF,EURCHF,0.93
2024-10-24,USDCHF,USDCHF,0.87
2024-10-24,EURCHF,EURCHF,0.94
2024-10-25,USDCHF,USDCHF,0.87
2024-10-25,EURCHF,EURCHF,0.94
2024-10-28,USDCHF,USDCHF,0.87
2024-10-28,EURCHF,EURCHF,0.94
2024-10-29,USDCHF,USDCHF,0.87
2024-10-29,EURCHF,EURCHF,0.94
2024-10-30,USDCHF,USDCHF,0.87
2024-10-30,EURCHF,EURCHF,0.94
2024-10-31,USDCHF,USDCHF,0.86
2024-10-31,EURCHF,EURCHF,0.94
2024-11-01,USDCHF,USDCHF,0.87
2024-11-01,EURCHF,EURCHF,0.94
2024-11-04,USDCHF,USDCHF,0.86
2024-11-04,EURCHF,EURCHF,0.94
2024-11-05,USDCHF,USDCHF,0.86
2024-11-05,EURCHF,EURCHF,0.94
2024-11-06,USDCHF,USDCHF,0.88
2024-11-06,EURCHF,EURCHF,0.94
2024-11-07,USDCHF,USDCHF,0.87
2024-11-07,EURCHF,EURCHF,0.94
2024-11-08,USDCHF,USDCHF,0.87
2024-11-08,EURCHF,EURCHF,0.94
2024-11-11,USDCHF,USDCHF,0.88
2024-11-11,EURCHF,EURCHF,0.94
2024-11-12,USDCHF,USDCHF,0.88
2024-11-12,EURCHF,EURCHF,0.94
2024-11-13,USDCHF,USDCHF,0.88
2024-11-13,EURCHF,EURCHF,0.94
2024-11-14,USDCHF,USDCHF,0.89
2024-11-14,EURCHF,EURCHF,0.94
2024-11-15,USDCHF,USDCHF,0.89
2024-11-15,EURCHF,EURCHF,0.94
2024-11-18,USDCHF,USDCHF,0.89
2024-11-18,EURCHF,EURCHF,0.94
2024-11-19,USDCHF,USDCHF,0.88
2024-11-19,EURCHF,EURCHF,0.93
2024-11-20,USDCHF,USDCHF,0.89
2024-11-20,EURCHF,EURCHF,0.93
2024-11-21,USDCHF,USDCHF,0.88
2024-11-21,EURCHF,EURCHF,0.93
2024-11-22,USDCHF,USDCHF,0.89
2024-11-22,EURCHF,EURCHF,0.93
2024-11-25,USDCHF,USDCHF,0.89
2024-11-25,EURCHF,EURCHF,0.93
2024-11-26,USDCHF,USDCHF,0.89
2024-11-26,EURCHF,EURCHF,0.93
2024-11-27,USDCHF,USDCHF,0.88
2024-11-27,EURCHF,EURCHF,0.93
2024-11-28,USDCHF,USDCHF,0.88
2024-11-28,EURCHF,EURCHF,0.93
2024-11-29,USDCHF,USDCHF,0.88
2024-11-29,EURCHF,EURCHF,0.93
2024-12-02,USDCHF,USDCHF,0.89
2024-12-02,EURCHF,EURCHF,0.93
2024-12-03,USDCHF,USDCHF,0.89
2024-12-03,EURCHF,EURCHF,0.93
2024-12-04,USDCHF,USDCHF,0.88
2024-12-04,EURCHF,EURCHF,0.93
2024-12-05,USDCHF,USDCHF,0.88
2024-12-05,EURCHF,EURCHF,0.93
2024-12-06,USDCHF,USDCHF,0.88
2024-12-06,EURCHF,EURCHF,0.93
2024-12-09,USDCHF,USDCHF,0.88
2024-12-09,EURCHF,EURCHF,0.93
2024-12-10,USDCHF,USDCHF,0.88
2024-12-10,EURCHF,EURCHF,0.93
2024-12-11,USDCHF,USDCHF,0.88
2024-12-11,EURCHF,EURCHF,0.93
2024-12-12,USDCHF,USDCHF,0.89
2024-12-12,EURCHF,EURCHF,0.93
2024-12-13,USDCHF,USDCHF,0.89
2024-12-13,EURCHF,EURCHF,0.94
2024-12-16,USDCHF,USDCHF,0.89
2024-12-16,EURCHF,EURCHF,0.94
2024-12-17,USDCHF,USDCHF,0.89
2024-12-17,EURCHF,EURCHF,0.94
2024-12-18,USDCHF,USDCHF,0.89
2024-12-18,EURCHF,EURCHF,0.94
2024-12-19,USDCHF,USDCHF,0.9
2024-12-19,EURCHF,EURCHF,0.93
2024-12-20,USDCHF,USDCHF,0.89
2024-12-20,EURCHF,EURCHF,0.93
2024-12-23,USDCHF,USDCHF,0.9
2024-12-23,EURCHF,EURCHF,0.94
2024-12-24,USDCHF,USDCHF,0.9
2024-12-24,EURCHF,EURCHF,0.94
2024-12-25,USDCHF,USDCHF,0.9
2024-12-25,EURCHF,EURCHF,0.94
2024-12-26,USDCHF,USDCHF,0.9
2024-12-26,EURCHF,EURCHF,0.94
2024-12-27,USDCHF,USDCHF,0.9
2024-12-27,EURCHF,EURCHF,0.94
2024-12-30,USDCHF,USDCHF,0.91
2024-12-30,EURCHF,EURCHF,0.94
2024-12-31,USDCHF,USDCHF,0.91
2024-12-31,EURCHF,EURCHF,0.94
2025-01-01,USDCHF,USDCHF,0.91
2025-01-01,EURCHF,EURCHF,0.94
2025-01-02,USDCHF,USDCHF,0.91
2025-01-02,EURCHF,EURCHF,0.94
2025-01-03,USDCHF,USDCHF,0.91
2025-01-03,EURCHF,EURCHF,0.94
2025-01-06,USDCHF,USDCHF,0.9
2025-01-06,EURCHF,EURCHF,0.94
2025-01-07,USDCHF,USDCHF,0.91
2025-01-07,EURCHF,EURCHF,0.94
2025-01-08,USDCHF,USDCHF,0.91
2025-01-08,EURCHF,EURCHF,0.94
2025-01-09,USDCHF,USDCHF,0.91
2025-01-09,EURCHF,EURCHF,0.94
2025-01-10,USDCHF,USDCHF,0.92
2025-01-10,EURCHF,EURCHF,0.94
2025-01-13,USDCHF,USDCHF,0.92
2025-01-13,EURCHF,EURCHF,0.94
2025-01-14,USDCHF,USDCHF,0.91
2025-01-14,EURCHF,EURCHF,0.94
2025-01-15,USDCHF,USDCHF,0.91
2025-01-15,EURCHF,EURCHF,0.94
2025-01-16,USDCHF,USDCHF,0.91
2025-01-16,EURCHF,EURCHF,0.94
2025-01-17,USDCHF,USDCHF,0.91
2025-01-17,EURCHF,EURCHF,0.94
2025-01-20,USDCHF,USDCHF,0.91
2025-01-20,EURCHF,EURCHF,0.94
2025-01-21,USDCHF,USDCHF,0.91
2025-01-21,EURCHF,EURCHF,0.94
2025-01-22,USDCHF,USDCHF,0.91
2025-01-22,EURCHF,EURCHF,0.94
2025-01-23,USDCHF,USDCHF,0.91
2025-01-23,EURCHF,EURCHF,0.95
2025-01-24,USDCHF,USDCHF,0.9
2025-01-24,EURCHF,EURCHF,0.95
2025-01-27,USDCHF,USDCHF,0.9
2025-01-27,EURCHF,EURCHF,0.95
2025-01-28,USDCHF,USDCHF,0.91
2025-01-28,EURCHF,EURCHF,0.94
2025-01-29,USDCHF,USDCHF,0.91
2025-01-29,EURCHF,EURCHF,0.94
2025-01-30,USDCHF,USDCHF,0.91
2025-01-30,EURCHF,EURCHF,0.95
2025-01-31,USDCHF,USDCHF,0.91
2025-01-31,EURCHF,EURCHF,0.94
2025-02-03,USDCHF,USDCHF,0.91
2025-02-03,EURCHF,EURCHF,0.94
2025-02-04,USDCHF,USDCHF,0.91
2025-02-04,EURCHF,EURCHF,0.94
2025-02-05,USDCHF,USDCHF,0.9
2025-02-05,EURCHF,EURCHF,0.94
2025-02-06,USDCHF,USDCHF,0.91
2025-02-06,EURCHF,EURCHF,0.94
2025-02-07,USDCHF,USDCHF,0.91
2025-02-07,EURCHF,EURCHF,0.94
2025-02-10,USDCHF,USDCHF,0.91
2025-02-10,EURCHF,EURCHF,0.94
2025-02-11,USDCHF,USDCHF,0.91
2025-02-11,EURCHF,EURCHF,0.94
2025-02-12,USDCHF,USDCHF,0.91
2025-02-12,EURCHF,EURCHF,0.95
2025-02-13,USDCHF,USDCHF,0.91
2025-02-13,EURCHF,EURCHF,0.94
2025-02-14,USDCHF,USDCHF,0.9
2025-02-14,EURCHF,EURCHF,0.94
2025-02-17,USDCHF,USDCHF,0.9
2025-02-17,EURCHF,EURCHF,0.94
2025-02-18,USDCHF,USDCHF,0.9
2025-02-18,EURCHF,EURCHF,0.94
2025-02-19,USDCHF,USDCHF,0.9
2025-02-19,EURCHF,EURCHF,0.94
2025-02-20,USDCHF,USDCHF,0.9
2025-02-20,EURCHF,EURCHF,0.94
2025-02-21,USDCHF,USDCHF,0.9
2025-02-21,EURCHF,EURCHF,0.94
2025-02-24,USDCHF,USDCHF,0.9
2025-02-24,EURCHF,EURCHF,0.94
2025-02-25,USDCHF,USDCHF,0.89
2025-02-25,EURCHF,EURCHF,0.94
2025-02-26,USDCHF,USDCHF,0.89
2025-02-26,EURCHF,EURCHF,0.94
2025-02-27,USDCHF,USDCHF,0.9
2025-02-27,EURCHF,EURCHF,0.94
2025-02-28,USDCHF,USDCHF,0.9
2025-02-28,EURCHF,EURCHF,0.94
2025-03-03,USDCHF,USDCHF,0.9
2025-03-03,EURCHF,EURCHF,0.94
2025-03-04,USDCHF,USDCHF,0.89
2025-03-04,EURCHF,EURCHF,0.94
2025-03-05,USDCHF,USDCHF,0.89
2025-03-05,EURCHF,EURCHF,0.96
2025-03-06,USDCHF,USDCHF,0.89
2025-03-06,EURCHF,EURCHF,0.96
2025-03-07,USDCHF,USDCHF,0.88
2025-03-07,EURCHF,EURCHF,0.96
2025-03-10,USDCHF,USDCHF,0.88
2025-03-10,EURCHF,EURCHF,0.96
2025-03-11,USDCHF,USDCHF,0.88
2025-03-11,EURCHF,EURCHF,0.96
2025-03-12,USDCHF,USDCHF,0.88
2025-03-12,EURCHF,EURCHF,0.96
2025-03-13,USDCHF,USDCHF,0.88
2025-03-13,EURCHF,EURCHF,0.96
2025-03-14,USDCHF,USDCHF,0.89
2025-03-14,EURCHF,EURCHF,0.96
2025-03-17,USDCHF,USDCHF,0.88
2025-03-17,EURCHF,EURCHF,0.96
2025-03-18,USDCHF,USDCHF,0.88
2025-03-18,EURCHF,EURCHF,0.96
2025-03-19,USDCHF,USDCHF,0.88
2025-03-19,EURCHF,EURCHF,0.96
2025-03-20,USDCHF,USDCHF,0.88
2025-03-20,EURCHF,EURCHF,0.96
2025-03-21,USDCHF,USDCHF,0.88
2025-03-21,EURCHF,EURCHF,0.95
2025-03-24,USDCHF,USDCHF,0.88
2025-03-24,EURCHF,EURCHF,0.95
2025-03-25,USDCHF,USDCHF,0.88
2025-03-25,EURCHF,EURCHF,0.95
2025-03-26,USDCHF,USDCHF,0.88
2025-03-26,EURCHF,EURCHF,0.95
2025-03-27,USDCHF,USDCHF,0.88
2025-03-27,EURCHF,EURCHF,0.95
2025-03-28,USDCHF,USDCHF,0.88
2025-03-28,EURCHF,EURCHF,0.95
2025-03-31,USDCHF,USDCHF,0.88
2025-03-31,EURCHF,EURCHF,0.96
2025-04-01,USDCHF,USDCHF,0.88
2025-04-01,EURCHF,EURCHF,0.95
2025-04-02,USDCHF,USDCHF,0.88
2025-04-02,EURCHF,EURCHF,0.96
2025-04-03,USDCHF,USDCHF,0.86
2025-04-03,EURCHF,EURCHF,0.95
2025-04-04,USDCHF,USDCHF,0.86
2025-04-04,EURCHF,EURCHF,0.94
2025-04-07,USDCHF,USDCHF,0.86
2025-04-07,EURCHF,EURCHF,0.94
2025-04-08,USDCHF,USDCHF,0.86
2025-04-08,EURCHF,EURCHF,0.94
2025-04-09,USDCHF,USDCHF,0.84
2025-04-09,EURCHF,EURCHF,0.93
2025-04-10,USDCHF,USDCHF,0.83
2025-04-10,EURCHF,EURCHF,0.93
2025-04-11,USDCHF,USDCHF,0.82
2025-04-11,EURCHF,EURCHF,0.92
2025-04-14,USDCHF,USDCHF,0.82
2025-04-14,EURCHF,EURCHF,0.93
2025-04-15,USDCHF,USDCHF,0.82
2025-04-15,EURCHF,EURCHF,0.93
2025-04-16,USDCHF,USDCHF,0.82
2025-04-16,EURCHF,EURCHF,0.93
2025-04-17,USDCHF,USDCHF,0.82
2025-04-17,EURCHF,EURCHF,0.93
2025-04-18,USDCHF,USDCHF,0.82
2025-04-18,EURCHF,EURCHF,0.93
2025-04-21,USDCHF,USDCHF,0.81
2025-04-21,EURCHF,EURCHF,0.93
2025-04-22,USDCHF,USDCHF,0.81
2025-04-22,EURCHF,EURCHF,0.93
2025-04-23,USDCHF,USDCHF,0.83
2025-04-23,EURCHF,EURCHF,0.94
2025-04-24,USDCHF,USDCHF,0.83
2025-04-24,EURCHF,EURCHF,0.94
2025-04-25,USDCHF,USDCHF,0.83
2025-04-25,EURCHF,EURCHF,0.94
2025-04-28,USDCHF,USDCHF,0.83
2025-04-28,EURCHF,EURCHF,0.94
2025-04-29,USDCHF,USDCHF,0.82
2025-04-29,EURCHF,EURCHF,0.94
2025-04-30,USDCHF,USDCHF,0.82
2025-04-30,EURCHF,EURCHF,0.93
2025-05-01,USDCHF,USDCHF,0.83
2025-05-01,EURCHF,EURCHF,0.94
2025-05-02,USDCHF,USDCHF,0.82
2025-05-02,EURCHF,EURCHF,0.94
2025-05-05,USDCHF,USDCHF,0.82
2025-05-05,EURCHF,EURCHF,0.93
2025-05-06,USDCHF,USDCHF,0.82
2025-05-06,EURCHF,EURCHF,0.93
2025-05-07,USDCHF,USDCHF,0.82
2025-05-07,EURCHF,EURCHF,0.93
2025-05-08,USDCHF,USDCHF,0.83
2025-05-08,EURCHF,EURCHF,0.93
2025-05-09,USDCHF,USDCHF,0.83
2025-05-09,EURCHF,EURCHF,0.93
2025-05-12,USDCHF,USDCHF,0.84
2025-05-12,EURCHF,EURCHF,0.94
2025-05-13,USDCHF,USDCHF,0.84
2025-05-13,EURCHF,EURCHF,0.94
2025-05-14,USDCHF,USDCHF,0.84
2025-05-14,EURCHF,EURCHF,0.94
2025-05-15,USDCHF,USDCHF,0.84
2025-05-15,EURCHF,EURCHF,0.94
2025-05-16,USDCHF,USDCHF,0.84
2025-05-16,EURCHF,EURCHF,0.94
2025-05-19,USDCHF,USDCHF,0.83
2025-05-19,EURCHF,EURCHF,0.94
2025-05-20,USDCHF,USDCHF,0.83
2025-05-20,EURCHF,EURCHF,0.94
2025-05-21,USDCHF,USDCHF,0.82
2025-05-21,EURCHF,EURCHF,0.94
2025-05-22,USDCHF,USDCHF,0.83
2025-05-22,EURCHF,EURCHF,0.93
2025-05-23,USDCHF,USDCHF,0.82
2025-05-23,EURCHF,EURCHF,0.93
2025-05-26,USDCHF,USDCHF,0.82
2025-05-26,EURCHF,EURCHF,0.93
2025-05-27,USDCHF,USDCHF,0.83
2025-05-27,EURCHF,EURCHF,0.94
2025-05-28,USDCHF,USDCHF,0.83
2025-05-28,EURCHF,EURCHF,0.93
2025-05-29,USDCHF,USDCHF,0.82
2025-05-29,EURCHF,EURCHF,0.94
2025-05-30,USDCHF,USDCHF,0.82
2025-05-30,EURCHF,EURCHF,0.93
2025-06-02,USDCHF,USDCHF,0.82
2025-06-02,EURCHF,EURCHF,0.93
2025-06-03,USDCHF,USDCHF,0.82
2025-06-03,EURCHF,EURCHF,0.94
2025-06-04,USDCHF,USDCHF,0.82
2025-06-04,EURCHF,EURCHF,0.94
2025-06-05,USDCHF,USDCHF,0.82
2025-06-05,EURCHF,EURCHF,0.94
2025-06-06,USDCHF,USDCHF,0.82
2025-06-06,EURCHF,EURCHF,0.94
2025-06-09,USDCHF,USDCHF,0.82
2025-06-09,EURCHF,EURCHF,0.94
2025-06-10,USDCHF,USDCHF,0.82
2025-06-10,EURCHF,EURCHF,0.94
2025-06-11,USDCHF,USDCHF,0.82
2025-06-11,EURCHF,EURCHF,0.94
2025-06-12,USDCHF,USDCHF,0.81
2025-06-12,EURCHF,EURCHF,0.94
2025-06-13,USDCHF,USDCHF,0.81
2025-06-13,EURCHF,EURCHF,0.94
2025-06-16,USDCHF,USDCHF,0.81
2025-06-16,EURCHF,EURCHF,0.94
2025-06-17,USDCHF,USDCHF,0.82
2025-06-17,EURCHF,EURCHF,0.94
2025-06-18,USDCHF,USDCHF,0.82
2025-06-18,EURCHF,EURCHF,0.94
2025-06-19,USDCHF,USDCHF,0.82
2025-06-19,EURCHF,EURCHF,0.94
2025-06-20,USDCHF,USDCHF,0.82
2025-06-20,EURCHF,EURCHF,0.94
2025-06-23,USDCHF,USDCHF,0.81
2025-06-23,EURCHF,EURCHF,0.94
2025-06-24,USDCHF,USDCHF,0.81
2025-06-24,EURCHF,EURCHF,0.94
2025-06-25,USDCHF,USDCHF,0.81
2025-06-25,EURCHF,EURCHF,0.94
2025-06-26,USDCHF,USDCHF,0.8
2025-06-26,EURCHF,EURCHF,0.94
2025-06-27,USDCHF,USDCHF,0.8
2025-06-27,EURCHF,EURCHF,0.94
2025-06-30,USDCHF,USDCHF,0.8
2025-06-30,EURCHF,EURCHF,0.93
2025-07-01,USDCHF,USDCHF,0.79
2025-07-01,EURCHF,EURCHF,0.93
2025-07-02,USDCHF,USDCHF,0.79
2025-07-02,EURCHF,EURCHF,0.93
2025-07-03,USDCHF,USDCHF,0.8
2025-07-03,EURCHF,EURCHF,0.94
2025-07-04,USDCHF,USDCHF,0.79
2025-07-04,EURCHF,EURCHF,0.93
2025-07-07,USDCHF,USDCHF,0.8
2025-07-07,EURCHF,EURCHF,0.94
2025-07-08,USDCHF,USDCHF,0.8
2025-07-08,EURCHF,EURCHF,0.93
2025-07-09,USDCHF,USDCHF,0.79
2025-07-09,EURCHF,EURCHF,0.93
2025-07-10,USDCHF,USDCHF,0.8
2025-07-10,EURCHF,EURCHF,0.93
2025-07-11,USDCHF,USDCHF,0.8
2025-07-11,EURCHF,EURCHF,0.93
2025-07-14,USDCHF,USDCHF,0.8
2025-07-14,EURCHF,EURCHF,0.93
2025-07-15,USDCHF,USDCHF,0.8
2025-07-15,EURCHF,EURCHF,0.93
2025-07-16,USDCHF,USDCHF,0.8
2025-07-16,EURCHF,EURCHF,0.93
2025-07-17,USDCHF,USDCHF,0.81
2025-07-17,EURCHF,EURCHF,0.93
2025-07-18,USDCHF,USDCHF,0.8
2025-07-18,EURCHF,EURCHF,0.93
2025-07-21,USDCHF,USDCHF,0.8
2025-07-21,EURCHF,EURCHF,0.93
2025-07-22,USDCHF,USDCHF,0.8
2025-07-22,EURCHF,EURCHF,0.93
2025-07-23,USDCHF,USDCHF,0.79
2025-07-23,EURCHF,EURCHF,0.93
2025-07-24,USDCHF,USDCHF,0.79
2025-07-24,EURCHF,EURCHF,0.94
2025-07-25,USDCHF,USDCHF,0.8
2025-07-25,EURCHF,EURCHF,0.93
2025-07-28,USDCHF,USDCHF,0.8
2025-07-28,EURCHF,EURCHF,0.93
2025-07-29,USDCHF,USDCHF,0.81
2025-07-29,EURCHF,EURCHF,0.93
2025-07-30,USDCHF,USDCHF,0.81
2025-07-30,EURCHF,EURCHF,0.93
2025-07-31,USDCHF,USDCHF,0.81
2025-07-31,EURCHF,EURCHF,0.93
2025-08-01,USDCHF,USDCHF,0.81
2025-08-01,EURCHF,EURCHF,0.93
2025-08-04,USDCHF,USDCHF,0.81
2025-08-04,EURCHF,EURCHF,0.93
2025-08-05,USDCHF,USDCHF,0.81
2025-08-05,EURCHF,EURCHF,0.93
2025-08-06,USDCHF,USDCHF,0.81
2025-08-06,EURCHF,EURCHF,0.94
2025-08-07,USDCHF,USDCHF,0.81
2025-08-07,EURCHF,EURCHF,0.94
2025-08-08,USDCHF,USDCHF,0.81
2025-08-08,EURCHF,EURCHF,0.94
2025-08-11,USDCHF,USDCHF,0.81
2025-08-11,EURCHF,EURCHF,0.94
2025-08-12,USDCHF,USDCHF,0.81
2025-08-12,EURCHF,EURCHF,0.94
2025-08-13,USDCHF,USDCHF,0.8
2025-08-13,EURCHF,EURCHF,0.94
2025-08-14,USDCHF,USDCHF,0.81
2025-08-14,EURCHF,EURCHF,0.94
2025-08-15,USDCHF,USDCHF,0.81
2025-08-15,EURCHF,EURCHF,0.94
2025-08-18,USDCHF,USDCHF,0.81
2025-08-18,EURCHF,EURCHF,0.94
2025-08-19,USDCHF,USDCHF,0.81
2025-08-19,EURCHF,EURCHF,0.94
2025-08-20,USDCHF,USDCHF,0.8
2025-08-20,EURCHF,EURCHF,0.94
2025-08-21,USDCHF,USDCHF,0.81
2025-08-21,EURCHF,EURCHF,0.94
2025-08-22,USDCHF,USDCHF,0.8
2025-08-22,EURCHF,EURCHF,0.94
2025-08-25,USDCHF,USDCHF,0.8
2025-08-25,EURCHF,EURCHF,0.94
2025-08-26,USDCHF,USDCHF,0.8
2025-08-26,EURCHF,EURCHF,0.94
2025-08-27,USDCHF,USDCHF,0.8
2025-08-27,EURCHF,EURCHF,0.93
2025-08-28,USDCHF,USDCHF,0.8
2025-08-28,EURCHF,EURCHF,0.94
2025-08-29,USDCHF,USDCHF,0.8
2025-08-29,EURCHF,EURCHF,0.94
2025-09-01,USDCHF,USDCHF,0.8
2025-09-01,EURCHF,EURCHF,0.94
2025-09-02,USDCHF,USDCHF,0.8
2025-09-02,EURCHF,EURCHF,0.94
2025-09-03,USDCHF,USDCHF,0.8
2025-09-03,EURCHF,EURCHF,0.94
2025-09-04,USDCHF,USDCHF,0.81
2025-09-04,EURCHF,EURCHF,0.94
2025-09-05,USDCHF,USDCHF,0.8
2025-09-05,EURCHF,EURCHF,0.94
2025-09-08,USDCHF,USDCHF,0.79
2025-09-08,EURCHF,EURCHF,0.93
2025-09-09,USDCHF,USDCHF,0.8
2025-09-09,EURCHF,EURCHF,0.93
2025-09-10,USDCHF,USDCHF,0.8
2025-09-10,EURCHF,EURCHF,0.93
2025-09-11,USDCHF,USDCHF,0.8
2025-09-11,EURCHF,EURCHF,0.93
2025-09-12,USDCHF,USDCHF,0.8
2025-09-12,EURCHF,EURCHF,0.93
2025-09-15,USDCHF,USDCHF,0.79
2025-09-15,EURCHF,EURCHF,0.93
2025-09-16,USDCHF,USDCHF,0.79
2025-09-16,EURCHF,EURCHF,0.93
2025-09-17,USDCHF,USDCHF,0.79
2025-09-17,EURCHF,EURCHF,0.93
2025-09-18,USDCHF,USDCHF,0.79
2025-09-18,EURCHF,EURCHF,0.93
2025-09-19,USDCHF,USDCHF,0.8
2025-09-19,EURCHF,EURCHF,0.93
2025-09-22,USDCHF,USDCHF,0.79
2025-09-22,EURCHF,EURCHF,0.93
2025-09-23,USDCHF,USDCHF,0.79
2025-09-23,EURCHF,EURCHF,0.94
2025-09-24,USDCHF,USDCHF,0.79
2025-09-24,EURCHF,EURCHF,0.93
2025-09-25,USDCHF,USDCHF,0.8
2025-09-25,EURCHF,EURCHF,0.93
2025-09-26,USDCHF,USDCHF,0.8
2025-09-26,EURCHF,EURCHF,0.93
2025-09-29,USDCHF,USDCHF,0.8
2025-09-29,EURCHF,EURCHF,0.94
2025-09-30,USDCHF,USDCHF,0.8
2025-09-30,EURCHF,EURCHF,0.93
2025-10-01,USDCHF,USDCHF,0.8
2025-10-01,EURCHF,EURCHF,0.94
2025-10-02,USDCHF,USDCHF,0.8
2025-10-02,EURCHF,EURCHF,0.94
2025-10-03,USDCHF,USDCHF,0.8
2025-10-03,EURCHF,EURCHF,0.93
2025-10-06,USDCHF,USDCHF,0.8
2025-10-06,EURCHF,EURCHF,0.93
2025-10-07,USDCHF,USDCHF,0.8
2025-10-07,EURCHF,EURCHF,0.93
2025-10-08,USDCHF,USDCHF,0.8
2025-10-08,EURCHF,EURCHF,0.93
2025-10-09,USDCHF,USDCHF,0.8
2025-10-09,EURCHF,EURCHF,0.93
2025-10-10,USDCHF,USDCHF,0.8
2025-10-10,EURCHF,EURCHF,0.93
2025-10-13,USDCHF,USDCHF,0.81
2025-10-13,EURCHF,EURCHF,0.93
2025-10-14,USDCHF,USDCHF,0.8
2025-10-14,EURCHF,EURCHF,0.93
2025-10-15,USDCHF,USDCHF,0.8
2025-10-15,EURCHF,EURCHF,0.93
2025-10-16,USDCHF,USDCHF,0.8
2025-10-16,EURCHF,EURCHF,0.93
2025-10-17,USDCHF,USDCHF,0.79
2025-10-17,EURCHF,EURCHF,0.92
2025-10-20,USDCHF,USDCHF,0.79
2025-10-20,EURCHF,EURCHF,0.92
2025-10-21,USDCHF,USDCHF,0.8
2025-10-21,EURCHF,EURCHF,0.92
2025-10-22,USDCHF,USDCHF,0.8
2025-10-22,EURCHF,EURCHF,0.92
2025-10-23,USDCHF,USDCHF,0.8
2025-10-23,EURCHF,EURCHF,0.92
2025-10-24,USDCHF,USDCHF,0.8
2025-10-24,EURCHF,EURCHF,0.92
2025-10-27,USDCHF,USDCHF,0.8
2025-10-27,EURCHF,EURCHF,0.93
2025-10-28,USDCHF,USDCHF,0.79
2025-10-28,EURCHF,EURCHF,0.92
2025-10-29,USDCHF,USDCHF,0.8
2025-10-29,EURCHF,EURCHF,0.93
2025-10-30,USDCHF,USDCHF,0.8
2025-10-30,EURCHF,EURCHF,0.93
2025-10-31,USDCHF,USDCHF,0.8
2025-10-31,EURCHF,EURCHF,0.93
2025-11-03,USDCHF,USDCHF,0.81
2025-11-03,EURCHF,EURCHF,0.93
2025-11-04,USDCHF,USDCHF,0.81
2025-11-04,EURCHF,EURCHF,0.93
2025-11-05,USDCHF,USDCHF,0.81
2025-11-05,EURCHF,EURCHF,0.93
2025-11-06,USDCHF,USDCHF,0.81
2025-11-06,EURCHF,EURCHF,0.93
2025-11-07,USDCHF,USDCHF,0.8
2025-11-07,EURCHF,EURCHF,0.93
2025-11-10,USDCHF,USDCHF,0.81
2025-11-10,EURCHF,EURCHF,0.93
2025-11-11,USDCHF,USDCHF,0.8
2025-11-11,EURCHF,EURCHF,0.93
2025-11-12,USDCHF,USDCHF,0.8
2025-11-12,EURCHF,EURCHF,0.92
2025-11-13,USDCHF,USDCHF,0.79
2025-11-13,EURCHF,EURCHF,0.92
2025-11-14,USDCHF,USDCHF,0.79
2025-11-14,EURCHF,EURCHF,0.92
2025-11-17,USDCHF,USDCHF,0.8
2025-11-17,EURCHF,EURCHF,0.92
2025-11-18,USDCHF,USDCHF,0.8
2025-11-18,EURCHF,EURCHF,0.92
2025-11-19,USDCHF,USDCHF,0.8
2025-11-19,EURCHF,EURCHF,0.93
2025-11-20,USDCHF,USDCHF,0.81
2025-11-20,EURCHF,EURCHF,0.93
2025-11-21,USDCHF,USDCHF,0.81
2025-11-21,EURCHF,EURCHF,0.93
2025-11-24,USDCHF,USDCHF,0.81
2025-11-24,EURCHF,EURCHF,0.93
2025-11-25,USDCHF,USDCHF,0.81
2025-11-25,EURCHF,EURCHF,0.93
2025-11-26,USDCHF,USDCHF,0.81
2025-11-26,EURCHF,EURCHF,0.93
2025-11-27,USDCHF,USDCHF,0.81
2025-11-27,EURCHF,EURCHF,0.93
2025-11-28,USDCHF,USDCHF,0.8
2025-11-28,EURCHF,EURCHF,0.93
2025-12-01,USDCHF,USDCHF,0.8
2025-12-01,EURCHF,EURCHF,0.93
2025-12-02,USDCHF,USDCHF,0.8
2025-12-02,EURCHF,EURCHF,0.93
2025-12-03,USDCHF,USDCHF,0.8
2025-12-03,EURCHF,EURCHF,0.93
2025-12-04,USDCHF,USDCHF,0.8
2025-12-04,EURCHF,EURCHF,0.93
2025-12-05,USDCHF,USDCHF,0.8
2025-12-05,EURCHF,EURCHF,0.94
2025-12-08,USDCHF,USDCHF,0.81
2025-12-08,EURCHF,EURCHF,0.94
2025-12-09,USDCHF,USDCHF,0.81
2025-12-09,EURCHF,EURCHF,0.94
2025-12-10,USDCHF,USDCHF,0.8
2025-12-10,EURCHF,EURCHF,0.93
2025-12-11,USDCHF,USDCHF,0.79
2025-12-11,EURCHF,EURCHF,0.93
2025-12-12,USDCHF,USDCHF,0.8
2025-12-12,EURCHF,EURCHF,0.93
2025-12-15,USDCHF,USDCHF,0.8
2025-12-15,EURCHF,EURCHF,0.94
2025-12-16,USDCHF,USDCHF,0.8
2025-12-16,EURCHF,EURCHF,0.94
2025-12-17,USDCHF,USDCHF,0.79
2025-12-17,EURCHF,EURCHF,0.93
2025-12-18,USDCHF,USDCHF,0.79
2025-12-18,EURCHF,EURCHF,0.93
2025-12-19,USDCHF,USDCHF,0.8
2025-12-19,EURCHF,EURCHF,0.93
2025-12-22,USDCHF,USDCHF,0.79
2025-12-22,EURCHF,EURCHF,0.93
2025-12-23,USDCHF,USDCHF,0.79
2025-12-23,EURCHF,EURCHF,0.93
2025-12-24,USDCHF,USDCHF,0.79
2025-12-24,EURCHF,EURCHF,0.93
2025-12-25,USDCHF,USDCHF,0.79
2025-12-25,EURCHF,EURCHF,0.93
2025-12-26,USDCHF,USDCHF,0.79
2025-12-26,EURCHF,EURCHF,0.93
2025-12-29,USDCHF,USDCHF,0.79
2025-12-29,EURCHF,EURCHF,0.93
2025-12-30,USDCHF,USDCHF,0.79
2025-12-30,EURCHF,EURCHF,0.93
2025-12-31,USDCHF,USDCHF,0.79
2025-12-31,EURCHF,EURCHF,0.93
2026-01-01,USDCHF,USDCHF,0.79
2026-01-01,EURCHF,EURCHF,0.93
2026-01-02,USDCHF,USDCHF,0.79
2026-01-02,EURCHF,EURCHF,0.93
2026-01-05,USDCHF,USDCHF,0.79
2026-01-05,EURCHF,EURCHF,0.93
2026-01-06,USDCHF,USDCHF,0.79
2026-01-06,EURCHF,EURCHF,0.93
2026-01-07,USDCHF,USDCHF,0.8
2026-01-07,EURCHF,EURCHF,0.93
2026-01-08,USDCHF,USDCHF,0.8
2026-01-08,EURCHF,EURCHF,0.93
2026-01-09,USDCHF,USDCHF,0.8
2026-01-09,EURCHF,EURCHF,0.93
2026-01-12,USDCHF,USDCHF,0.8
2026-01-12,EURCHF,EURCHF,0.93
2026-01-13,USDCHF,USDCHF,0.8
2026-01-13,EURCHF,EURCHF,0.93
2026-01-14,USDCHF,USDCHF,0.8
2026-01-14,EURCHF,EURCHF,0.93
2026-01-15,USDCHF,USDCHF,0.8
2026-01-15,EURCHF,EURCHF,0.93
2026-01-16,USDCHF,USDCHF,0.8
2026-01-16,EURCHF,EURCHF,0.93
2026-01-19,USDCHF,USDCHF,0.8
2026-01-19,EURCHF,EURCHF,0.93
2026-01-20,USDCHF,USDCHF,0.79
2026-01-20,EURCHF,EURCHF,0.93
2026-01-21,USDCHF,USDCHF,0.79
2026-01-21,EURCHF,EURCHF,0.93
2026-01-22,USDCHF,USDCHF,0.79
2026-01-22,EURCHF,EURCHF,0.93
2026-01-23,USDCHF,USDCHF,0.79
2026-01-23,EURCHF,EURCHF,0.93
2026-01-26,USDCHF,USDCHF,0.77
2026-01-26,EURCHF,EURCHF,0.92
2026-01-27,USDCHF,USDCHF,0.77
2026-01-27,EURCHF,EURCHF,0.92
2026-01-28,USDCHF,USDCHF,0.77
2026-01-28,EURCHF,EURCHF,0.92
2026-01-29,USDCHF,USDCHF,0.77
2026-01-29,EURCHF,EURCHF,0.92
2026-01-30,USDCHF,USDCHF,0.77
2026-01-30,EURCHF,EURCHF,0.92
2026-02-02,USDCHF,USDCHF,0.78
2026-02-02,EURCHF,EURCHF,0.92
2026-02-03,USDCHF,USDCHF,0.78
2026-02-03,EURCHF,EURCHF,0.92
2026-02-04,USDCHF,USDCHF,0.78
2026-02-04,EURCHF,EURCHF,0.92
2026-02-05,USDCHF,USDCHF,0.78
2026-02-05,EURCHF,EURCHF,0.92
2026-02-06,USDCHF,USDCHF,0.78
2026-02-06,EURCHF,EURCHF,0.92
2026-02-09,USDCHF,USDCHF,0.77
2026-02-09,EURCHF,EURCHF,0.91
2026-02-10,USDCHF,USDCHF,0.77
2026-02-10,EURCHF,EURCHF,0.91
2026-02-11,USDCHF,USDCHF,0.77
2026-02-11,EURCHF,EURCHF,0.92
2026-02-12,USDCHF,USDCHF,0.77
2026-02-12,EURCHF,EURCHF,0.91
2026-02-13,USDCHF,USDCHF,0.77
2026-02-13,EURCHF,EURCHF,0.91
2026-02-16,USDCHF,USDCHF,0.77
2026-02-16,EURCHF,EURCHF,0.91
2026-02-17,USDCHF,USDCHF,0.77
2026-02-17,EURCHF,EURCHF,0.91
