date,ticker,name,price
2006-02-17,GOLD-USD,Gold (USD),551.8
2006-02-17,GOLD-CHF,Gold (CHF),723.85
2006-02-21,GOLD-USD,Gold (USD),553.9
2006-02-21,GOLD-CHF,Gold (CHF),725.39
2006-02-22,GOLD-USD,Gold (USD),553.9
2006-02-22,GOLD-CHF,Gold (CHF),728.27
2006-02-23,GOLD-USD,Gold (USD),548.4
2006-02-23,GOLD-CHF,Gold (CHF),717.61
2006-02-24,GOLD-USD,Gold (USD),558.8
2006-02-24,GOLD-CHF,Gold (CHF),736.05
2006-02-27,GOLD-USD,Gold (USD),554.7
2006-02-27,GOLD-CHF,Gold (CHF),732.48
2006-02-28,GOLD-USD,Gold (USD),561.6
2006-02-28,GOLD-CHF,Gold (CHF),736.62
2006-03-01,GOLD-USD,Gold (USD),563.5
2006-03-01,GOLD-CHF,Gold (CHF),738.72
2006-03-02,GOLD-USD,Gold (USD),568.2
2006-03-02,GOLD-CHF,Gold (CHF),742.44
2006-03-03,GOLD-USD,Gold (USD),566.0
2006-03-03,GOLD-CHF,Gold (CHF),736.62
2006-03-06,GOLD-USD,Gold (USD),554.9
2006-03-06,GOLD-CHF,Gold (CHF),721.09
2006-03-07,GOLD-USD,Gold (USD),552.7
2006-03-07,GOLD-CHF,Gold (CHF),725.64
2006-03-08,GOLD-USD,Gold (USD),542.5
2006-03-08,GOLD-CHF,Gold (CHF),710.21
2006-03-09,GOLD-USD,Gold (USD),545.5
2006-03-09,GOLD-CHF,Gold (CHF),716.19
2006-03-10,GOLD-USD,Gold (USD),539.9
2006-03-10,GOLD-CHF,Gold (CHF),712.88
2006-03-13,GOLD-USD,Gold (USD),546.1
2006-03-13,GOLD-CHF,Gold (CHF),718.64
2006-03-14,GOLD-USD,Gold (USD),551.7
2006-03-14,GOLD-CHF,Gold (CHF),718.7
2006-03-15,GOLD-USD,Gold (USD),553.1
2006-03-15,GOLD-CHF,Gold (CHF),719.89
2006-03-16,GOLD-USD,Gold (USD),554.4
2006-03-16,GOLD-CHF,Gold (CHF),716.78
2006-03-17,GOLD-USD,Gold (USD),554.1
2006-03-17,GOLD-CHF,Gold (CHF),716.17
2006-03-20,GOLD-USD,Gold (USD),555.2
2006-03-20,GOLD-CHF,Gold (CHF),716.46
2006-03-21,GOLD-USD,Gold (USD),552.4
2006-03-21,GOLD-CHF,Gold (CHF),719.28
2006-03-22,GOLD-USD,Gold (USD),550.9
2006-03-22,GOLD-CHF,Gold (CHF),717.66
2006-03-23,GOLD-USD,Gold (USD),550.1
2006-03-23,GOLD-CHF,Gold (CHF),724.29
2006-03-24,GOLD-USD,Gold (USD),560.0
2006-03-24,GOLD-CHF,Gold (CHF),734.69
2006-03-27,GOLD-USD,Gold (USD),567.0
2006-03-27,GOLD-CHF,Gold (CHF),741.75
2006-03-28,GOLD-USD,Gold (USD),566.6
2006-03-28,GOLD-CHF,Gold (CHF),736.78
2006-03-29,GOLD-USD,Gold (USD),573.0
2006-03-29,GOLD-CHF,Gold (CHF),751.58
2006-03-30,GOLD-USD,Gold (USD),586.7
2006-03-30,GOLD-CHF,Gold (CHF),761.68
2006-03-31,GOLD-USD,Gold (USD),581.8
2006-03-31,GOLD-CHF,Gold (CHF),760.33
2006-04-03,GOLD-USD,Gold (USD),589.4
2006-04-03,GOLD-CHF,Gold (CHF),769.64
2006-04-04,GOLD-USD,Gold (USD),586.0
2006-04-04,GOLD-CHF,Gold (CHF),755.56
2006-04-05,GOLD-USD,Gold (USD),587.9
2006-04-05,GOLD-CHF,Gold (CHF),756.16
2006-04-06,GOLD-USD,Gold (USD),595.2
2006-04-06,GOLD-CHF,Gold (CHF),767.36
2006-04-07,GOLD-USD,Gold (USD),588.4
2006-04-07,GOLD-CHF,Gold (CHF),765.98
2006-04-10,GOLD-USD,Gold (USD),597.6
2006-04-10,GOLD-CHF,Gold (CHF),778.34
2006-04-11,GOLD-USD,Gold (USD),595.2
2006-04-11,GOLD-CHF,Gold (CHF),773.46
2006-04-12,GOLD-USD,Gold (USD),597.5
2006-04-12,GOLD-CHF,Gold (CHF),776.48
2006-04-13,GOLD-USD,Gold (USD),596.5
2006-04-13,GOLD-CHF,Gold (CHF),775.54
2006-04-17,GOLD-USD,Gold (USD),615.4
2006-04-17,GOLD-CHF,Gold (CHF),785.84
2006-04-18,GOLD-USD,Gold (USD),620.0
2006-04-18,GOLD-CHF,Gold (CHF),790.22
2006-04-19,GOLD-USD,Gold (USD),632.6
2006-04-19,GOLD-CHF,Gold (CHF),804.16
2006-04-20,GOLD-USD,Gold (USD),619.8
2006-04-20,GOLD-CHF,Gold (CHF),793.07
2006-04-21,GOLD-USD,Gold (USD),632.2
2006-04-21,GOLD-CHF,Gold (CHF),806.59
2006-04-24,GOLD-USD,Gold (USD),620.6
2006-04-24,GOLD-CHF,Gold (CHF),788.97
2006-04-25,GOLD-USD,Gold (USD),631.0
2006-04-25,GOLD-CHF,Gold (CHF),800.9
2006-04-26,GOLD-USD,Gold (USD),638.8
2006-04-26,GOLD-CHF,Gold (CHF),810.99
2006-04-27,GOLD-USD,Gold (USD),633.3
2006-04-27,GOLD-CHF,Gold (CHF),797.86
2006-04-28,GOLD-USD,Gold (USD),651.8
2006-04-28,GOLD-CHF,Gold (CHF),810.68
2006-05-01,GOLD-USD,Gold (USD),657.5
2006-05-01,GOLD-CHF,Gold (CHF),812.93
2006-05-02,GOLD-USD,Gold (USD),664.7
2006-05-02,GOLD-CHF,Gold (CHF),821.34
2006-05-03,GOLD-USD,Gold (USD),665.9
2006-05-03,GOLD-CHF,Gold (CHF),824.42
2006-05-04,GOLD-USD,Gold (USD),674.2
2006-05-04,GOLD-CHF,Gold (CHF),829.27
2006-05-05,GOLD-USD,Gold (USD),682.2
2006-05-05,GOLD-CHF,Gold (CHF),835.46
2006-05-08,GOLD-USD,Gold (USD),677.8
2006-05-08,GOLD-CHF,Gold (CHF),832.44
2006-05-09,GOLD-USD,Gold (USD),699.4
2006-05-09,GOLD-CHF,Gold (CHF),853.86
2006-05-10,GOLD-USD,Gold (USD),703.7
2006-05-10,GOLD-CHF,Gold (CHF),857.99
2006-05-11,GOLD-USD,Gold (USD),719.8
2006-05-11,GOLD-CHF,Gold (CHF),874.49
2006-05-12,GOLD-USD,Gold (USD),710.3
2006-05-12,GOLD-CHF,Gold (CHF),854.38
2006-05-15,GOLD-USD,Gold (USD),683.6
2006-05-15,GOLD-CHF,Gold (CHF),826.06
2006-05-16,GOLD-USD,Gold (USD),691.5
2006-05-16,GOLD-CHF,Gold (CHF),835.54
2006-05-17,GOLD-USD,Gold (USD),690.5
2006-05-17,GOLD-CHF,Gold (CHF),837.23
2006-05-18,GOLD-USD,Gold (USD),679.6
2006-05-18,GOLD-CHF,Gold (CHF),822.55
2006-05-19,GOLD-USD,Gold (USD),656.7
2006-05-19,GOLD-CHF,Gold (CHF),803.31
2006-05-22,GOLD-USD,Gold (USD),657.0
2006-05-22,GOLD-CHF,Gold (CHF),794.21
2006-05-23,GOLD-USD,Gold (USD),673.0
2006-05-23,GOLD-CHF,Gold (CHF),813.22
2006-05-24,GOLD-USD,Gold (USD),637.0
2006-05-24,GOLD-CHF,Gold (CHF),775.87
2006-05-25,GOLD-USD,Gold (USD),648.4
2006-05-25,GOLD-CHF,Gold (CHF),789.75
2006-05-26,GOLD-USD,Gold (USD),650.9
2006-05-26,GOLD-CHF,Gold (CHF),799.47
2006-05-30,GOLD-USD,Gold (USD),653.9
2006-05-30,GOLD-CHF,Gold (CHF),790.66
2006-05-31,GOLD-USD,Gold (USD),642.5
2006-05-31,GOLD-CHF,Gold (CHF),780.64
2006-06-01,GOLD-USD,Gold (USD),627.6
2006-06-01,GOLD-CHF,Gold (CHF),764.64
2006-06-02,GOLD-USD,Gold (USD),635.5
2006-06-02,GOLD-CHF,Gold (CHF),766.76
2006-06-05,GOLD-USD,Gold (USD),643.2
2006-06-05,GOLD-CHF,Gold (CHF),774.61
2006-06-06,GOLD-USD,Gold (USD),629.4
2006-06-06,GOLD-CHF,Gold (CHF),766.29
2006-06-07,GOLD-USD,Gold (USD),627.4
2006-06-07,GOLD-CHF,Gold (CHF),767.31
2006-06-08,GOLD-USD,Gold (USD),609.1
2006-06-08,GOLD-CHF,Gold (CHF),752.21
2006-06-09,GOLD-USD,Gold (USD),608.2
2006-06-09,GOLD-CHF,Gold (CHF),748.24
2006-06-12,GOLD-USD,Gold (USD),606.8
2006-06-12,GOLD-CHF,Gold (CHF),749.22
2006-06-13,GOLD-USD,Gold (USD),562.5
2006-06-13,GOLD-CHF,Gold (CHF),695.19
2006-06-14,GOLD-USD,Gold (USD),562.3
2006-06-14,GOLD-CHF,Gold (CHF),691.26
2006-06-15,GOLD-USD,Gold (USD),566.5
2006-06-15,GOLD-CHF,Gold (CHF),696.99
2006-06-16,GOLD-USD,Gold (USD),578.0
2006-06-16,GOLD-CHF,Gold (CHF),712.18
2006-06-19,GOLD-USD,Gold (USD),568.8
2006-06-19,GOLD-CHF,Gold (CHF),706.71
2006-06-20,GOLD-USD,Gold (USD),576.9
2006-06-20,GOLD-CHF,Gold (CHF),715.1
2006-06-21,GOLD-USD,Gold (USD),587.5
2006-06-21,GOLD-CHF,Gold (CHF),725.74
2006-06-22,GOLD-USD,Gold (USD),582.2
2006-06-22,GOLD-CHF,Gold (CHF),723.53
2006-06-23,GOLD-USD,Gold (USD),584.8
2006-06-23,GOLD-CHF,Gold (CHF),729.63
2006-06-26,GOLD-USD,Gold (USD),584.8
2006-06-26,GOLD-CHF,Gold (CHF),728.98
2006-06-27,GOLD-USD,Gold (USD),581.6
2006-06-27,GOLD-CHF,Gold (CHF),723.05
2006-06-28,GOLD-USD,Gold (USD),578.3
2006-06-28,GOLD-CHF,Gold (CHF),721.83
2006-06-29,GOLD-USD,Gold (USD),586.5
2006-06-29,GOLD-CHF,Gold (CHF),732.1
2006-06-30,GOLD-USD,Gold (USD),613.5
2006-06-30,GOLD-CHF,Gold (CHF),751.54
2006-07-03,GOLD-USD,Gold (USD),613.5
2006-07-03,GOLD-CHF,Gold (CHF),750.83
2006-07-05,GOLD-USD,Gold (USD),627.3
2006-07-05,GOLD-CHF,Gold (CHF),774.4
2006-07-06,GOLD-USD,Gold (USD),634.1
2006-07-06,GOLD-CHF,Gold (CHF),780.42
2006-07-07,GOLD-USD,Gold (USD),632.8
2006-07-07,GOLD-CHF,Gold (CHF),773.19
2006-07-10,GOLD-USD,Gold (USD),624.1
2006-07-10,GOLD-CHF,Gold (CHF),768.17
2006-07-11,GOLD-USD,Gold (USD),641.2
2006-07-11,GOLD-CHF,Gold (CHF),787.94
2006-07-12,GOLD-USD,Gold (USD),649.4
2006-07-12,GOLD-CHF,Gold (CHF),802.82
2006-07-13,GOLD-USD,Gold (USD),652.9
2006-07-13,GOLD-CHF,Gold (CHF),803.33
2006-07-14,GOLD-USD,Gold (USD),666.6
2006-07-14,GOLD-CHF,Gold (CHF),824.42
2006-07-17,GOLD-USD,Gold (USD),650.6
2006-07-17,GOLD-CHF,Gold (CHF),812.18
2006-07-18,GOLD-USD,Gold (USD),628.3
2006-07-18,GOLD-CHF,Gold (CHF),787.57
2006-07-19,GOLD-USD,Gold (USD),641.6
2006-07-19,GOLD-CHF,Gold (CHF),801.23
2006-07-20,GOLD-USD,Gold (USD),631.7
2006-07-20,GOLD-CHF,Gold (CHF),784.95
2006-07-21,GOLD-USD,Gold (USD),619.6
2006-07-21,GOLD-CHF,Gold (CHF),766.51
2006-07-24,GOLD-USD,Gold (USD),612.7
2006-07-24,GOLD-CHF,Gold (CHF),763.85
2006-07-25,GOLD-USD,Gold (USD),617.6
2006-07-25,GOLD-CHF,Gold (CHF),770.76
2006-07-26,GOLD-USD,Gold (USD),621.6
2006-07-26,GOLD-CHF,Gold (CHF),776.53
2006-07-27,GOLD-USD,Gold (USD),632.4
2006-07-27,GOLD-CHF,Gold (CHF),781.14
2006-07-28,GOLD-USD,Gold (USD),634.8
2006-07-28,GOLD-CHF,Gold (CHF),781.91
2006-07-31,GOLD-USD,Gold (USD),634.2
2006-07-31,GOLD-CHF,Gold (CHF),780.92
2006-08-01,GOLD-USD,Gold (USD),646.3
2006-08-01,GOLD-CHF,Gold (CHF),798.7
2006-08-02,GOLD-USD,Gold (USD),651.6
2006-08-02,GOLD-CHF,Gold (CHF),800.16
2006-08-03,GOLD-USD,Gold (USD),644.9
2006-08-03,GOLD-CHF,Gold (CHF),794.55
2006-08-04,GOLD-USD,Gold (USD),644.0
2006-08-04,GOLD-CHF,Gold (CHF),786.65
2006-08-07,GOLD-USD,Gold (USD),647.8
2006-08-07,GOLD-CHF,Gold (CHF),791.97
2006-08-08,GOLD-USD,Gold (USD),645.7
2006-08-08,GOLD-CHF,Gold (CHF),791.85
2006-08-09,GOLD-USD,Gold (USD),650.5
2006-08-09,GOLD-CHF,Gold (CHF),795.2
2006-08-10,GOLD-USD,Gold (USD),634.9
2006-08-10,GOLD-CHF,Gold (CHF),784.7
2006-08-11,GOLD-USD,Gold (USD),633.5
2006-08-11,GOLD-CHF,Gold (CHF),783.54
2006-08-14,GOLD-USD,Gold (USD),628.5
2006-08-14,GOLD-CHF,Gold (CHF),779.59
2006-08-15,GOLD-USD,Gold (USD),622.5
2006-08-15,GOLD-CHF,Gold (CHF),769.81
2006-08-16,GOLD-USD,Gold (USD),628.7
2006-08-16,GOLD-CHF,Gold (CHF),772.08
2006-08-17,GOLD-USD,Gold (USD),615.4
2006-08-17,GOLD-CHF,Gold (CHF),755.8
2006-08-18,GOLD-USD,Gold (USD),612.1
2006-08-18,GOLD-CHF,Gold (CHF),754.6
2006-08-21,GOLD-USD,Gold (USD),625.7
2006-08-21,GOLD-CHF,Gold (CHF),764.54
2006-08-22,GOLD-USD,Gold (USD),624.6
2006-08-22,GOLD-CHF,Gold (CHF),770.23
2006-08-23,GOLD-USD,Gold (USD),623.7
2006-08-23,GOLD-CHF,Gold (CHF),769.74
2006-08-24,GOLD-USD,Gold (USD),619.5
2006-08-24,GOLD-CHF,Gold (CHF),764.93
2006-08-25,GOLD-USD,Gold (USD),622.0
2006-08-25,GOLD-CHF,Gold (CHF),771.5
2006-08-28,GOLD-USD,Gold (USD),615.3
2006-08-28,GOLD-CHF,Gold (CHF),760.05
2006-08-29,GOLD-USD,Gold (USD),610.7
2006-08-29,GOLD-CHF,Gold (CHF),755.44
2006-08-30,GOLD-USD,Gold (USD),617.7
2006-08-30,GOLD-CHF,Gold (CHF),759.06
2006-08-31,GOLD-USD,Gold (USD),625.9
2006-08-31,GOLD-CHF,Gold (CHF),771.7
2006-09-01,GOLD-USD,Gold (USD),624.4
2006-09-01,GOLD-CHF,Gold (CHF),770.35
2006-09-05,GOLD-USD,Gold (USD),638.5
2006-09-05,GOLD-CHF,Gold (CHF),788.58
2006-09-06,GOLD-USD,Gold (USD),633.5
2006-09-06,GOLD-CHF,Gold (CHF),784.18
2006-09-07,GOLD-USD,Gold (USD),617.0
2006-09-07,GOLD-CHF,Gold (CHF),766.9
2006-09-08,GOLD-USD,Gold (USD),609.6
2006-09-08,GOLD-CHF,Gold (CHF),761.36
2006-09-11,GOLD-USD,Gold (USD),590.0
2006-09-11,GOLD-CHF,Gold (CHF),734.61
2006-09-12,GOLD-USD,Gold (USD),587.0
2006-09-12,GOLD-CHF,Gold (CHF),732.66
2006-09-13,GOLD-USD,Gold (USD),589.1
2006-09-13,GOLD-CHF,Gold (CHF),737.58
2006-09-14,GOLD-USD,Gold (USD),579.3
2006-09-14,GOLD-CHF,Gold (CHF),722.18
2006-09-15,GOLD-USD,Gold (USD),576.4
2006-09-15,GOLD-CHF,Gold (CHF),725.37
2006-09-18,GOLD-USD,Gold (USD),586.2
2006-09-18,GOLD-CHF,Gold (CHF),734.19
2006-09-19,GOLD-USD,Gold (USD),576.8
2006-09-19,GOLD-CHF,Gold (CHF),720.77
2006-09-20,GOLD-USD,Gold (USD),580.0
2006-09-20,GOLD-CHF,Gold (CHF),724.8
2006-09-21,GOLD-USD,Gold (USD),582.2
2006-09-21,GOLD-CHF,Gold (CHF),728.45
2006-09-22,GOLD-USD,Gold (USD),589.4
2006-09-22,GOLD-CHF,Gold (CHF),727.64
2006-09-25,GOLD-USD,Gold (USD),589.9
2006-09-25,GOLD-CHF,Gold (CHF),730.44
2006-09-26,GOLD-USD,Gold (USD),591.2
2006-09-26,GOLD-CHF,Gold (CHF),735.78
2006-09-27,GOLD-USD,Gold (USD),597.3
2006-09-27,GOLD-CHF,Gold (CHF),743.37
2006-09-28,GOLD-USD,Gold (USD),605.0
2006-09-28,GOLD-CHF,Gold (CHF),755.19
2006-09-29,GOLD-USD,Gold (USD),598.6
2006-09-29,GOLD-CHF,Gold (CHF),750.61
2006-10-02,GOLD-USD,Gold (USD),597.7
2006-10-02,GOLD-CHF,Gold (CHF),742.55
2006-10-03,GOLD-USD,Gold (USD),576.3
2006-10-03,GOLD-CHF,Gold (CHF),717.15
2006-10-04,GOLD-USD,Gold (USD),562.0
2006-10-04,GOLD-CHF,Gold (CHF),703.26
2006-10-05,GOLD-USD,Gold (USD),571.0
2006-10-05,GOLD-CHF,Gold (CHF),715.49
2006-10-06,GOLD-USD,Gold (USD),572.4
2006-10-06,GOLD-CHF,Gold (CHF),722.0
2006-10-09,GOLD-USD,Gold (USD),578.4
2006-10-09,GOLD-CHF,Gold (CHF),729.22
2006-10-10,GOLD-USD,Gold (USD),571.9
2006-10-10,GOLD-CHF,Gold (CHF),725.6
2006-10-11,GOLD-USD,Gold (USD),572.3
2006-10-11,GOLD-CHF,Gold (CHF),726.96
2006-10-12,GOLD-USD,Gold (USD),576.3
2006-10-12,GOLD-CHF,Gold (CHF),732.25
2006-10-13,GOLD-USD,Gold (USD),588.8
2006-10-13,GOLD-CHF,Gold (CHF),750.98
2006-10-16,GOLD-USD,Gold (USD),594.7
2006-10-16,GOLD-CHF,Gold (CHF),756.34
2006-10-17,GOLD-USD,Gold (USD),589.7
2006-10-17,GOLD-CHF,Gold (CHF),747.36
2006-10-18,GOLD-USD,Gold (USD),588.9
2006-10-18,GOLD-CHF,Gold (CHF),749.17
2006-10-19,GOLD-USD,Gold (USD),599.0
2006-10-19,GOLD-CHF,Gold (CHF),755.85
2006-10-20,GOLD-USD,Gold (USD),593.0
2006-10-20,GOLD-CHF,Gold (CHF),747.15
2006-10-23,GOLD-USD,Gold (USD),579.7
2006-10-23,GOLD-CHF,Gold (CHF),734.71
2006-10-24,GOLD-USD,Gold (USD),584.4
2006-10-24,GOLD-CHF,Gold (CHF),741.4
2006-10-25,GOLD-USD,Gold (USD),587.6
2006-10-25,GOLD-CHF,Gold (CHF),743.64
2006-10-26,GOLD-USD,Gold (USD),596.8
2006-10-26,GOLD-CHF,Gold (CHF),750.39
2006-10-27,GOLD-USD,Gold (USD),598.2
2006-10-27,GOLD-CHF,Gold (CHF),747.78
2006-10-30,GOLD-USD,Gold (USD),604.7
2006-10-30,GOLD-CHF,Gold (CHF),755.3
2006-10-31,GOLD-USD,Gold (USD),604.1
2006-10-31,GOLD-CHF,Gold (CHF),751.41
2006-11-01,GOLD-USD,Gold (USD),616.6
2006-11-01,GOLD-CHF,Gold (CHF),766.43
2006-11-02,GOLD-USD,Gold (USD),625.4
2006-11-02,GOLD-CHF,Gold (CHF),778.62
2006-11-03,GOLD-USD,Gold (USD),626.9
2006-11-03,GOLD-CHF,Gold (CHF),786.79
2006-11-06,GOLD-USD,Gold (USD),625.8
2006-11-06,GOLD-CHF,Gold (CHF),786.6
2006-11-07,GOLD-USD,Gold (USD),625.7
2006-11-07,GOLD-CHF,Gold (CHF),780.09
2006-11-08,GOLD-USD,Gold (USD),616.4
2006-11-08,GOLD-CHF,Gold (CHF),771.15
2006-11-09,GOLD-USD,Gold (USD),635.0
2006-11-09,GOLD-CHF,Gold (CHF),791.94
2006-11-10,GOLD-USD,Gold (USD),628.4
2006-11-10,GOLD-CHF,Gold (CHF),778.43
2006-11-13,GOLD-USD,Gold (USD),624.2
2006-11-13,GOLD-CHF,Gold (CHF),776.19
2006-11-14,GOLD-USD,Gold (USD),623.8
2006-11-14,GOLD-CHF,Gold (CHF),776.23
2006-11-15,GOLD-USD,Gold (USD),622.5
2006-11-15,GOLD-CHF,Gold (CHF),776.6
2006-11-16,GOLD-USD,Gold (USD),620.6
2006-11-16,GOLD-CHF,Gold (CHF),774.26
2006-11-17,GOLD-USD,Gold (USD),621.5
2006-11-17,GOLD-CHF,Gold (CHF),773.18
2006-11-20,GOLD-USD,Gold (USD),621.2
2006-11-20,GOLD-CHF,Gold (CHF),771.84
2006-11-21,GOLD-USD,Gold (USD),628.2
2006-11-21,GOLD-CHF,Gold (CHF),779.69
2006-11-22,GOLD-USD,Gold (USD),628.7
2006-11-22,GOLD-CHF,Gold (CHF),772.23
2006-11-24,GOLD-USD,Gold (USD),628.7
2006-11-24,GOLD-CHF,Gold (CHF),760.7
2006-11-27,GOLD-USD,Gold (USD),640.4
2006-11-27,GOLD-CHF,Gold (CHF),773.86
2006-11-28,GOLD-USD,Gold (USD),637.2
2006-11-28,GOLD-CHF,Gold (CHF),769.93
2006-11-29,GOLD-USD,Gold (USD),635.5
2006-11-29,GOLD-CHF,Gold (CHF),768.48
2006-11-30,GOLD-USD,Gold (USD),646.9
2006-11-30,GOLD-CHF,Gold (CHF),775.02
2006-12-01,GOLD-USD,Gold (USD),644.7
2006-12-01,GOLD-CHF,Gold (CHF),768.51
2006-12-04,GOLD-USD,Gold (USD),645.2
2006-12-04,GOLD-CHF,Gold (CHF),770.98
2006-12-05,GOLD-USD,Gold (USD),642.3
2006-12-05,GOLD-CHF,Gold (CHF),766.01
2006-12-06,GOLD-USD,Gold (USD),630.5
2006-12-06,GOLD-CHF,Gold (CHF),751.65
2006-12-07,GOLD-USD,Gold (USD),631.9
2006-12-07,GOLD-CHF,Gold (CHF),754.9
2006-12-08,GOLD-USD,Gold (USD),626.1
2006-12-08,GOLD-CHF,Gold (CHF),747.25
2006-12-11,GOLD-USD,Gold (USD),630.0
2006-12-11,GOLD-CHF,Gold (CHF),758.33
2006-12-12,GOLD-USD,Gold (USD),627.0
2006-12-12,GOLD-CHF,Gold (CHF),753.94
2006-12-13,GOLD-USD,Gold (USD),627.9
2006-12-13,GOLD-CHF,Gold (CHF),756.96
2006-12-14,GOLD-USD,Gold (USD),626.6
2006-12-14,GOLD-CHF,Gold (CHF),760.47
2006-12-15,GOLD-USD,Gold (USD),615.0
2006-12-15,GOLD-CHF,Gold (CHF),750.98
2006-12-18,GOLD-USD,Gold (USD),614.0
2006-12-18,GOLD-CHF,Gold (CHF),751.97
2006-12-19,GOLD-USD,Gold (USD),621.6
2006-12-19,GOLD-CHF,Gold (CHF),756.46
2006-12-20,GOLD-USD,Gold (USD),620.6
2006-12-20,GOLD-CHF,Gold (CHF),755.3
2006-12-21,GOLD-USD,Gold (USD),618.2
2006-12-21,GOLD-CHF,Gold (CHF),752.6
2006-12-22,GOLD-USD,Gold (USD),619.1
2006-12-22,GOLD-CHF,Gold (CHF),754.22
2006-12-26,GOLD-USD,Gold (USD),623.7
2006-12-26,GOLD-CHF,Gold (CHF),760.95
2006-12-27,GOLD-USD,Gold (USD),627.2
2006-12-27,GOLD-CHF,Gold (CHF),768.54
2006-12-28,GOLD-USD,Gold (USD),634.1
2006-12-28,GOLD-CHF,Gold (CHF),774.93
2006-12-29,GOLD-USD,Gold (USD),635.2
2006-12-29,GOLD-CHF,Gold (CHF),775.39
2007-01-03,GOLD-USD,Gold (USD),627.1
2007-01-03,GOLD-CHF,Gold (CHF),767.38
2007-01-04,GOLD-USD,Gold (USD),623.9
2007-01-04,GOLD-CHF,Gold (CHF),767.9
2007-01-05,GOLD-USD,Gold (USD),604.9
2007-01-05,GOLD-CHF,Gold (CHF),749.08
2007-01-08,GOLD-USD,Gold (USD),607.5
2007-01-08,GOLD-CHF,Gold (CHF),751.48
2007-01-09,GOLD-USD,Gold (USD),613.1
2007-01-09,GOLD-CHF,Gold (CHF),760.89
2007-01-10,GOLD-USD,Gold (USD),611.6
2007-01-10,GOLD-CHF,Gold (CHF),762.02
2007-01-11,GOLD-USD,Gold (USD),612.4
2007-01-11,GOLD-CHF,Gold (CHF),765.22
2007-01-12,GOLD-USD,Gold (USD),625.5
2007-01-12,GOLD-CHF,Gold (CHF),780.0
2007-01-16,GOLD-USD,Gold (USD),624.6
2007-01-16,GOLD-CHF,Gold (CHF),779.63
2007-01-17,GOLD-USD,Gold (USD),632.1
2007-01-17,GOLD-CHF,Gold (CHF),787.38
2007-01-18,GOLD-USD,Gold (USD),627.1
2007-01-18,GOLD-CHF,Gold (CHF),783.03
2007-01-19,GOLD-USD,Gold (USD),635.5
2007-01-19,GOLD-CHF,Gold (CHF),794.38
2007-01-22,GOLD-USD,Gold (USD),633.3
2007-01-22,GOLD-CHF,Gold (CHF),790.68
2007-01-23,GOLD-USD,Gold (USD),645.2
2007-01-23,GOLD-CHF,Gold (CHF),799.76
2007-01-24,GOLD-USD,Gold (USD),647.6
2007-01-24,GOLD-CHF,Gold (CHF),808.3
2007-01-25,GOLD-USD,Gold (USD),647.8
2007-01-25,GOLD-CHF,Gold (CHF),806.35
2007-01-26,GOLD-USD,Gold (USD),644.5
2007-01-26,GOLD-CHF,Gold (CHF),807.95
2007-01-29,GOLD-USD,Gold (USD),643.1
2007-01-29,GOLD-CHF,Gold (CHF),806.8
2007-01-30,GOLD-USD,Gold (USD),644.2
2007-01-30,GOLD-CHF,Gold (CHF),807.02
2007-01-31,GOLD-USD,Gold (USD),652.0
2007-01-31,GOLD-CHF,Gold (CHF),813.57
2007-02-01,GOLD-USD,Gold (USD),657.4
2007-02-01,GOLD-CHF,Gold (CHF),817.08
2007-02-02,GOLD-USD,Gold (USD),646.2
2007-02-02,GOLD-CHF,Gold (CHF),805.33
2007-02-05,GOLD-USD,Gold (USD),650.9
2007-02-05,GOLD-CHF,Gold (CHF),812.49
2007-02-06,GOLD-USD,Gold (USD),653.6
2007-02-06,GOLD-CHF,Gold (CHF),813.27
2007-02-07,GOLD-USD,Gold (USD),652.3
2007-02-07,GOLD-CHF,Gold (CHF),808.56
2007-02-08,GOLD-USD,Gold (USD),658.0
2007-02-08,GOLD-CHF,Gold (CHF),819.64
2007-02-09,GOLD-USD,Gold (USD),667.5
2007-02-09,GOLD-CHF,Gold (CHF),834.14
2007-02-12,GOLD-USD,Gold (USD),662.6
2007-02-12,GOLD-CHF,Gold (CHF),829.91
2007-02-13,GOLD-USD,Gold (USD),663.9
2007-02-13,GOLD-CHF,Gold (CHF),829.71
2007-02-14,GOLD-USD,Gold (USD),667.4
2007-02-14,GOLD-CHF,Gold (CHF),828.01
2007-02-15,GOLD-USD,Gold (USD),667.3
2007-02-15,GOLD-CHF,Gold (CHF),824.42
2007-02-16,GOLD-USD,Gold (USD),668.8
2007-02-16,GOLD-CHF,Gold (CHF),826.54
2007-02-20,GOLD-USD,Gold (USD),657.1
2007-02-20,GOLD-CHF,Gold (CHF),811.91
2007-02-21,GOLD-USD,Gold (USD),680.2
2007-02-21,GOLD-CHF,Gold (CHF),842.53
2007-02-22,GOLD-USD,Gold (USD),679.4
2007-02-22,GOLD-CHF,Gold (CHF),843.81
2007-02-23,GOLD-USD,Gold (USD),683.1
2007-02-23,GOLD-CHF,Gold (CHF),841.92
2007-02-26,GOLD-USD,Gold (USD),686.5
2007-02-26,GOLD-CHF,Gold (CHF),845.18
2007-02-27,GOLD-USD,Gold (USD),683.9
2007-02-27,GOLD-CHF,Gold (CHF),835.21
2007-02-28,GOLD-USD,Gold (USD),669.4
2007-02-28,GOLD-CHF,Gold (CHF),817.47
2007-03-01,GOLD-USD,Gold (USD),662.3
2007-03-01,GOLD-CHF,Gold (CHF),809.89
2007-03-02,GOLD-USD,Gold (USD),641.5
2007-03-02,GOLD-CHF,Gold (CHF),782.53
2007-03-05,GOLD-USD,Gold (USD),636.7
2007-03-05,GOLD-CHF,Gold (CHF),777.98
2007-03-06,GOLD-USD,Gold (USD),643.8
2007-03-06,GOLD-CHF,Gold (CHF),787.27
2007-03-07,GOLD-USD,Gold (USD),650.6
2007-03-07,GOLD-CHF,Gold (CHF),794.42
2007-03-08,GOLD-USD,Gold (USD),653.4
2007-03-08,GOLD-CHF,Gold (CHF),802.87
2007-03-09,GOLD-USD,Gold (USD),650.0
2007-03-09,GOLD-CHF,Gold (CHF),801.39
2007-03-12,GOLD-USD,Gold (USD),648.4
2007-03-12,GOLD-CHF,Gold (CHF),794.35
2007-03-13,GOLD-USD,Gold (USD),647.6
2007-03-13,GOLD-CHF,Gold (CHF),791.17
2007-03-14,GOLD-USD,Gold (USD),640.9
2007-03-14,GOLD-CHF,Gold (CHF),777.99
2007-03-15,GOLD-USD,Gold (USD),645.7
2007-03-15,GOLD-CHF,Gold (CHF),784.14
2007-03-16,GOLD-USD,Gold (USD),652.6
2007-03-16,GOLD-CHF,Gold (CHF),788.34
2007-03-19,GOLD-USD,Gold (USD),653.1
2007-03-19,GOLD-CHF,Gold (CHF),791.95
2007-03-20,GOLD-USD,Gold (USD),657.9
2007-03-20,GOLD-CHF,Gold (CHF),798.49
2007-03-21,GOLD-USD,Gold (USD),659.0
2007-03-21,GOLD-CHF,Gold (CHF),800.75
2007-03-22,GOLD-USD,Gold (USD),663.4
2007-03-22,GOLD-CHF,Gold (CHF),803.71
2007-03-23,GOLD-USD,Gold (USD),656.7
2007-03-23,GOLD-CHF,Gold (CHF),799.3
2007-03-26,GOLD-USD,Gold (USD),663.4
2007-03-26,GOLD-CHF,Gold (CHF),805.53
2007-03-27,GOLD-USD,Gold (USD),662.1
2007-03-27,GOLD-CHF,Gold (CHF),803.86
2007-03-28,GOLD-USD,Gold (USD),666.5
2007-03-28,GOLD-CHF,Gold (CHF),805.8
2007-03-29,GOLD-USD,Gold (USD),661.5
2007-03-29,GOLD-CHF,Gold (CHF),805.48
2007-03-30,GOLD-USD,Gold (USD),663.0
2007-03-30,GOLD-CHF,Gold (CHF),809.39
2007-04-02,GOLD-USD,Gold (USD),665.7
2007-04-02,GOLD-CHF,Gold (CHF),807.86
2007-04-03,GOLD-USD,Gold (USD),664.0
2007-04-03,GOLD-CHF,Gold (CHF),808.65
2007-04-04,GOLD-USD,Gold (USD),672.1
2007-04-04,GOLD-CHF,Gold (CHF),818.68
2007-04-05,GOLD-USD,Gold (USD),674.2
2007-04-05,GOLD-CHF,Gold (CHF),817.91
2007-04-09,GOLD-USD,Gold (USD),671.9
2007-04-09,GOLD-CHF,Gold (CHF),822.74
2007-04-10,GOLD-USD,Gold (USD),676.5
2007-04-10,GOLD-CHF,Gold (CHF),822.56
2007-04-11,GOLD-USD,Gold (USD),676.8
2007-04-11,GOLD-CHF,Gold (CHF),824.51
2007-04-12,GOLD-USD,Gold (USD),675.1
2007-04-12,GOLD-CHF,Gold (CHF),820.04
2007-04-13,GOLD-USD,Gold (USD),685.4
2007-04-13,GOLD-CHF,Gold (CHF),833.21
2007-04-16,GOLD-USD,Gold (USD),690.1
2007-04-16,GOLD-CHF,Gold (CHF),837.09
2007-04-17,GOLD-USD,Gold (USD),688.2
2007-04-17,GOLD-CHF,Gold (CHF),832.52
2007-04-18,GOLD-USD,Gold (USD),689.1
2007-04-18,GOLD-CHF,Gold (CHF),830.37
2007-04-19,GOLD-USD,Gold (USD),684.3
2007-04-19,GOLD-CHF,Gold (CHF),823.66
2007-04-20,GOLD-USD,Gold (USD),692.0
2007-04-20,GOLD-CHF,Gold (CHF),836.28
2007-04-23,GOLD-USD,Gold (USD),690.6
2007-04-23,GOLD-CHF,Gold (CHF),836.01
2007-04-24,GOLD-USD,Gold (USD),684.2
2007-04-24,GOLD-CHF,Gold (CHF),822.89
2007-04-25,GOLD-USD,Gold (USD),684.1
2007-04-25,GOLD-CHF,Gold (CHF),822.29
2007-04-26,GOLD-USD,Gold (USD),674.9
2007-04-26,GOLD-CHF,Gold (CHF),815.08
2007-04-27,GOLD-USD,Gold (USD),678.7
2007-04-27,GOLD-CHF,Gold (CHF),817.43
2007-04-30,GOLD-USD,Gold (USD),680.5
2007-04-30,GOLD-CHF,Gold (CHF),821.16
2007-05-01,GOLD-USD,Gold (USD),674.4
2007-05-01,GOLD-CHF,Gold (CHF),818.92
2007-05-02,GOLD-USD,Gold (USD),672.3
2007-05-02,GOLD-CHF,Gold (CHF),816.1
2007-05-03,GOLD-USD,Gold (USD),681.8
2007-05-03,GOLD-CHF,Gold (CHF),828.05
2007-05-04,GOLD-USD,Gold (USD),687.2
2007-05-04,GOLD-CHF,Gold (CHF),832.13
2007-05-07,GOLD-USD,Gold (USD),688.0
2007-05-07,GOLD-CHF,Gold (CHF),831.9
2007-05-08,GOLD-USD,Gold (USD),685.1
2007-05-08,GOLD-CHF,Gold (CHF),834.76
2007-05-09,GOLD-USD,Gold (USD),680.3
2007-05-09,GOLD-CHF,Gold (CHF),827.24
2007-05-10,GOLD-USD,Gold (USD),665.1
2007-05-10,GOLD-CHF,Gold (CHF),811.65
2007-05-11,GOLD-USD,Gold (USD),670.6
2007-05-11,GOLD-CHF,Gold (CHF),816.76
2007-05-14,GOLD-USD,Gold (USD),668.5
2007-05-14,GOLD-CHF,Gold (CHF),815.44
2007-05-15,GOLD-USD,Gold (USD),673.0
2007-05-15,GOLD-CHF,Gold (CHF),817.63
2007-05-16,GOLD-USD,Gold (USD),660.2
2007-05-16,GOLD-CHF,Gold (CHF),804.42
2007-05-17,GOLD-USD,Gold (USD),656.2
2007-05-17,GOLD-CHF,Gold (CHF),804.8
2007-05-18,GOLD-USD,Gold (USD),661.0
2007-05-18,GOLD-CHF,Gold (CHF),811.08
2007-05-21,GOLD-USD,Gold (USD),662.9
2007-05-21,GOLD-CHF,Gold (CHF),815.67
2007-05-22,GOLD-USD,Gold (USD),659.1
2007-05-22,GOLD-CHF,Gold (CHF),810.76
2007-05-23,GOLD-USD,Gold (USD),661.9
2007-05-23,GOLD-CHF,Gold (CHF),811.22
2007-05-24,GOLD-USD,Gold (USD),653.0
2007-05-24,GOLD-CHF,Gold (CHF),802.31
2007-05-25,GOLD-USD,Gold (USD),655.1
2007-05-25,GOLD-CHF,Gold (CHF),803.91
2007-05-29,GOLD-USD,Gold (USD),657.1
2007-05-29,GOLD-CHF,Gold (CHF),803.93
2007-05-30,GOLD-USD,Gold (USD),653.1
2007-05-30,GOLD-CHF,Gold (CHF),800.15
2007-05-31,GOLD-USD,Gold (USD),661.0
2007-05-31,GOLD-CHF,Gold (CHF),810.02
2007-06-01,GOLD-USD,Gold (USD),671.2
2007-06-01,GOLD-CHF,Gold (CHF),826.21
2007-06-04,GOLD-USD,Gold (USD),670.7
2007-06-04,GOLD-CHF,Gold (CHF),820.9
2007-06-05,GOLD-USD,Gold (USD),669.6
2007-06-05,GOLD-CHF,Gold (CHF),816.81
2007-06-06,GOLD-USD,Gold (USD),669.3
2007-06-06,GOLD-CHF,Gold (CHF),814.94
2007-06-07,GOLD-USD,Gold (USD),660.1
2007-06-07,GOLD-CHF,Gold (CHF),808.03
2007-06-08,GOLD-USD,Gold (USD),645.5
2007-06-08,GOLD-CHF,Gold (CHF),796.42
2007-06-11,GOLD-USD,Gold (USD),654.3
2007-06-11,GOLD-CHF,Gold (CHF),811.17
2007-06-12,GOLD-USD,Gold (USD),648.5
2007-06-12,GOLD-CHF,Gold (CHF),805.6
2007-06-13,GOLD-USD,Gold (USD),648.2
2007-06-13,GOLD-CHF,Gold (CHF),806.13
2007-06-14,GOLD-USD,Gold (USD),651.6
2007-06-14,GOLD-CHF,Gold (CHF),811.4
2007-06-15,GOLD-USD,Gold (USD),654.5
2007-06-15,GOLD-CHF,Gold (CHF),813.35
2007-06-18,GOLD-USD,Gold (USD),655.8
2007-06-18,GOLD-CHF,Gold (CHF),814.08
2007-06-19,GOLD-USD,Gold (USD),660.7
2007-06-19,GOLD-CHF,Gold (CHF),819.66
2007-06-20,GOLD-USD,Gold (USD),656.1
2007-06-20,GOLD-CHF,Gold (CHF),811.99
2007-06-21,GOLD-USD,Gold (USD),650.6
2007-06-21,GOLD-CHF,Gold (CHF),807.13
2007-06-22,GOLD-USD,Gold (USD),653.5
2007-06-22,GOLD-CHF,Gold (CHF),806.06
2007-06-25,GOLD-USD,Gold (USD),651.3
2007-06-25,GOLD-CHF,Gold (CHF),801.03
2007-06-26,GOLD-USD,Gold (USD),642.1
2007-06-26,GOLD-CHF,Gold (CHF),788.6
2007-06-27,GOLD-USD,Gold (USD),641.7
2007-06-27,GOLD-CHF,Gold (CHF),788.36
2007-06-28,GOLD-USD,Gold (USD),647.5
2007-06-28,GOLD-CHF,Gold (CHF),795.62
2007-06-29,GOLD-USD,Gold (USD),648.1
2007-06-29,GOLD-CHF,Gold (CHF),794.31
2007-07-02,GOLD-USD,Gold (USD),656.5
2007-07-02,GOLD-CHF,Gold (CHF),795.15
2007-07-03,GOLD-USD,Gold (USD),652.9
2007-07-03,GOLD-CHF,Gold (CHF),793.6
2007-07-05,GOLD-USD,Gold (USD),648.4
2007-07-05,GOLD-CHF,Gold (CHF),789.69
2007-07-06,GOLD-USD,Gold (USD),652.7
2007-07-06,GOLD-CHF,Gold (CHF),794.89
2007-07-09,GOLD-USD,Gold (USD),660.5
2007-07-09,GOLD-CHF,Gold (CHF),803.53
2007-07-10,GOLD-USD,Gold (USD),662.5
2007-07-10,GOLD-CHF,Gold (CHF),799.87
2007-07-11,GOLD-USD,Gold (USD),660.3
2007-07-11,GOLD-CHF,Gold (CHF),793.38
2007-07-12,GOLD-USD,Gold (USD),666.7
2007-07-12,GOLD-CHF,Gold (CHF),802.51
2007-07-13,GOLD-USD,Gold (USD),665.8
2007-07-13,GOLD-CHF,Gold (CHF),801.22
2007-07-16,GOLD-USD,Gold (USD),665.0
2007-07-16,GOLD-CHF,Gold (CHF),800.23
2007-07-17,GOLD-USD,Gold (USD),664.7
2007-07-17,GOLD-CHF,Gold (CHF),799.1
2007-07-18,GOLD-USD,Gold (USD),672.6
2007-07-18,GOLD-CHF,Gold (CHF),806.51
2007-07-19,GOLD-USD,Gold (USD),677.2
2007-07-19,GOLD-CHF,Gold (CHF),813.08
2007-07-20,GOLD-USD,Gold (USD),683.9
2007-07-20,GOLD-CHF,Gold (CHF),820.89
2007-07-23,GOLD-USD,Gold (USD),680.8
2007-07-23,GOLD-CHF,Gold (CHF),821.08
2007-07-24,GOLD-USD,Gold (USD),684.2
2007-07-24,GOLD-CHF,Gold (CHF),824.12
2007-07-25,GOLD-USD,Gold (USD),673.3
2007-07-25,GOLD-CHF,Gold (CHF),817.79
2007-07-26,GOLD-USD,Gold (USD),662.5
2007-07-26,GOLD-CHF,Gold (CHF),800.76
2007-07-27,GOLD-USD,Gold (USD),660.0
2007-07-27,GOLD-CHF,Gold (CHF),797.51
2007-07-30,GOLD-USD,Gold (USD),664.1
2007-07-30,GOLD-CHF,Gold (CHF),798.12
2007-07-31,GOLD-USD,Gold (USD),666.9
2007-07-31,GOLD-CHF,Gold (CHF),802.55
2007-08-01,GOLD-USD,Gold (USD),663.6
2007-08-01,GOLD-CHF,Gold (CHF),796.98
2007-08-02,GOLD-USD,Gold (USD),664.6
2007-08-02,GOLD-CHF,Gold (CHF),801.47
2007-08-03,GOLD-USD,Gold (USD),672.5
2007-08-03,GOLD-CHF,Gold (CHF),803.57
2007-08-06,GOLD-USD,Gold (USD),671.5
2007-08-06,GOLD-CHF,Gold (CHF),796.16
2007-08-07,GOLD-USD,Gold (USD),670.6
2007-08-07,GOLD-CHF,Gold (CHF),799.76
2007-08-08,GOLD-USD,Gold (USD),674.5
2007-08-08,GOLD-CHF,Gold (CHF),805.15
2007-08-09,GOLD-USD,Gold (USD),661.4
2007-08-09,GOLD-CHF,Gold (CHF),791.1
2007-08-10,GOLD-USD,Gold (USD),670.3
2007-08-10,GOLD-CHF,Gold (CHF),801.41
2007-08-13,GOLD-USD,Gold (USD),669.7
2007-08-13,GOLD-CHF,Gold (CHF),807.66
2007-08-14,GOLD-USD,Gold (USD),668.6
2007-08-14,GOLD-CHF,Gold (CHF),808.0
2007-08-15,GOLD-USD,Gold (USD),668.9
2007-08-15,GOLD-CHF,Gold (CHF),814.52
2007-08-16,GOLD-USD,Gold (USD),648.3
2007-08-16,GOLD-CHF,Gold (CHF),789.92
2007-08-17,GOLD-USD,Gold (USD),656.9
2007-08-17,GOLD-CHF,Gold (CHF),790.22
2007-08-20,GOLD-USD,Gold (USD),656.7
2007-08-20,GOLD-CHF,Gold (CHF),792.57
2007-08-21,GOLD-USD,Gold (USD),656.7
2007-08-21,GOLD-CHF,Gold (CHF),790.17
2007-08-22,GOLD-USD,Gold (USD),659.1
2007-08-22,GOLD-CHF,Gold (CHF),795.86
2007-08-23,GOLD-USD,Gold (USD),658.9
2007-08-23,GOLD-CHF,Gold (CHF),795.52
2007-08-24,GOLD-USD,Gold (USD),668.0
2007-08-24,GOLD-CHF,Gold (CHF),801.87
2007-08-27,GOLD-USD,Gold (USD),666.8
2007-08-27,GOLD-CHF,Gold (CHF),802.56
2007-08-28,GOLD-USD,Gold (USD),664.4
2007-08-28,GOLD-CHF,Gold (CHF),797.08
2007-08-29,GOLD-USD,Gold (USD),666.3
2007-08-29,GOLD-CHF,Gold (CHF),799.33
2007-08-30,GOLD-USD,Gold (USD),665.0
2007-08-30,GOLD-CHF,Gold (CHF),800.73
2007-08-31,GOLD-USD,Gold (USD),673.0
2007-08-31,GOLD-CHF,Gold (CHF),813.19
2007-09-04,GOLD-USD,Gold (USD),682.5
2007-09-04,GOLD-CHF,Gold (CHF),827.77
2007-09-05,GOLD-USD,Gold (USD),681.7
2007-09-05,GOLD-CHF,Gold (CHF),821.82
2007-09-06,GOLD-USD,Gold (USD),695.6
2007-09-06,GOLD-CHF,Gold (CHF),835.42
2007-09-07,GOLD-USD,Gold (USD),700.8
2007-09-07,GOLD-CHF,Gold (CHF),833.5
2007-09-10,GOLD-USD,Gold (USD),703.3
2007-09-10,GOLD-CHF,Gold (CHF),834.47
2007-09-11,GOLD-USD,Gold (USD),712.2
2007-09-11,GOLD-CHF,Gold (CHF),844.35
2007-09-12,GOLD-USD,Gold (USD),711.9
2007-09-12,GOLD-CHF,Gold (CHF),843.32
2007-09-13,GOLD-USD,Gold (USD),709.5
2007-09-13,GOLD-CHF,Gold (CHF),843.06
2007-09-14,GOLD-USD,Gold (USD),709.6
2007-09-14,GOLD-CHF,Gold (CHF),844.28
2007-09-17,GOLD-USD,Gold (USD),715.8
2007-09-17,GOLD-CHF,Gold (CHF),850.55
2007-09-18,GOLD-USD,Gold (USD),715.8
2007-09-18,GOLD-CHF,Gold (CHF),851.3
2007-09-19,GOLD-USD,Gold (USD),722.0
2007-09-19,GOLD-CHF,Gold (CHF),856.22
2007-09-20,GOLD-USD,Gold (USD),732.4
2007-09-20,GOLD-CHF,Gold (CHF),857.57
2007-09-21,GOLD-USD,Gold (USD),731.4
2007-09-21,GOLD-CHF,Gold (CHF),857.27
2007-09-24,GOLD-USD,Gold (USD),732.1
2007-09-24,GOLD-CHF,Gold (CHF),859.05
2007-09-25,GOLD-USD,Gold (USD),731.6
2007-09-25,GOLD-CHF,Gold (CHF),854.66
2007-09-26,GOLD-USD,Gold (USD),728.3
2007-09-26,GOLD-CHF,Gold (CHF),852.77
2007-09-27,GOLD-USD,Gold (USD),732.7
2007-09-27,GOLD-CHF,Gold (CHF),859.38
2007-09-28,GOLD-USD,Gold (USD),742.8
2007-09-28,GOLD-CHF,Gold (CHF),867.74
2007-10-01,GOLD-USD,Gold (USD),747.2
2007-10-01,GOLD-CHF,Gold (CHF),871.68
2007-10-02,GOLD-USD,Gold (USD),729.8
2007-10-02,GOLD-CHF,Gold (CHF),857.73
2007-10-03,GOLD-USD,Gold (USD),729.3
2007-10-03,GOLD-CHF,Gold (CHF),859.04
2007-10-04,GOLD-USD,Gold (USD),737.8
2007-10-04,GOLD-CHF,Gold (CHF),867.21
2007-10-05,GOLD-USD,Gold (USD),741.3
2007-10-05,GOLD-CHF,Gold (CHF),872.58
2007-10-08,GOLD-USD,Gold (USD),732.8
2007-10-08,GOLD-CHF,Gold (CHF),868.0
2007-10-09,GOLD-USD,Gold (USD),737.4
2007-10-09,GOLD-CHF,Gold (CHF),872.42
2007-10-10,GOLD-USD,Gold (USD),740.4
2007-10-10,GOLD-CHF,Gold (CHF),873.6
2007-10-11,GOLD-USD,Gold (USD),751.3
2007-10-11,GOLD-CHF,Gold (CHF),885.41
2007-10-12,GOLD-USD,Gold (USD),748.7
2007-10-12,GOLD-CHF,Gold (CHF),886.69
2007-10-15,GOLD-USD,Gold (USD),757.1
2007-10-15,GOLD-CHF,Gold (CHF),893.26
2007-10-16,GOLD-USD,Gold (USD),757.0
2007-10-16,GOLD-CHF,Gold (CHF),895.87
2007-10-17,GOLD-USD,Gold (USD),757.5
2007-10-17,GOLD-CHF,Gold (CHF),895.21
2007-10-18,GOLD-USD,Gold (USD),764.1
2007-10-18,GOLD-CHF,Gold (CHF),894.38
2007-10-19,GOLD-USD,Gold (USD),764.0
2007-10-19,GOLD-CHF,Gold (CHF),895.6
2007-10-22,GOLD-USD,Gold (USD),755.8
2007-10-22,GOLD-CHF,Gold (CHF),889.5
2007-10-23,GOLD-USD,Gold (USD),759.0
2007-10-23,GOLD-CHF,Gold (CHF),890.91
2007-10-24,GOLD-USD,Gold (USD),761.6
2007-10-24,GOLD-CHF,Gold (CHF),893.39
2007-10-25,GOLD-USD,Gold (USD),767.3
2007-10-25,GOLD-CHF,Gold (CHF),896.13
2007-10-26,GOLD-USD,Gold (USD),783.9
2007-10-26,GOLD-CHF,Gold (CHF),911.75
2007-10-29,GOLD-USD,Gold (USD),789.1
2007-10-29,GOLD-CHF,Gold (CHF),919.62
2007-10-30,GOLD-USD,Gold (USD),784.3
2007-10-30,GOLD-CHF,Gold (CHF),910.96
2007-10-31,GOLD-USD,Gold (USD),792.0
2007-10-31,GOLD-CHF,Gold (CHF),917.97
2007-11-01,GOLD-USD,Gold (USD),790.7
2007-11-01,GOLD-CHF,Gold (CHF),916.82
2007-11-02,GOLD-USD,Gold (USD),805.7
2007-11-02,GOLD-CHF,Gold (CHF),930.02
2007-11-05,GOLD-USD,Gold (USD),808.1
2007-11-05,GOLD-CHF,Gold (CHF),931.94
2007-11-06,GOLD-USD,Gold (USD),820.8
2007-11-06,GOLD-CHF,Gold (CHF),939.86
2007-11-07,GOLD-USD,Gold (USD),831.0
2007-11-07,GOLD-CHF,Gold (CHF),942.27
2007-11-08,GOLD-USD,Gold (USD),835.2
2007-11-08,GOLD-CHF,Gold (CHF),942.06
2007-11-09,GOLD-USD,Gold (USD),832.5
2007-11-09,GOLD-CHF,Gold (CHF),933.4
2007-11-12,GOLD-USD,Gold (USD),805.8
2007-11-12,GOLD-CHF,Gold (CHF),908.34
2007-11-13,GOLD-USD,Gold (USD),797.2
2007-11-13,GOLD-CHF,Gold (CHF),896.37
2007-11-14,GOLD-USD,Gold (USD),813.0
2007-11-14,GOLD-CHF,Gold (CHF),911.29
2007-11-15,GOLD-USD,Gold (USD),785.9
2007-11-15,GOLD-CHF,Gold (CHF),883.63
2007-11-16,GOLD-USD,Gold (USD),785.7
2007-11-16,GOLD-CHF,Gold (CHF),878.73
2007-11-19,GOLD-USD,Gold (USD),776.8
2007-11-19,GOLD-CHF,Gold (CHF),867.84
2007-11-20,GOLD-USD,Gold (USD),790.3
2007-11-20,GOLD-CHF,Gold (CHF),877.51
2007-11-21,GOLD-USD,Gold (USD),797.6
2007-11-21,GOLD-CHF,Gold (CHF),880.87
2007-11-23,GOLD-USD,Gold (USD),824.0
2007-11-23,GOLD-CHF,Gold (CHF),908.62
2007-11-26,GOLD-USD,Gold (USD),826.0
2007-11-26,GOLD-CHF,Gold (CHF),911.28
2007-11-27,GOLD-USD,Gold (USD),813.7
2007-11-27,GOLD-CHF,Gold (CHF),896.17
2007-11-28,GOLD-USD,Gold (USD),800.1
2007-11-28,GOLD-CHF,Gold (CHF),893.55
2007-11-29,GOLD-USD,Gold (USD),795.3
2007-11-29,GOLD-CHF,Gold (CHF),888.07
2007-11-30,GOLD-USD,Gold (USD),782.2
2007-11-30,GOLD-CHF,Gold (CHF),883.14
2007-12-03,GOLD-USD,Gold (USD),788.3
2007-12-03,GOLD-CHF,Gold (CHF),889.68
2007-12-04,GOLD-USD,Gold (USD),801.3
2007-12-04,GOLD-CHF,Gold (CHF),895.97
2007-12-05,GOLD-USD,Gold (USD),797.5
2007-12-05,GOLD-CHF,Gold (CHF),897.43
2007-12-06,GOLD-USD,Gold (USD),801.2
2007-12-06,GOLD-CHF,Gold (CHF),904.11
2007-12-07,GOLD-USD,Gold (USD),794.4
2007-12-07,GOLD-CHF,Gold (CHF),897.39
2007-12-10,GOLD-USD,Gold (USD),807.7
2007-12-10,GOLD-CHF,Gold (CHF),910.76
2007-12-11,GOLD-USD,Gold (USD),811.4
2007-12-11,GOLD-CHF,Gold (CHF),919.36
2007-12-12,GOLD-USD,Gold (USD),813.5
2007-12-12,GOLD-CHF,Gold (CHF),924.46
2007-12-13,GOLD-USD,Gold (USD),799.0
2007-12-13,GOLD-CHF,Gold (CHF),912.62
2007-12-14,GOLD-USD,Gold (USD),793.3
2007-12-14,GOLD-CHF,Gold (CHF),914.67
2007-12-17,GOLD-USD,Gold (USD),794.8
2007-12-17,GOLD-CHF,Gold (CHF),916.6
2007-12-18,GOLD-USD,Gold (USD),803.0
2007-12-18,GOLD-CHF,Gold (CHF),925.46
2007-12-19,GOLD-USD,Gold (USD),801.1
2007-12-19,GOLD-CHF,Gold (CHF),925.19
2007-12-20,GOLD-USD,Gold (USD),799.2
2007-12-20,GOLD-CHF,Gold (CHF),924.19
2007-12-21,GOLD-USD,Gold (USD),811.6
2007-12-21,GOLD-CHF,Gold (CHF),938.49
2007-12-24,GOLD-USD,Gold (USD),812.8
2007-12-24,GOLD-CHF,Gold (CHF),941.14
2007-12-26,GOLD-USD,Gold (USD),826.0
2007-12-26,GOLD-CHF,Gold (CHF),950.19
2007-12-27,GOLD-USD,Gold (USD),828.6
2007-12-27,GOLD-CHF,Gold (CHF),947.5
2007-12-28,GOLD-USD,Gold (USD),839.6
2007-12-28,GOLD-CHF,Gold (CHF),947.91
2007-12-31,GOLD-USD,Gold (USD),834.9
2007-12-31,GOLD-CHF,Gold (CHF),945.23
2008-01-02,GOLD-USD,Gold (USD),857.0
2008-01-02,GOLD-CHF,Gold (CHF),958.08
2008-01-03,GOLD-USD,Gold (USD),866.4
2008-01-03,GOLD-CHF,Gold (CHF),965.73
2008-01-04,GOLD-USD,Gold (USD),863.1
2008-01-04,GOLD-CHF,Gold (CHF),955.41
2008-01-07,GOLD-USD,Gold (USD),859.6
2008-01-07,GOLD-CHF,Gold (CHF),956.86
2008-01-08,GOLD-USD,Gold (USD),878.0
2008-01-08,GOLD-CHF,Gold (CHF),979.01
2008-01-09,GOLD-USD,Gold (USD),879.5
2008-01-09,GOLD-CHF,Gold (CHF),980.42
2008-01-10,GOLD-USD,Gold (USD),891.7
2008-01-10,GOLD-CHF,Gold (CHF),987.56
2008-01-11,GOLD-USD,Gold (USD),896.1
2008-01-11,GOLD-CHF,Gold (CHF),987.32
2008-01-14,GOLD-USD,Gold (USD),901.6
2008-01-14,GOLD-CHF,Gold (CHF),985.63
2008-01-15,GOLD-USD,Gold (USD),901.0
2008-01-15,GOLD-CHF,Gold (CHF),982.04
2008-01-16,GOLD-USD,Gold (USD),880.6
2008-01-16,GOLD-CHF,Gold (CHF),966.33
2008-01-17,GOLD-USD,Gold (USD),879.5
2008-01-17,GOLD-CHF,Gold (CHF),967.76
2008-01-18,GOLD-USD,Gold (USD),880.8
2008-01-18,GOLD-CHF,Gold (CHF),970.38
2008-01-22,GOLD-USD,Gold (USD),889.6
2008-01-22,GOLD-CHF,Gold (CHF),976.56
2008-01-23,GOLD-USD,Gold (USD),882.5
2008-01-23,GOLD-CHF,Gold (CHF),963.12
2008-01-24,GOLD-USD,Gold (USD),905.5
2008-01-24,GOLD-CHF,Gold (CHF),985.23
2008-01-25,GOLD-USD,Gold (USD),910.5
2008-01-25,GOLD-CHF,Gold (CHF),998.04
2008-01-28,GOLD-USD,Gold (USD),927.1
2008-01-28,GOLD-CHF,Gold (CHF),1009.38
2008-01-29,GOLD-USD,Gold (USD),925.1
2008-01-29,GOLD-CHF,Gold (CHF),1011.55
2008-01-30,GOLD-USD,Gold (USD),920.6
2008-01-30,GOLD-CHF,Gold (CHF),1005.99
2008-01-31,GOLD-USD,Gold (USD),922.7
2008-01-31,GOLD-CHF,Gold (CHF),1000.67
2008-02-01,GOLD-USD,Gold (USD),908.7
2008-02-01,GOLD-CHF,Gold (CHF),983.44
2008-02-04,GOLD-USD,Gold (USD),904.9
2008-02-04,GOLD-CHF,Gold (CHF),986.34
2008-02-05,GOLD-USD,Gold (USD),885.9
2008-02-05,GOLD-CHF,Gold (CHF),975.33
2008-02-06,GOLD-USD,Gold (USD),900.7
2008-02-06,GOLD-CHF,Gold (CHF),987.66
2008-02-07,GOLD-USD,Gold (USD),906.1
2008-02-07,GOLD-CHF,Gold (CHF),999.29
2008-02-08,GOLD-USD,Gold (USD),918.4
2008-02-08,GOLD-CHF,Gold (CHF),1015.06
2008-02-11,GOLD-USD,Gold (USD),922.9
2008-02-11,GOLD-CHF,Gold (CHF),1018.6
2008-02-12,GOLD-USD,Gold (USD),907.4
2008-02-12,GOLD-CHF,Gold (CHF),998.37
2008-02-13,GOLD-USD,Gold (USD),906.5
2008-02-13,GOLD-CHF,Gold (CHF),1004.31
2008-02-14,GOLD-USD,Gold (USD),907.4
2008-02-14,GOLD-CHF,Gold (CHF),999.27
2008-02-15,GOLD-USD,Gold (USD),902.8
2008-02-15,GOLD-CHF,Gold (CHF),985.05
2008-02-19,GOLD-USD,Gold (USD),926.6
2008-02-19,GOLD-CHF,Gold (CHF),1013.01
2008-02-20,GOLD-USD,Gold (USD),934.6
2008-02-20,GOLD-CHF,Gold (CHF),1028.95
2008-02-21,GOLD-USD,Gold (USD),946.1
2008-02-21,GOLD-CHF,Gold (CHF),1035.65
2008-02-22,GOLD-USD,Gold (USD),944.7
2008-02-22,GOLD-CHF,Gold (CHF),1026.09
2008-02-25,GOLD-USD,Gold (USD),937.6
2008-02-25,GOLD-CHF,Gold (CHF),1021.05
2008-02-26,GOLD-USD,Gold (USD),946.1
2008-02-26,GOLD-CHF,Gold (CHF),1026.33
2008-02-27,GOLD-USD,Gold (USD),958.2
2008-02-27,GOLD-CHF,Gold (CHF),1021.87
2008-02-28,GOLD-USD,Gold (USD),964.5
2008-02-28,GOLD-CHF,Gold (CHF),1015.62
2008-02-29,GOLD-USD,Gold (USD),972.1
2008-02-29,GOLD-CHF,Gold (CHF),1014.68
2008-03-03,GOLD-USD,Gold (USD),981.5
2008-03-03,GOLD-CHF,Gold (CHF),1022.87
2008-03-04,GOLD-USD,Gold (USD),963.9
2008-03-04,GOLD-CHF,Gold (CHF),996.72
2008-03-05,GOLD-USD,Gold (USD),986.2
2008-03-05,GOLD-CHF,Gold (CHF),1021.6
2008-03-06,GOLD-USD,Gold (USD),975.0
2008-03-06,GOLD-CHF,Gold (CHF),1003.32
2008-03-07,GOLD-USD,Gold (USD),972.2
2008-03-07,GOLD-CHF,Gold (CHF),996.6
2008-03-10,GOLD-USD,Gold (USD),969.9
2008-03-10,GOLD-CHF,Gold (CHF),988.57
2008-03-11,GOLD-USD,Gold (USD),974.2
2008-03-11,GOLD-CHF,Gold (CHF),1002.89
2008-03-12,GOLD-USD,Gold (USD),978.8
2008-03-12,GOLD-CHF,Gold (CHF),1000.04
2008-03-13,GOLD-USD,Gold (USD),992.3
2008-03-13,GOLD-CHF,Gold (CHF),1004.06
2008-03-14,GOLD-USD,Gold (USD),998.2
2008-03-14,GOLD-CHF,Gold (CHF),1005.14
2008-03-17,GOLD-USD,Gold (USD),1001.4
2008-03-17,GOLD-CHF,Gold (CHF),987.33
2008-03-18,GOLD-USD,Gold (USD),1003.2
2008-03-18,GOLD-CHF,Gold (CHF),993.12
2008-03-19,GOLD-USD,Gold (USD),944.7
2008-03-19,GOLD-CHF,Gold (CHF),945.41
2008-03-20,GOLD-USD,Gold (USD),919.6
2008-03-20,GOLD-CHF,Gold (CHF),929.53
2008-03-24,GOLD-USD,Gold (USD),918.3
2008-03-24,GOLD-CHF,Gold (CHF),939.28
2008-03-25,GOLD-USD,Gold (USD),934.6
2008-03-25,GOLD-CHF,Gold (CHF),942.78
2008-03-26,GOLD-USD,Gold (USD),949.0
2008-03-26,GOLD-CHF,Gold (CHF),944.92
2008-03-27,GOLD-USD,Gold (USD),948.8
2008-03-27,GOLD-CHF,Gold (CHF),942.4
2008-03-28,GOLD-USD,Gold (USD),930.6
2008-03-28,GOLD-CHF,Gold (CHF),928.97
2008-03-31,GOLD-USD,Gold (USD),916.2
2008-03-31,GOLD-CHF,Gold (CHF),906.17
2008-04-01,GOLD-USD,Gold (USD),882.9
2008-04-01,GOLD-CHF,Gold (CHF),893.67
2008-04-02,GOLD-USD,Gold (USD),895.2
2008-04-02,GOLD-CHF,Gold (CHF),908.58
2008-04-03,GOLD-USD,Gold (USD),905.0
2008-04-03,GOLD-CHF,Gold (CHF),915.14
2008-04-04,GOLD-USD,Gold (USD),909.0
2008-04-04,GOLD-CHF,Gold (CHF),911.82
2008-04-07,GOLD-USD,Gold (USD),922.7
2008-04-07,GOLD-CHF,Gold (CHF),935.76
2008-04-08,GOLD-USD,Gold (USD),914.0
2008-04-08,GOLD-CHF,Gold (CHF),927.16
2008-04-09,GOLD-USD,Gold (USD),933.6
2008-04-09,GOLD-CHF,Gold (CHF),939.44
2008-04-10,GOLD-USD,Gold (USD),928.3
2008-04-10,GOLD-CHF,Gold (CHF),927.98
2008-04-11,GOLD-USD,Gold (USD),923.6
2008-04-11,GOLD-CHF,Gold (CHF),924.85
2008-04-14,GOLD-USD,Gold (USD),925.4
2008-04-14,GOLD-CHF,Gold (CHF),922.11
2008-04-15,GOLD-USD,Gold (USD),928.7
2008-04-15,GOLD-CHF,Gold (CHF),930.33
2008-04-16,GOLD-USD,Gold (USD),945.1
2008-04-16,GOLD-CHF,Gold (CHF),943.82
2008-04-17,GOLD-USD,Gold (USD),939.8
2008-04-17,GOLD-CHF,Gold (CHF),944.45
2008-04-18,GOLD-USD,Gold (USD),912.2
2008-04-18,GOLD-CHF,Gold (CHF),935.28
2008-04-21,GOLD-USD,Gold (USD),914.7
2008-04-21,GOLD-CHF,Gold (CHF),922.93
2008-04-22,GOLD-USD,Gold (USD),922.3
2008-04-22,GOLD-CHF,Gold (CHF),926.96
2008-04-23,GOLD-USD,Gold (USD),906.2
2008-04-23,GOLD-CHF,Gold (CHF),920.52
2008-04-24,GOLD-USD,Gold (USD),886.8
2008-04-24,GOLD-CHF,Gold (CHF),914.96
2008-04-25,GOLD-USD,Gold (USD),887.2
2008-04-25,GOLD-CHF,Gold (CHF),915.77
2008-04-28,GOLD-USD,Gold (USD),892.9
2008-04-28,GOLD-CHF,Gold (CHF),922.86
2008-04-29,GOLD-USD,Gold (USD),874.2
2008-04-29,GOLD-CHF,Gold (CHF),902.61
2008-04-30,GOLD-USD,Gold (USD),862.8
2008-04-30,GOLD-CHF,Gold (CHF),898.65
2008-05-01,GOLD-USD,Gold (USD),848.9
2008-05-01,GOLD-CHF,Gold (CHF),889.77
2008-05-02,GOLD-USD,Gold (USD),856.1
2008-05-02,GOLD-CHF,Gold (CHF),905.97
2008-05-05,GOLD-USD,Gold (USD),872.3
2008-05-05,GOLD-CHF,Gold (CHF),919.8
2008-05-06,GOLD-USD,Gold (USD),876.0
2008-05-06,GOLD-CHF,Gold (CHF),917.52
2008-05-07,GOLD-USD,Gold (USD),869.6
2008-05-07,GOLD-CHF,Gold (CHF),918.82
2008-05-08,GOLD-USD,Gold (USD),880.6
2008-05-08,GOLD-CHF,Gold (CHF),924.15
2008-05-09,GOLD-USD,Gold (USD),884.5
2008-05-09,GOLD-CHF,Gold (CHF),923.46
2008-05-12,GOLD-USD,Gold (USD),883.7
2008-05-12,GOLD-CHF,Gold (CHF),923.95
2008-05-13,GOLD-USD,Gold (USD),868.5
2008-05-13,GOLD-CHF,Gold (CHF),912.79
2008-05-14,GOLD-USD,Gold (USD),865.4
2008-05-14,GOLD-CHF,Gold (CHF),913.82
2008-05-15,GOLD-USD,Gold (USD),879.0
2008-05-15,GOLD-CHF,Gold (CHF),927.43
2008-05-16,GOLD-USD,Gold (USD),899.0
2008-05-16,GOLD-CHF,Gold (CHF),942.02
2008-05-19,GOLD-USD,Gold (USD),905.0
2008-05-19,GOLD-CHF,Gold (CHF),953.46
2008-05-20,GOLD-USD,Gold (USD),919.5
2008-05-20,GOLD-CHF,Gold (CHF),955.96
2008-05-21,GOLD-USD,Gold (USD),928.0
2008-05-21,GOLD-CHF,Gold (CHF),955.05
2008-05-22,GOLD-USD,Gold (USD),917.9
2008-05-22,GOLD-CHF,Gold (CHF),947.55
2008-05-23,GOLD-USD,Gold (USD),925.6
2008-05-23,GOLD-CHF,Gold (CHF),948.46
2008-05-27,GOLD-USD,Gold (USD),907.7
2008-05-27,GOLD-CHF,Gold (CHF),934.57
2008-05-28,GOLD-USD,Gold (USD),900.5
2008-05-28,GOLD-CHF,Gold (CHF),935.44
2008-05-29,GOLD-USD,Gold (USD),877.2
2008-05-29,GOLD-CHF,Gold (CHF),918.91
2008-05-30,GOLD-USD,Gold (USD),887.3
2008-05-30,GOLD-CHF,Gold (CHF),927.01
2008-06-02,GOLD-USD,Gold (USD),892.9
2008-06-02,GOLD-CHF,Gold (CHF),929.6
2008-06-03,GOLD-USD,Gold (USD),881.6
2008-06-03,GOLD-CHF,Gold (CHF),920.13
2008-06-04,GOLD-USD,Gold (USD),879.9
2008-06-04,GOLD-CHF,Gold (CHF),915.8
2008-06-05,GOLD-USD,Gold (USD),871.8
2008-06-05,GOLD-CHF,Gold (CHF),907.59
2008-06-06,GOLD-USD,Gold (USD),895.4
2008-06-06,GOLD-CHF,Gold (CHF),915.99
2008-06-09,GOLD-USD,Gold (USD),894.7
2008-06-09,GOLD-CHF,Gold (CHF),915.77
2008-06-10,GOLD-USD,Gold (USD),867.9
2008-06-10,GOLD-CHF,Gold (CHF),902.31
2008-06-11,GOLD-USD,Gold (USD),879.7
2008-06-11,GOLD-CHF,Gold (CHF),910.18
2008-06-12,GOLD-USD,Gold (USD),869.2
2008-06-12,GOLD-CHF,Gold (CHF),908.01
2008-06-13,GOLD-USD,Gold (USD),870.3
2008-06-13,GOLD-CHF,Gold (CHF),914.34
2008-06-16,GOLD-USD,Gold (USD),883.6
2008-06-16,GOLD-CHF,Gold (CHF),922.57
2008-06-17,GOLD-USD,Gold (USD),884.3
2008-06-17,GOLD-CHF,Gold (CHF),923.65
2008-06-18,GOLD-USD,Gold (USD),890.9
2008-06-18,GOLD-CHF,Gold (CHF),926.05
2008-06-19,GOLD-USD,Gold (USD),901.7
2008-06-19,GOLD-CHF,Gold (CHF),943.31
2008-06-20,GOLD-USD,Gold (USD),901.3
2008-06-20,GOLD-CHF,Gold (CHF),931.94
2008-06-23,GOLD-USD,Gold (USD),884.8
2008-06-23,GOLD-CHF,Gold (CHF),927.31
2008-06-24,GOLD-USD,Gold (USD),889.2
2008-06-24,GOLD-CHF,Gold (CHF),923.21
2008-06-25,GOLD-USD,Gold (USD),880.0
2008-06-25,GOLD-CHF,Gold (CHF),917.58
2008-06-26,GOLD-USD,Gold (USD),913.1
2008-06-26,GOLD-CHF,Gold (CHF),937.62
2008-06-27,GOLD-USD,Gold (USD),929.3
2008-06-27,GOLD-CHF,Gold (CHF),947.84
2008-06-30,GOLD-USD,Gold (USD),926.2
2008-06-30,GOLD-CHF,Gold (CHF),943.43
2008-07-01,GOLD-USD,Gold (USD),942.5
2008-07-01,GOLD-CHF,Gold (CHF),962.15
2008-07-02,GOLD-USD,Gold (USD),944.8
2008-07-02,GOLD-CHF,Gold (CHF),960.44
2008-07-03,GOLD-USD,Gold (USD),931.9
2008-07-03,GOLD-CHF,Gold (CHF),956.18
2008-07-07,GOLD-USD,Gold (USD),927.3
2008-07-07,GOLD-CHF,Gold (CHF),956.83
2008-07-08,GOLD-USD,Gold (USD),921.9
2008-07-08,GOLD-CHF,Gold (CHF),949.05
2008-07-09,GOLD-USD,Gold (USD),927.3
2008-07-09,GOLD-CHF,Gold (CHF),956.05
2008-07-10,GOLD-USD,Gold (USD),940.9
2008-07-10,GOLD-CHF,Gold (CHF),965.41
2008-07-11,GOLD-USD,Gold (USD),959.5
2008-07-11,GOLD-CHF,Gold (CHF),975.81
2008-07-14,GOLD-USD,Gold (USD),972.7
2008-07-14,GOLD-CHF,Gold (CHF),991.28
2008-07-15,GOLD-USD,Gold (USD),977.7
2008-07-15,GOLD-CHF,Gold (CHF),982.39
2008-07-16,GOLD-USD,Gold (USD),961.8
2008-07-16,GOLD-CHF,Gold (CHF),977.57
2008-07-17,GOLD-USD,Gold (USD),970.0
2008-07-17,GOLD-CHF,Gold (CHF),986.3
2008-07-18,GOLD-USD,Gold (USD),957.3
2008-07-18,GOLD-CHF,Gold (CHF),977.59
2008-07-21,GOLD-USD,Gold (USD),963.1
2008-07-21,GOLD-CHF,Gold (CHF),984.43
2008-07-22,GOLD-USD,Gold (USD),948.0
2008-07-22,GOLD-CHF,Gold (CHF),970.89
2008-07-23,GOLD-USD,Gold (USD),922.4
2008-07-23,GOLD-CHF,Gold (CHF),957.91
2008-07-24,GOLD-USD,Gold (USD),922.0
2008-07-24,GOLD-CHF,Gold (CHF),957.45
2008-07-25,GOLD-USD,Gold (USD),926.6
2008-07-25,GOLD-CHF,Gold (CHF),963.34
2008-07-28,GOLD-USD,Gold (USD),927.6
2008-07-28,GOLD-CHF,Gold (CHF),959.83
2008-07-29,GOLD-USD,Gold (USD),916.4
2008-07-29,GOLD-CHF,Gold (CHF),957.87
2008-07-30,GOLD-USD,Gold (USD),902.9
2008-07-30,GOLD-CHF,Gold (CHF),947.28
2008-07-31,GOLD-USD,Gold (USD),913.9
2008-07-31,GOLD-CHF,Gold (CHF),957.77
2008-08-01,GOLD-USD,Gold (USD),909.0
2008-08-01,GOLD-CHF,Gold (CHF),953.18
2008-08-04,GOLD-USD,Gold (USD),900.1
2008-08-04,GOLD-CHF,Gold (CHF),940.92
2008-08-05,GOLD-USD,Gold (USD),878.6
2008-08-05,GOLD-CHF,Gold (CHF),925.56
2008-08-06,GOLD-USD,Gold (USD),875.6
2008-08-06,GOLD-CHF,Gold (CHF),926.95
2008-08-07,GOLD-USD,Gold (USD),870.7
2008-08-07,GOLD-CHF,Gold (CHF),922.72
2008-08-08,GOLD-USD,Gold (USD),857.8
2008-08-08,GOLD-CHF,Gold (CHF),927.71
2008-08-11,GOLD-USD,Gold (USD),821.5
2008-08-11,GOLD-CHF,Gold (CHF),887.43
2008-08-12,GOLD-USD,Gold (USD),808.2
2008-08-12,GOLD-CHF,Gold (CHF),878.72
2008-08-13,GOLD-USD,Gold (USD),825.0
2008-08-13,GOLD-CHF,Gold (CHF),897.6
2008-08-14,GOLD-USD,Gold (USD),808.2
2008-08-14,GOLD-CHF,Gold (CHF),879.04
2008-08-15,GOLD-USD,Gold (USD),786.0
2008-08-15,GOLD-CHF,Gold (CHF),861.85
2008-08-18,GOLD-USD,Gold (USD),799.7
2008-08-18,GOLD-CHF,Gold (CHF),878.99
2008-08-19,GOLD-USD,Gold (USD),811.1
2008-08-19,GOLD-CHF,Gold (CHF),888.88
2008-08-20,GOLD-USD,Gold (USD),810.3
2008-08-20,GOLD-CHF,Gold (CHF),889.47
2008-08-21,GOLD-USD,Gold (USD),833.0
2008-08-21,GOLD-CHF,Gold (CHF),904.6
2008-08-22,GOLD-USD,Gold (USD),827.4
2008-08-22,GOLD-CHF,Gold (CHF),907.04
2008-08-25,GOLD-USD,Gold (USD),819.8
2008-08-25,GOLD-CHF,Gold (CHF),898.05
2008-08-26,GOLD-USD,Gold (USD),822.2
2008-08-26,GOLD-CHF,Gold (CHF),905.16
2008-08-27,GOLD-USD,Gold (USD),828.1
2008-08-27,GOLD-CHF,Gold (CHF),910.37
2008-08-28,GOLD-USD,Gold (USD),830.9
2008-08-28,GOLD-CHF,Gold (CHF),910.62
2008-08-29,GOLD-USD,Gold (USD),829.3
2008-08-29,GOLD-CHF,Gold (CHF),910.86
2008-09-02,GOLD-USD,Gold (USD),805.0
2008-09-02,GOLD-CHF,Gold (CHF),891.09
2008-09-03,GOLD-USD,Gold (USD),802.7
2008-09-03,GOLD-CHF,Gold (CHF),890.64
2008-09-04,GOLD-USD,Gold (USD),797.9
2008-09-04,GOLD-CHF,Gold (CHF),886.31
2008-09-05,GOLD-USD,Gold (USD),797.6
2008-09-05,GOLD-CHF,Gold (CHF),884.46
2008-09-08,GOLD-USD,Gold (USD),797.5
2008-09-08,GOLD-CHF,Gold (CHF),897.47
2008-09-09,GOLD-USD,Gold (USD),787.1
2008-09-09,GOLD-CHF,Gold (CHF),888.71
2008-09-10,GOLD-USD,Gold (USD),757.9
2008-09-10,GOLD-CHF,Gold (CHF),859.42
2008-09-11,GOLD-USD,Gold (USD),741.3
2008-09-11,GOLD-CHF,Gold (CHF),845.49
2008-09-12,GOLD-USD,Gold (USD),760.3
2008-09-12,GOLD-CHF,Gold (CHF),860.93
2008-09-15,GOLD-USD,Gold (USD),783.1
2008-09-15,GOLD-CHF,Gold (CHF),877.82
2008-09-16,GOLD-USD,Gold (USD),776.5
2008-09-16,GOLD-CHF,Gold (CHF),871.62
2008-09-17,GOLD-USD,Gold (USD),846.6
2008-09-17,GOLD-CHF,Gold (CHF),946.37
2008-09-18,GOLD-USD,Gold (USD),892.7
2008-09-18,GOLD-CHF,Gold (CHF),981.35
2008-09-19,GOLD-USD,Gold (USD),860.6
2008-09-19,GOLD-CHF,Gold (CHF),953.2
2008-09-22,GOLD-USD,Gold (USD),903.9
2008-09-22,GOLD-CHF,Gold (CHF),984.21
2008-09-23,GOLD-USD,Gold (USD),885.5
2008-09-23,GOLD-CHF,Gold (CHF),957.89
2008-09-24,GOLD-USD,Gold (USD),889.0
2008-09-24,GOLD-CHF,Gold (CHF),967.63
2008-09-25,GOLD-USD,Gold (USD),877.7
2008-09-25,GOLD-CHF,Gold (CHF),953.14
2008-09-26,GOLD-USD,Gold (USD),882.9
2008-09-26,GOLD-CHF,Gold (CHF),960.55
2008-09-29,GOLD-USD,Gold (USD),888.2
2008-09-29,GOLD-CHF,Gold (CHF),970.85
2008-09-30,GOLD-USD,Gold (USD),874.2
2008-09-30,GOLD-CHF,Gold (CHF),980.2
2008-10-01,GOLD-USD,Gold (USD),880.7
2008-10-01,GOLD-CHF,Gold (CHF),987.22
2008-10-02,GOLD-USD,Gold (USD),839.0
2008-10-02,GOLD-CHF,Gold (CHF),954.45
2008-10-03,GOLD-USD,Gold (USD),828.9
2008-10-03,GOLD-CHF,Gold (CHF),938.81
2008-10-06,GOLD-USD,Gold (USD),862.7
2008-10-06,GOLD-CHF,Gold (CHF),988.78
2008-10-07,GOLD-USD,Gold (USD),878.4
2008-10-07,GOLD-CHF,Gold (CHF),1002.56
2008-10-08,GOLD-USD,Gold (USD),903.1
2008-10-08,GOLD-CHF,Gold (CHF),1022.4
2008-10-09,GOLD-USD,Gold (USD),883.1
2008-10-09,GOLD-CHF,Gold (CHF),999.58
2008-10-10,GOLD-USD,Gold (USD),855.4
2008-10-10,GOLD-CHF,Gold (CHF),960.4
2008-10-13,GOLD-USD,Gold (USD),838.9
2008-10-13,GOLD-CHF,Gold (CHF),949.17
2008-10-14,GOLD-USD,Gold (USD),836.3
2008-10-14,GOLD-CHF,Gold (CHF),950.12
2008-10-15,GOLD-USD,Gold (USD),835.5
2008-10-15,GOLD-CHF,Gold (CHF),947.37
2008-10-16,GOLD-USD,Gold (USD),801.5
2008-10-16,GOLD-CHF,Gold (CHF),906.38
2008-10-17,GOLD-USD,Gold (USD),785.1
2008-10-17,GOLD-CHF,Gold (CHF),890.07
2008-10-20,GOLD-USD,Gold (USD),787.6
2008-10-20,GOLD-CHF,Gold (CHF),906.8
2008-10-21,GOLD-USD,Gold (USD),766.1
2008-10-21,GOLD-CHF,Gold (CHF),884.54
2008-10-22,GOLD-USD,Gold (USD),733.3
2008-10-22,GOLD-CHF,Gold (CHF),851.32
2008-10-23,GOLD-USD,Gold (USD),713.3
2008-10-23,GOLD-CHF,Gold (CHF),829.07
2008-10-24,GOLD-USD,Gold (USD),729.1
2008-10-24,GOLD-CHF,Gold (CHF),840.03
2008-10-27,GOLD-USD,Gold (USD),741.7
2008-10-27,GOLD-CHF,Gold (CHF),858.85
2008-10-28,GOLD-USD,Gold (USD),739.3
2008-10-28,GOLD-CHF,Gold (CHF),858.51
2008-10-29,GOLD-USD,Gold (USD),752.8
2008-10-29,GOLD-CHF,Gold (CHF),856.05
2008-10-30,GOLD-USD,Gold (USD),737.2
2008-10-30,GOLD-CHF,Gold (CHF),842.44
2008-10-31,GOLD-USD,Gold (USD),716.8
2008-10-31,GOLD-CHF,Gold (CHF),837.26
2008-11-03,GOLD-USD,Gold (USD),725.4
2008-11-03,GOLD-CHF,Gold (CHF),845.05
2008-11-04,GOLD-USD,Gold (USD),756.0
2008-11-04,GOLD-CHF,Gold (CHF),874.99
2008-11-05,GOLD-USD,Gold (USD),741.3
2008-11-05,GOLD-CHF,Gold (CHF),859.31
2008-11-06,GOLD-USD,Gold (USD),731.2
2008-11-06,GOLD-CHF,Gold (CHF),857.99
2008-11-07,GOLD-USD,Gold (USD),733.2
2008-11-07,GOLD-CHF,Gold (CHF),861.99
2008-11-10,GOLD-USD,Gold (USD),745.6
2008-11-10,GOLD-CHF,Gold (CHF),876.6
2008-11-11,GOLD-USD,Gold (USD),732.0
2008-11-11,GOLD-CHF,Gold (CHF),865.92
2008-11-12,GOLD-USD,Gold (USD),717.7
2008-11-12,GOLD-CHF,Gold (CHF),846.6
2008-11-13,GOLD-USD,Gold (USD),704.9
2008-11-13,GOLD-CHF,Gold (CHF),841.33
2008-11-14,GOLD-USD,Gold (USD),742.4
2008-11-14,GOLD-CHF,Gold (CHF),885.05
2008-11-17,GOLD-USD,Gold (USD),741.9
2008-11-17,GOLD-CHF,Gold (CHF),889.35
2008-11-18,GOLD-USD,Gold (USD),732.6
2008-11-18,GOLD-CHF,Gold (CHF),879.3
2008-11-19,GOLD-USD,Gold (USD),735.9
2008-11-19,GOLD-CHF,Gold (CHF),887.94
2008-11-20,GOLD-USD,Gold (USD),748.6
2008-11-20,GOLD-CHF,Gold (CHF),913.07
2008-11-21,GOLD-USD,Gold (USD),791.7
2008-11-21,GOLD-CHF,Gold (CHF),969.56
2008-11-24,GOLD-USD,Gold (USD),819.4
2008-11-24,GOLD-CHF,Gold (CHF),985.7
2008-11-25,GOLD-USD,Gold (USD),818.4
2008-11-25,GOLD-CHF,Gold (CHF),973.57
2008-11-26,GOLD-USD,Gold (USD),808.5
2008-11-26,GOLD-CHF,Gold (CHF),971.41
2008-11-28,GOLD-USD,Gold (USD),816.2
2008-11-28,GOLD-CHF,Gold (CHF),991.4
2008-12-01,GOLD-USD,Gold (USD),774.6
2008-12-01,GOLD-CHF,Gold (CHF),937.58
2008-12-02,GOLD-USD,Gold (USD),781.3
2008-12-02,GOLD-CHF,Gold (CHF),941.23
2008-12-03,GOLD-USD,Gold (USD),768.8
2008-12-03,GOLD-CHF,Gold (CHF),932.55
2008-12-04,GOLD-USD,Gold (USD),763.8
2008-12-04,GOLD-CHF,Gold (CHF),922.17
2008-12-05,GOLD-USD,Gold (USD),750.5
2008-12-05,GOLD-CHF,Gold (CHF),917.07
2008-12-08,GOLD-USD,Gold (USD),767.4
2008-12-08,GOLD-CHF,Gold (CHF),923.8
2008-12-09,GOLD-USD,Gold (USD),772.4
2008-12-09,GOLD-CHF,Gold (CHF),934.57
2008-12-10,GOLD-USD,Gold (USD),807.1
2008-12-10,GOLD-CHF,Gold (CHF),967.87
2008-12-11,GOLD-USD,Gold (USD),824.9
2008-12-11,GOLD-CHF,Gold (CHF),981.96
2008-12-12,GOLD-USD,Gold (USD),818.9
2008-12-12,GOLD-CHF,Gold (CHF),964.42
2008-12-15,GOLD-USD,Gold (USD),835.4
2008-12-15,GOLD-CHF,Gold (CHF),967.52
2008-12-16,GOLD-USD,Gold (USD),841.7
2008-12-16,GOLD-CHF,Gold (CHF),964.59
2008-12-17,GOLD-USD,Gold (USD),867.5
2008-12-17,GOLD-CHF,Gold (CHF),941.41
2008-12-18,GOLD-USD,Gold (USD),859.6
2008-12-18,GOLD-CHF,Gold (CHF),911.48
2008-12-19,GOLD-USD,Gold (USD),836.4
2008-12-19,GOLD-CHF,Gold (CHF),927.19
2008-12-22,GOLD-USD,Gold (USD),846.2
2008-12-22,GOLD-CHF,Gold (CHF),929.25
2008-12-23,GOLD-USD,Gold (USD),837.2
2008-12-23,GOLD-CHF,Gold (CHF),908.7
2008-12-24,GOLD-USD,Gold (USD),847.1
2008-12-24,GOLD-CHF,Gold (CHF),910.46
2008-12-26,GOLD-USD,Gold (USD),870.4
2008-12-26,GOLD-CHF,Gold (CHF),931.59
2008-12-29,GOLD-USD,Gold (USD),874.6
2008-12-29,GOLD-CHF,Gold (CHF),910.59
2008-12-30,GOLD-USD,Gold (USD),869.3
2008-12-30,GOLD-CHF,Gold (CHF),914.76
2008-12-31,GOLD-USD,Gold (USD),883.6
2008-12-31,GOLD-CHF,Gold (CHF),940.46
2009-01-02,GOLD-USD,Gold (USD),878.8
2009-01-02,GOLD-CHF,Gold (CHF),941.19
2009-01-05,GOLD-USD,Gold (USD),857.2
2009-01-05,GOLD-CHF,Gold (CHF),944.51
2009-01-06,GOLD-USD,Gold (USD),865.4
2009-01-06,GOLD-CHF,Gold (CHF),974.27
2009-01-07,GOLD-USD,Gold (USD),841.1
2009-01-07,GOLD-CHF,Gold (CHF),924.45
2009-01-08,GOLD-USD,Gold (USD),853.9
2009-01-08,GOLD-CHF,Gold (CHF),932.93
2009-01-09,GOLD-USD,Gold (USD),854.3
2009-01-09,GOLD-CHF,Gold (CHF),946.95
2009-01-12,GOLD-USD,Gold (USD),820.3
2009-01-12,GOLD-CHF,Gold (CHF),915.5
2009-01-13,GOLD-USD,Gold (USD),820.1
2009-01-13,GOLD-CHF,Gold (CHF),921.83
2009-01-14,GOLD-USD,Gold (USD),808.2
2009-01-14,GOLD-CHF,Gold (CHF),903.69
2009-01-15,GOLD-USD,Gold (USD),806.7
2009-01-15,GOLD-CHF,Gold (CHF),908.22
2009-01-16,GOLD-USD,Gold (USD),839.3
2009-01-16,GOLD-CHF,Gold (CHF),939.43
2009-01-20,GOLD-USD,Gold (USD),854.6
2009-01-20,GOLD-CHF,Gold (CHF),979.2
2009-01-21,GOLD-USD,Gold (USD),849.6
2009-01-21,GOLD-CHF,Gold (CHF),974.62
2009-01-22,GOLD-USD,Gold (USD),858.2
2009-01-22,GOLD-CHF,Gold (CHF),989.8
2009-01-23,GOLD-USD,Gold (USD),895.3
2009-01-23,GOLD-CHF,Gold (CHF),1046.83
2009-01-26,GOLD-USD,Gold (USD),908.5
2009-01-26,GOLD-CHF,Gold (CHF),1041.23
2009-01-27,GOLD-USD,Gold (USD),899.2
2009-01-27,GOLD-CHF,Gold (CHF),1024.19
2009-01-28,GOLD-USD,Gold (USD),888.1
2009-01-28,GOLD-CHF,Gold (CHF),1017.45
2009-01-29,GOLD-USD,Gold (USD),905.1
2009-01-29,GOLD-CHF,Gold (CHF),1036.52
2009-01-30,GOLD-USD,Gold (USD),927.3
2009-01-30,GOLD-CHF,Gold (CHF),1076.32
2009-02-02,GOLD-USD,Gold (USD),906.7
2009-02-02,GOLD-CHF,Gold (CHF),1055.72
2009-02-03,GOLD-USD,Gold (USD),892.0
2009-02-03,GOLD-CHF,Gold (CHF),1021.16
2009-02-04,GOLD-USD,Gold (USD),901.6
2009-02-04,GOLD-CHF,Gold (CHF),1043.11
2009-02-05,GOLD-USD,Gold (USD),913.6
2009-02-05,GOLD-CHF,Gold (CHF),1063.38
2009-02-06,GOLD-USD,Gold (USD),913.9
2009-02-06,GOLD-CHF,Gold (CHF),1068.81
2009-02-09,GOLD-USD,Gold (USD),892.4
2009-02-09,GOLD-CHF,Gold (CHF),1032.06
2009-02-10,GOLD-USD,Gold (USD),913.7
2009-02-10,GOLD-CHF,Gold (CHF),1054.59
2009-02-11,GOLD-USD,Gold (USD),943.8
2009-02-11,GOLD-CHF,Gold (CHF),1096.03
2009-02-12,GOLD-USD,Gold (USD),948.5
2009-02-12,GOLD-CHF,Gold (CHF),1106.9
2009-02-13,GOLD-USD,Gold (USD),941.5
2009-02-13,GOLD-CHF,Gold (CHF),1090.92
2009-02-17,GOLD-USD,Gold (USD),967.0
2009-02-17,GOLD-CHF,Gold (CHF),1137.87
2009-02-18,GOLD-USD,Gold (USD),977.7
2009-02-18,GOLD-CHF,Gold (CHF),1153.25
2009-02-19,GOLD-USD,Gold (USD),976.1
2009-02-19,GOLD-CHF,Gold (CHF),1144.97
2009-02-20,GOLD-USD,Gold (USD),1001.8
2009-02-20,GOLD-CHF,Gold (CHF),1180.12
2009-02-23,GOLD-USD,Gold (USD),994.6
2009-02-23,GOLD-CHF,Gold (CHF),1158.56
2009-02-24,GOLD-USD,Gold (USD),969.1
2009-02-24,GOLD-CHF,Gold (CHF),1131.13
2009-02-25,GOLD-USD,Gold (USD),965.7
2009-02-25,GOLD-CHF,Gold (CHF),1127.65
2009-02-26,GOLD-USD,Gold (USD),941.8
2009-02-26,GOLD-CHF,Gold (CHF),1099.65
2009-02-27,GOLD-USD,Gold (USD),941.5
2009-02-27,GOLD-CHF,Gold (CHF),1096.85
2009-03-02,GOLD-USD,Gold (USD),939.0
2009-03-02,GOLD-CHF,Gold (CHF),1101.82
2009-03-03,GOLD-USD,Gold (USD),912.9
2009-03-03,GOLD-CHF,Gold (CHF),1074.89
2009-03-04,GOLD-USD,Gold (USD),906.0
2009-03-04,GOLD-CHF,Gold (CHF),1068.9
2009-03-05,GOLD-USD,Gold (USD),927.0
2009-03-05,GOLD-CHF,Gold (CHF),1089.27
2009-03-06,GOLD-USD,Gold (USD),942.1
2009-03-06,GOLD-CHF,Gold (CHF),1085.96
2009-03-09,GOLD-USD,Gold (USD),917.7
2009-03-09,GOLD-CHF,Gold (CHF),1067.51
2009-03-10,GOLD-USD,Gold (USD),895.6
2009-03-10,GOLD-CHF,Gold (CHF),1033.66
2009-03-11,GOLD-USD,Gold (USD),910.4
2009-03-11,GOLD-CHF,Gold (CHF),1054.65
2009-03-12,GOLD-USD,Gold (USD),923.7
2009-03-12,GOLD-CHF,Gold (CHF),1098.37
2009-03-13,GOLD-USD,Gold (USD),929.8
2009-03-13,GOLD-CHF,Gold (CHF),1104.83
2009-03-16,GOLD-USD,Gold (USD),921.6
2009-03-16,GOLD-CHF,Gold (CHF),1089.61
2009-03-17,GOLD-USD,Gold (USD),916.4
2009-03-17,GOLD-CHF,Gold (CHF),1083.87
2009-03-18,GOLD-USD,Gold (USD),888.7
2009-03-18,GOLD-CHF,Gold (CHF),1036.89
2009-03-19,GOLD-USD,Gold (USD),958.3
2009-03-19,GOLD-CHF,Gold (CHF),1071.86
2009-03-20,GOLD-USD,Gold (USD),955.8
2009-03-20,GOLD-CHF,Gold (CHF),1074.46
2009-03-23,GOLD-USD,Gold (USD),952.1
2009-03-23,GOLD-CHF,Gold (CHF),1075.21
2009-03-24,GOLD-USD,Gold (USD),923.3
2009-03-24,GOLD-CHF,Gold (CHF),1041.99
2009-03-25,GOLD-USD,Gold (USD),935.4
2009-03-25,GOLD-CHF,Gold (CHF),1051.16
2009-03-26,GOLD-USD,Gold (USD),939.6
2009-03-26,GOLD-CHF,Gold (CHF),1058.88
2009-03-27,GOLD-USD,Gold (USD),923.0
2009-03-27,GOLD-CHF,Gold (CHF),1055.68
2009-03-30,GOLD-USD,Gold (USD),915.5
2009-03-30,GOLD-CHF,Gold (CHF),1054.38
2009-03-31,GOLD-USD,Gold (USD),922.6
2009-03-31,GOLD-CHF,Gold (CHF),1049.04
2009-04-01,GOLD-USD,Gold (USD),926.1
2009-04-01,GOLD-CHF,Gold (CHF),1061.59
2009-04-02,GOLD-USD,Gold (USD),907.4
2009-04-02,GOLD-CHF,Gold (CHF),1028.54
2009-04-03,GOLD-USD,Gold (USD),895.6
2009-04-03,GOLD-CHF,Gold (CHF),1015.97
2009-04-06,GOLD-USD,Gold (USD),871.5
2009-04-06,GOLD-CHF,Gold (CHF),990.59
2009-04-07,GOLD-USD,Gold (USD),882.2
2009-04-07,GOLD-CHF,Gold (CHF),1009.41
2009-04-08,GOLD-USD,Gold (USD),884.8
2009-04-08,GOLD-CHF,Gold (CHF),1016.28
2009-04-09,GOLD-USD,Gold (USD),882.2
2009-04-09,GOLD-CHF,Gold (CHF),1016.6
2009-04-13,GOLD-USD,Gold (USD),894.7
2009-04-13,GOLD-CHF,Gold (CHF),1018.88
2009-04-14,GOLD-USD,Gold (USD),890.9
2009-04-14,GOLD-CHF,Gold (CHF),1017.1
2009-04-15,GOLD-USD,Gold (USD),892.8
2009-04-15,GOLD-CHF,Gold (CHF),1024.22
2009-04-16,GOLD-USD,Gold (USD),879.3
2009-04-16,GOLD-CHF,Gold (CHF),1009.08
2009-04-17,GOLD-USD,Gold (USD),867.4
2009-04-17,GOLD-CHF,Gold (CHF),1010.69
2009-04-20,GOLD-USD,Gold (USD),887.0
2009-04-20,GOLD-CHF,Gold (CHF),1038.59
2009-04-21,GOLD-USD,Gold (USD),882.1
2009-04-21,GOLD-CHF,Gold (CHF),1028.71
2009-04-22,GOLD-USD,Gold (USD),891.8
2009-04-22,GOLD-CHF,Gold (CHF),1036.49
2009-04-23,GOLD-USD,Gold (USD),905.9
2009-04-23,GOLD-CHF,Gold (CHF),1049.98
2009-04-24,GOLD-USD,Gold (USD),913.6
2009-04-24,GOLD-CHF,Gold (CHF),1041.55
2009-04-27,GOLD-USD,Gold (USD),907.4
2009-04-27,GOLD-CHF,Gold (CHF),1040.74
2009-04-28,GOLD-USD,Gold (USD),892.8
2009-04-28,GOLD-CHF,Gold (CHF),1028.24
2009-04-29,GOLD-USD,Gold (USD),899.8
2009-04-29,GOLD-CHF,Gold (CHF),1022.26
2009-04-30,GOLD-USD,Gold (USD),890.7
2009-04-30,GOLD-CHF,Gold (CHF),1014.46
2009-05-01,GOLD-USD,Gold (USD),887.6
2009-05-01,GOLD-CHF,Gold (CHF),1009.25
2009-05-04,GOLD-USD,Gold (USD),901.6
2009-05-04,GOLD-CHF,Gold (CHF),1020.12
2009-05-05,GOLD-USD,Gold (USD),903.7
2009-05-05,GOLD-CHF,Gold (CHF),1022.99
2009-05-06,GOLD-USD,Gold (USD),910.5
2009-05-06,GOLD-CHF,Gold (CHF),1032.83
2009-05-07,GOLD-USD,Gold (USD),915.0
2009-05-07,GOLD-CHF,Gold (CHF),1032.44
2009-05-08,GOLD-USD,Gold (USD),914.4
2009-05-08,GOLD-CHF,Gold (CHF),1025.04
2009-05-11,GOLD-USD,Gold (USD),913.0
2009-05-11,GOLD-CHF,Gold (CHF),1009.87
2009-05-12,GOLD-USD,Gold (USD),923.5
2009-05-12,GOLD-CHF,Gold (CHF),1020.24
2009-05-13,GOLD-USD,Gold (USD),925.5
2009-05-13,GOLD-CHF,Gold (CHF),1024.2
2009-05-14,GOLD-USD,Gold (USD),928.0
2009-05-14,GOLD-CHF,Gold (CHF),1029.15
2009-05-15,GOLD-USD,Gold (USD),930.9
2009-05-15,GOLD-CHF,Gold (CHF),1028.41
2009-05-18,GOLD-USD,Gold (USD),921.3
2009-05-18,GOLD-CHF,Gold (CHF),1031.4
2009-05-19,GOLD-USD,Gold (USD),926.3
2009-05-19,GOLD-CHF,Gold (CHF),1031.06
2009-05-20,GOLD-USD,Gold (USD),937.0
2009-05-20,GOLD-CHF,Gold (CHF),1029.2
2009-05-21,GOLD-USD,Gold (USD),950.8
2009-05-21,GOLD-CHF,Gold (CHF),1049.11
2009-05-22,GOLD-USD,Gold (USD),958.5
2009-05-22,GOLD-CHF,Gold (CHF),1042.03
2009-05-26,GOLD-USD,Gold (USD),953.1
2009-05-26,GOLD-CHF,Gold (CHF),1032.83
2009-05-27,GOLD-USD,Gold (USD),953.2
2009-05-27,GOLD-CHF,Gold (CHF),1035.18
2009-05-28,GOLD-USD,Gold (USD),961.5
2009-05-28,GOLD-CHF,Gold (CHF),1042.89
2009-05-29,GOLD-USD,Gold (USD),978.8
2009-05-29,GOLD-CHF,Gold (CHF),1043.84
2009-06-01,GOLD-USD,Gold (USD),978.6
2009-06-01,GOLD-CHF,Gold (CHF),1048.86
2009-06-02,GOLD-USD,Gold (USD),983.2
2009-06-02,GOLD-CHF,Gold (CHF),1043.47
2009-06-03,GOLD-USD,Gold (USD),964.5
2009-06-03,GOLD-CHF,Gold (CHF),1031.24
2009-06-04,GOLD-USD,Gold (USD),981.2
2009-06-04,GOLD-CHF,Gold (CHF),1048.56
2009-06-05,GOLD-USD,Gold (USD),961.7
2009-06-05,GOLD-CHF,Gold (CHF),1041.95
2009-06-08,GOLD-USD,Gold (USD),951.7
2009-06-08,GOLD-CHF,Gold (CHF),1041.35
2009-06-09,GOLD-USD,Gold (USD),954.0
2009-06-09,GOLD-CHF,Gold (CHF),1033.47
2009-06-10,GOLD-USD,Gold (USD),954.0
2009-06-10,GOLD-CHF,Gold (CHF),1031.18
2009-06-11,GOLD-USD,Gold (USD),961.3
2009-06-11,GOLD-CHF,Gold (CHF),1032.39
2009-06-12,GOLD-USD,Gold (USD),940.1
2009-06-12,GOLD-CHF,Gold (CHF),1015.26
2009-06-15,GOLD-USD,Gold (USD),926.9
2009-06-15,GOLD-CHF,Gold (CHF),1011.16
2009-06-16,GOLD-USD,Gold (USD),931.6
2009-06-16,GOLD-CHF,Gold (CHF),1010.74
2009-06-17,GOLD-USD,Gold (USD),935.4
2009-06-17,GOLD-CHF,Gold (CHF),1015.8
2009-06-18,GOLD-USD,Gold (USD),934.0
2009-06-18,GOLD-CHF,Gold (CHF),1010.35
2009-06-19,GOLD-USD,Gold (USD),935.6
2009-06-19,GOLD-CHF,Gold (CHF),1014.61
2009-06-22,GOLD-USD,Gold (USD),920.6
2009-06-22,GOLD-CHF,Gold (CHF),999.13
2009-06-23,GOLD-USD,Gold (USD),923.9
2009-06-23,GOLD-CHF,Gold (CHF),991.07
2009-06-24,GOLD-USD,Gold (USD),934.1
2009-06-24,GOLD-CHF,Gold (CHF),1012.42
2009-06-25,GOLD-USD,Gold (USD),939.1
2009-06-25,GOLD-CHF,Gold (CHF),1031.6
2009-06-26,GOLD-USD,Gold (USD),940.7
2009-06-26,GOLD-CHF,Gold (CHF),1021.04
2009-06-29,GOLD-USD,Gold (USD),940.4
2009-06-29,GOLD-CHF,Gold (CHF),1019.82
2009-06-30,GOLD-USD,Gold (USD),927.1
2009-06-30,GOLD-CHF,Gold (CHF),1008.27
2009-07-01,GOLD-USD,Gold (USD),941.0
2009-07-01,GOLD-CHF,Gold (CHF),1014.68
2009-07-02,GOLD-USD,Gold (USD),930.7
2009-07-02,GOLD-CHF,Gold (CHF),1009.16
2009-07-06,GOLD-USD,Gold (USD),924.0
2009-07-06,GOLD-CHF,Gold (CHF),1006.61
2009-07-07,GOLD-USD,Gold (USD),928.8
2009-07-07,GOLD-CHF,Gold (CHF),1006.54
2009-07-08,GOLD-USD,Gold (USD),909.0
2009-07-08,GOLD-CHF,Gold (CHF),991.17
2009-07-09,GOLD-USD,Gold (USD),915.9
2009-07-09,GOLD-CHF,Gold (CHF),991.55
2009-07-10,GOLD-USD,Gold (USD),912.2
2009-07-10,GOLD-CHF,Gold (CHF),990.01
2009-07-13,GOLD-USD,Gold (USD),922.2
2009-07-13,GOLD-CHF,Gold (CHF),1001.56
2009-07-14,GOLD-USD,Gold (USD),922.5
2009-07-14,GOLD-CHF,Gold (CHF),1003.86
2009-07-15,GOLD-USD,Gold (USD),939.1
2009-07-15,GOLD-CHF,Gold (CHF),1011.46
2009-07-16,GOLD-USD,Gold (USD),935.1
2009-07-16,GOLD-CHF,Gold (CHF),1005.37
2009-07-17,GOLD-USD,Gold (USD),937.2
2009-07-17,GOLD-CHF,Gold (CHF),1010.49
2009-07-20,GOLD-USD,Gold (USD),948.5
2009-07-20,GOLD-CHF,Gold (CHF),1014.75
2009-07-21,GOLD-USD,Gold (USD),946.6
2009-07-21,GOLD-CHF,Gold (CHF),1008.98
2009-07-22,GOLD-USD,Gold (USD),953.0
2009-07-22,GOLD-CHF,Gold (CHF),1016.61
2009-07-23,GOLD-USD,Gold (USD),954.5
2009-07-23,GOLD-CHF,Gold (CHF),1019.26
2009-07-24,GOLD-USD,Gold (USD),952.8
2009-07-24,GOLD-CHF,Gold (CHF),1021.64
2009-07-27,GOLD-USD,Gold (USD),953.3
2009-07-27,GOLD-CHF,Gold (CHF),1022.13
2009-07-28,GOLD-USD,Gold (USD),939.0
2009-07-28,GOLD-CHF,Gold (CHF),1009.47
2009-07-29,GOLD-USD,Gold (USD),927.2
2009-07-29,GOLD-CHF,Gold (CHF),1005.5
2009-07-30,GOLD-USD,Gold (USD),934.9
2009-07-30,GOLD-CHF,Gold (CHF),1019.09
2009-07-31,GOLD-USD,Gold (USD),953.7
2009-07-31,GOLD-CHF,Gold (CHF),1026.42
2009-08-03,GOLD-USD,Gold (USD),956.6
2009-08-03,GOLD-CHF,Gold (CHF),1011.7
2009-08-04,GOLD-USD,Gold (USD),967.5
2009-08-04,GOLD-CHF,Gold (CHF),1026.37
2009-08-05,GOLD-USD,Gold (USD),964.2
2009-08-05,GOLD-CHF,Gold (CHF),1024.85
2009-08-06,GOLD-USD,Gold (USD),960.7
2009-08-06,GOLD-CHF,Gold (CHF),1023.96
2009-08-07,GOLD-USD,Gold (USD),957.3
2009-08-07,GOLD-CHF,Gold (CHF),1033.88
2009-08-10,GOLD-USD,Gold (USD),945.0
2009-08-10,GOLD-CHF,Gold (CHF),1024.24
2009-08-11,GOLD-USD,Gold (USD),945.8
2009-08-11,GOLD-CHF,Gold (CHF),1022.98
2009-08-12,GOLD-USD,Gold (USD),950.7
2009-08-12,GOLD-CHF,Gold (CHF),1023.95
2009-08-13,GOLD-USD,Gold (USD),954.7
2009-08-13,GOLD-CHF,Gold (CHF),1022.05
2009-08-14,GOLD-USD,Gold (USD),947.0
2009-08-14,GOLD-CHF,Gold (CHF),1014.57
2009-08-17,GOLD-USD,Gold (USD),934.3
2009-08-17,GOLD-CHF,Gold (CHF),1008.67
2009-08-18,GOLD-USD,Gold (USD),937.7
2009-08-18,GOLD-CHF,Gold (CHF),1010.28
2009-08-19,GOLD-USD,Gold (USD),943.3
2009-08-19,GOLD-CHF,Gold (CHF),1005.61
2009-08-20,GOLD-USD,Gold (USD),940.3
2009-08-20,GOLD-CHF,Gold (CHF),1002.41
2009-08-21,GOLD-USD,Gold (USD),953.2
2009-08-21,GOLD-CHF,Gold (CHF),1012.16
2009-08-24,GOLD-USD,Gold (USD),942.3
2009-08-24,GOLD-CHF,Gold (CHF),1000.68
2009-08-25,GOLD-USD,Gold (USD),944.5
2009-08-25,GOLD-CHF,Gold (CHF),1000.46
2009-08-26,GOLD-USD,Gold (USD),944.3
2009-08-26,GOLD-CHF,Gold (CHF),1009.32
2009-08-27,GOLD-USD,Gold (USD),945.5
2009-08-27,GOLD-CHF,Gold (CHF),1011.59
2009-08-28,GOLD-USD,Gold (USD),957.0
2009-08-28,GOLD-CHF,Gold (CHF),1010.07
2009-08-31,GOLD-USD,Gold (USD),951.7
2009-08-31,GOLD-CHF,Gold (CHF),1005.8
2009-09-01,GOLD-USD,Gold (USD),954.7
2009-09-01,GOLD-CHF,Gold (CHF),1011.27
2009-09-02,GOLD-USD,Gold (USD),976.6
2009-09-02,GOLD-CHF,Gold (CHF),1039.0
2009-09-03,GOLD-USD,Gold (USD),995.8
2009-09-03,GOLD-CHF,Gold (CHF),1056.54
2009-09-04,GOLD-USD,Gold (USD),994.9
2009-09-04,GOLD-CHF,Gold (CHF),1060.46
2009-09-08,GOLD-USD,Gold (USD),997.9
2009-09-08,GOLD-CHF,Gold (CHF),1042.11
2009-09-09,GOLD-USD,Gold (USD),995.3
2009-09-09,GOLD-CHF,Gold (CHF),1035.16
2009-09-10,GOLD-USD,Gold (USD),995.4
2009-09-10,GOLD-CHF,Gold (CHF),1035.56
2009-09-11,GOLD-USD,Gold (USD),1004.9
2009-09-11,GOLD-CHF,Gold (CHF),1040.77
2009-09-14,GOLD-USD,Gold (USD),999.9
2009-09-14,GOLD-CHF,Gold (CHF),1034.35
2009-09-15,GOLD-USD,Gold (USD),1005.0
2009-09-15,GOLD-CHF,Gold (CHF),1044.2
2009-09-16,GOLD-USD,Gold (USD),1018.9
2009-09-16,GOLD-CHF,Gold (CHF),1053.39
2009-09-17,GOLD-USD,Gold (USD),1012.3
2009-09-17,GOLD-CHF,Gold (CHF),1041.66
2009-09-18,GOLD-USD,Gold (USD),1009.2
2009-09-18,GOLD-CHF,Gold (CHF),1038.01
2009-09-21,GOLD-USD,Gold (USD),1003.7
2009-09-21,GOLD-CHF,Gold (CHF),1038.83
2009-09-22,GOLD-USD,Gold (USD),1014.2
2009-09-22,GOLD-CHF,Gold (CHF),1038.9
2009-09-23,GOLD-USD,Gold (USD),1013.0
2009-09-23,GOLD-CHF,Gold (CHF),1037.31
2009-09-24,GOLD-USD,Gold (USD),997.5
2009-09-24,GOLD-CHF,Gold (CHF),1024.53
2009-09-25,GOLD-USD,Gold (USD),990.2
2009-09-25,GOLD-CHF,Gold (CHF),1017.78
2009-09-28,GOLD-USD,Gold (USD),992.5
2009-09-28,GOLD-CHF,Gold (CHF),1023.76
2009-09-29,GOLD-USD,Gold (USD),993.1
2009-09-29,GOLD-CHF,Gold (CHF),1032.33
2009-09-30,GOLD-USD,Gold (USD),1008.0
2009-09-30,GOLD-CHF,Gold (CHF),1045.95
2009-10-01,GOLD-USD,Gold (USD),999.5
2009-10-01,GOLD-CHF,Gold (CHF),1040.43
2009-10-02,GOLD-USD,Gold (USD),1003.2
2009-10-02,GOLD-CHF,Gold (CHF),1037.81
2009-10-05,GOLD-USD,Gold (USD),1016.7
2009-10-05,GOLD-CHF,Gold (CHF),1050.66
2009-10-06,GOLD-USD,Gold (USD),1038.6
2009-10-06,GOLD-CHF,Gold (CHF),1064.72
2009-10-07,GOLD-USD,Gold (USD),1043.3
2009-10-07,GOLD-CHF,Gold (CHF),1077.68
2009-10-08,GOLD-USD,Gold (USD),1055.4
2009-10-08,GOLD-CHF,Gold (CHF),1085.37
2009-10-09,GOLD-USD,Gold (USD),1047.8
2009-10-09,GOLD-CHF,Gold (CHF),1077.82
2009-10-12,GOLD-USD,Gold (USD),1056.7
2009-10-12,GOLD-CHF,Gold (CHF),1082.22
2009-10-13,GOLD-USD,Gold (USD),1064.2
2009-10-13,GOLD-CHF,Gold (CHF),1090.33
2009-10-14,GOLD-USD,Gold (USD),1063.9
2009-10-14,GOLD-CHF,Gold (CHF),1082.89
2009-10-15,GOLD-USD,Gold (USD),1049.8
2009-10-15,GOLD-CHF,Gold (CHF),1063.81
2009-10-16,GOLD-USD,Gold (USD),1050.7
2009-10-16,GOLD-CHF,Gold (CHF),1071.56
2009-10-19,GOLD-USD,Gold (USD),1057.3
2009-10-19,GOLD-CHF,Gold (CHF),1070.89
2009-10-20,GOLD-USD,Gold (USD),1057.8
2009-10-20,GOLD-CHF,Gold (CHF),1070.81
2009-10-21,GOLD-USD,Gold (USD),1063.7
2009-10-21,GOLD-CHF,Gold (CHF),1070.56
2009-10-22,GOLD-USD,Gold (USD),1057.8
2009-10-22,GOLD-CHF,Gold (CHF),1065.26
2009-10-23,GOLD-USD,Gold (USD),1055.6
2009-10-23,GOLD-CHF,Gold (CHF),1064.04
2009-10-26,GOLD-USD,Gold (USD),1042.1
2009-10-26,GOLD-CHF,Gold (CHF),1056.22
2009-10-27,GOLD-USD,Gold (USD),1034.7
2009-10-27,GOLD-CHF,Gold (CHF),1057.46
2009-10-28,GOLD-USD,Gold (USD),1029.9
2009-10-28,GOLD-CHF,Gold (CHF),1053.74
2009-10-29,GOLD-USD,Gold (USD),1046.4
2009-10-29,GOLD-CHF,Gold (CHF),1066.75
2009-10-30,GOLD-USD,Gold (USD),1039.7
2009-10-30,GOLD-CHF,Gold (CHF),1064.91
2009-11-02,GOLD-USD,Gold (USD),1053.4
2009-11-02,GOLD-CHF,Gold (CHF),1072.94
2009-11-03,GOLD-USD,Gold (USD),1084.3
2009-11-03,GOLD-CHF,Gold (CHF),1116.34
2009-11-04,GOLD-USD,Gold (USD),1086.7
2009-11-04,GOLD-CHF,Gold (CHF),1106.64
2009-11-05,GOLD-USD,Gold (USD),1088.7
2009-11-05,GOLD-CHF,Gold (CHF),1105.08
2009-11-06,GOLD-USD,Gold (USD),1095.1
2009-11-06,GOLD-CHF,Gold (CHF),1112.07
2009-11-09,GOLD-USD,Gold (USD),1100.8
2009-11-09,GOLD-CHF,Gold (CHF),1108.4
2009-11-10,GOLD-USD,Gold (USD),1101.9
2009-11-10,GOLD-CHF,Gold (CHF),1111.6
2009-11-11,GOLD-USD,Gold (USD),1114.0
2009-11-11,GOLD-CHF,Gold (CHF),1122.69
2009-11-12,GOLD-USD,Gold (USD),1106.0
2009-11-12,GOLD-CHF,Gold (CHF),1122.65
2009-11-13,GOLD-USD,Gold (USD),1116.1
2009-11-13,GOLD-CHF,Gold (CHF),1131.89
2009-11-16,GOLD-USD,Gold (USD),1138.6
2009-11-16,GOLD-CHF,Gold (CHF),1146.85
2009-11-17,GOLD-USD,Gold (USD),1138.8
2009-11-17,GOLD-CHF,Gold (CHF),1159.81
2009-11-18,GOLD-USD,Gold (USD),1140.7
2009-11-18,GOLD-CHF,Gold (CHF),1151.54
2009-11-19,GOLD-USD,Gold (USD),1141.4
2009-11-19,GOLD-CHF,Gold (CHF),1162.34
2009-11-20,GOLD-USD,Gold (USD),1146.4
2009-11-20,GOLD-CHF,Gold (CHF),1168.81
2009-11-23,GOLD-USD,Gold (USD),1164.3
2009-11-23,GOLD-CHF,Gold (CHF),1174.84
2009-11-24,GOLD-USD,Gold (USD),1165.5
2009-11-24,GOLD-CHF,Gold (CHF),1178.85
2009-11-25,GOLD-USD,Gold (USD),1186.9
2009-11-25,GOLD-CHF,Gold (CHF),1190.28
2009-11-27,GOLD-USD,Gold (USD),1174.2
2009-11-27,GOLD-CHF,Gold (CHF),1180.72
2009-11-30,GOLD-USD,Gold (USD),1181.1
2009-11-30,GOLD-CHF,Gold (CHF),1186.12
2009-12-01,GOLD-USD,Gold (USD),1199.1
2009-12-01,GOLD-CHF,Gold (CHF),1197.96
2009-12-02,GOLD-USD,Gold (USD),1212.0
2009-12-02,GOLD-CHF,Gold (CHF),1211.45
2009-12-03,GOLD-USD,Gold (USD),1217.4
2009-12-03,GOLD-CHF,Gold (CHF),1215.76
2009-12-04,GOLD-USD,Gold (USD),1168.8
2009-12-04,GOLD-CHF,Gold (CHF),1183.94
2009-12-07,GOLD-USD,Gold (USD),1163.4
2009-12-07,GOLD-CHF,Gold (CHF),1185.85
2009-12-08,GOLD-USD,Gold (USD),1142.8
2009-12-08,GOLD-CHF,Gold (CHF),1171.31
2009-12-09,GOLD-USD,Gold (USD),1120.4
2009-12-09,GOLD-CHF,Gold (CHF),1148.3
2009-12-10,GOLD-USD,Gold (USD),1125.7
2009-12-10,GOLD-CHF,Gold (CHF),1155.76
2009-12-11,GOLD-USD,Gold (USD),1119.4
2009-12-11,GOLD-CHF,Gold (CHF),1157.68
2009-12-14,GOLD-USD,Gold (USD),1123.3
2009-12-14,GOLD-CHF,Gold (CHF),1158.63
2009-12-15,GOLD-USD,Gold (USD),1122.4
2009-12-15,GOLD-CHF,Gold (CHF),1166.29
2009-12-16,GOLD-USD,Gold (USD),1135.5
2009-12-16,GOLD-CHF,Gold (CHF),1176.32
2009-12-17,GOLD-USD,Gold (USD),1106.8
2009-12-17,GOLD-CHF,Gold (CHF),1159.04
2009-12-18,GOLD-USD,Gold (USD),1110.8
2009-12-18,GOLD-CHF,Gold (CHF),1163.06
2009-12-21,GOLD-USD,Gold (USD),1095.4
2009-12-21,GOLD-CHF,Gold (CHF),1143.54
2009-12-22,GOLD-USD,Gold (USD),1086.0
2009-12-22,GOLD-CHF,Gold (CHF),1139.43
2009-12-23,GOLD-USD,Gold (USD),1093.3
2009-12-23,GOLD-CHF,Gold (CHF),1135.99
2009-12-24,GOLD-USD,Gold (USD),1104.1
2009-12-24,GOLD-CHF,Gold (CHF),1146.5
2009-12-28,GOLD-USD,Gold (USD),1107.2
2009-12-28,GOLD-CHF,Gold (CHF),1144.9
2009-12-29,GOLD-USD,Gold (USD),1097.0
2009-12-29,GOLD-CHF,Gold (CHF),1132.49
2009-12-30,GOLD-USD,Gold (USD),1091.5
2009-12-30,GOLD-CHF,Gold (CHF),1136.25
2009-12-31,GOLD-USD,Gold (USD),1095.2
2009-12-31,GOLD-CHF,Gold (CHF),1132.16
2010-01-04,GOLD-USD,Gold (USD),1117.7
2010-01-04,GOLD-CHF,Gold (CHF),1148.83
2010-01-05,GOLD-USD,Gold (USD),1118.1
2010-01-05,GOLD-CHF,Gold (CHF),1152.93
2010-01-06,GOLD-USD,Gold (USD),1135.9
2010-01-06,GOLD-CHF,Gold (CHF),1169.58
2010-01-07,GOLD-USD,Gold (USD),1133.1
2010-01-07,GOLD-CHF,Gold (CHF),1169.64
2010-01-08,GOLD-USD,Gold (USD),1138.2
2010-01-08,GOLD-CHF,Gold (CHF),1174.51
2010-01-11,GOLD-USD,Gold (USD),1150.7
2010-01-11,GOLD-CHF,Gold (CHF),1168.19
2010-01-12,GOLD-USD,Gold (USD),1128.9
2010-01-12,GOLD-CHF,Gold (CHF),1145.83
2010-01-13,GOLD-USD,Gold (USD),1136.4
2010-01-13,GOLD-CHF,Gold (CHF),1158.11
2010-01-14,GOLD-USD,Gold (USD),1142.6
2010-01-14,GOLD-CHF,Gold (CHF),1167.51
2010-01-15,GOLD-USD,Gold (USD),1130.1
2010-01-15,GOLD-CHF,Gold (CHF),1159.77
2010-01-19,GOLD-USD,Gold (USD),1139.7
2010-01-19,GOLD-CHF,Gold (CHF),1178.16
2010-01-20,GOLD-USD,Gold (USD),1112.3
2010-01-20,GOLD-CHF,Gold (CHF),1162.02
2010-01-21,GOLD-USD,Gold (USD),1102.7
2010-01-21,GOLD-CHF,Gold (CHF),1154.14
2010-01-22,GOLD-USD,Gold (USD),1089.2
2010-01-22,GOLD-CHF,Gold (CHF),1133.04
2010-01-25,GOLD-USD,Gold (USD),1095.2
2010-01-25,GOLD-CHF,Gold (CHF),1139.06
2010-01-26,GOLD-USD,Gold (USD),1097.9
2010-01-26,GOLD-CHF,Gold (CHF),1150.27
2010-01-27,GOLD-USD,Gold (USD),1084.4
2010-01-27,GOLD-CHF,Gold (CHF),1136.13
2010-01-28,GOLD-USD,Gold (USD),1083.6
2010-01-28,GOLD-CHF,Gold (CHF),1141.36
2010-01-29,GOLD-USD,Gold (USD),1083.0
2010-01-29,GOLD-CHF,Gold (CHF),1141.59
2010-02-01,GOLD-USD,Gold (USD),1104.3
2010-02-01,GOLD-CHF,Gold (CHF),1170.12
2010-02-02,GOLD-USD,Gold (USD),1117.4
2010-02-02,GOLD-CHF,Gold (CHF),1180.59
2010-02-03,GOLD-USD,Gold (USD),1111.4
2010-02-03,GOLD-CHF,Gold (CHF),1176.86
2010-02-04,GOLD-USD,Gold (USD),1062.4
2010-02-04,GOLD-CHF,Gold (CHF),1130.13
2010-02-05,GOLD-USD,Gold (USD),1052.2
2010-02-05,GOLD-CHF,Gold (CHF),1129.75
2010-02-08,GOLD-USD,Gold (USD),1065.7
2010-02-08,GOLD-CHF,Gold (CHF),1139.55
2010-02-09,GOLD-USD,Gold (USD),1076.7
2010-02-09,GOLD-CHF,Gold (CHF),1149.16
2010-02-10,GOLD-USD,Gold (USD),1075.8
2010-02-10,GOLD-CHF,Gold (CHF),1150.94
2010-02-11,GOLD-USD,Gold (USD),1094.2
2010-02-11,GOLD-CHF,Gold (CHF),1179.06
2010-02-12,GOLD-USD,Gold (USD),1089.5
2010-02-12,GOLD-CHF,Gold (CHF),1175.84
2010-02-16,GOLD-USD,Gold (USD),1119.3
2010-02-16,GOLD-CHF,Gold (CHF),1199.16
2010-02-17,GOLD-USD,Gold (USD),1119.5
2010-02-17,GOLD-CHF,Gold (CHF),1203.52
2010-02-18,GOLD-USD,Gold (USD),1118.0
2010-02-18,GOLD-CHF,Gold (CHF),1203.92
2010-02-19,GOLD-USD,Gold (USD),1121.3
2010-02-19,GOLD-CHF,Gold (CHF),1215.26
2010-02-22,GOLD-USD,Gold (USD),1112.6
2010-02-22,GOLD-CHF,Gold (CHF),1199.05
2010-02-23,GOLD-USD,Gold (USD),1102.7
2010-02-23,GOLD-CHF,Gold (CHF),1190.75
2010-02-24,GOLD-USD,Gold (USD),1096.5
2010-02-24,GOLD-CHF,Gold (CHF),1179.34
2010-02-25,GOLD-USD,Gold (USD),1107.8
2010-02-25,GOLD-CHF,Gold (CHF),1198.2
2010-02-26,GOLD-USD,Gold (USD),1118.3
2010-02-26,GOLD-CHF,Gold (CHF),1199.71
2010-03-01,GOLD-USD,Gold (USD),1117.8
2010-03-01,GOLD-CHF,Gold (CHF),1213.48
2010-03-02,GOLD-USD,Gold (USD),1136.9
2010-03-02,GOLD-CHF,Gold (CHF),1227.11
2010-03-03,GOLD-USD,Gold (USD),1142.7
2010-03-03,GOLD-CHF,Gold (CHF),1221.15
2010-03-04,GOLD-USD,Gold (USD),1132.6
2010-03-04,GOLD-CHF,Gold (CHF),1217.94
2010-03-05,GOLD-USD,Gold (USD),1134.8
2010-03-05,GOLD-CHF,Gold (CHF),1220.19
2010-03-08,GOLD-USD,Gold (USD),1123.6
2010-03-08,GOLD-CHF,Gold (CHF),1203.94
2010-03-09,GOLD-USD,Gold (USD),1122.0
2010-03-09,GOLD-CHF,Gold (CHF),1208.23
2010-03-10,GOLD-USD,Gold (USD),1107.8
2010-03-10,GOLD-CHF,Gold (CHF),1185.24
2010-03-11,GOLD-USD,Gold (USD),1108.0
2010-03-11,GOLD-CHF,Gold (CHF),1184.78
2010-03-12,GOLD-USD,Gold (USD),1101.5
2010-03-12,GOLD-CHF,Gold (CHF),1167.81
2010-03-15,GOLD-USD,Gold (USD),1105.1
2010-03-15,GOLD-CHF,Gold (CHF),1175.16
2010-03-16,GOLD-USD,Gold (USD),1122.2
2010-03-16,GOLD-CHF,Gold (CHF),1184.65
2010-03-17,GOLD-USD,Gold (USD),1124.0
2010-03-17,GOLD-CHF,Gold (CHF),1185.88
2010-03-18,GOLD-USD,Gold (USD),1127.4
2010-03-18,GOLD-CHF,Gold (CHF),1198.6
2010-03-19,GOLD-USD,Gold (USD),1107.4
2010-03-19,GOLD-CHF,Gold (CHF),1175.67
2010-03-22,GOLD-USD,Gold (USD),1099.3
2010-03-22,GOLD-CHF,Gold (CHF),1163.17
2010-03-23,GOLD-USD,Gold (USD),1103.5
2010-03-23,GOLD-CHF,Gold (CHF),1165.52
2010-03-24,GOLD-USD,Gold (USD),1088.6
2010-03-24,GOLD-CHF,Gold (CHF),1163.6
2010-03-25,GOLD-USD,Gold (USD),1092.7
2010-03-25,GOLD-CHF,Gold (CHF),1168.92
2010-03-26,GOLD-USD,Gold (USD),1104.2
2010-03-26,GOLD-CHF,Gold (CHF),1177.35
2010-03-29,GOLD-USD,Gold (USD),1110.3
2010-03-29,GOLD-CHF,Gold (CHF),1180.03
2010-03-30,GOLD-USD,Gold (USD),1104.5
2010-03-30,GOLD-CHF,Gold (CHF),1178.0
2010-03-31,GOLD-USD,Gold (USD),1113.3
2010-03-31,GOLD-CHF,Gold (CHF),1171.8
2010-04-01,GOLD-USD,Gold (USD),1125.1
2010-04-01,GOLD-CHF,Gold (CHF),1177.81
2010-04-05,GOLD-USD,Gold (USD),1132.9
2010-04-05,GOLD-CHF,Gold (CHF),1201.55
2010-04-06,GOLD-USD,Gold (USD),1135.1
2010-04-06,GOLD-CHF,Gold (CHF),1214.56
2010-04-07,GOLD-USD,Gold (USD),1152.3
2010-04-07,GOLD-CHF,Gold (CHF),1236.59
2010-04-08,GOLD-USD,Gold (USD),1152.2
2010-04-08,GOLD-CHF,Gold (CHF),1235.68
2010-04-09,GOLD-USD,Gold (USD),1161.1
2010-04-09,GOLD-CHF,Gold (CHF),1241.45
2010-04-12,GOLD-USD,Gold (USD),1161.6
2010-04-12,GOLD-CHF,Gold (CHF),1229.09
2010-04-13,GOLD-USD,Gold (USD),1152.8
2010-04-13,GOLD-CHF,Gold (CHF),1219.37
2010-04-14,GOLD-USD,Gold (USD),1159.0
2010-04-14,GOLD-CHF,Gold (CHF),1221.12
2010-04-15,GOLD-USD,Gold (USD),1159.7
2010-04-15,GOLD-CHF,Gold (CHF),1225.92
2010-04-16,GOLD-USD,Gold (USD),1136.3
2010-04-16,GOLD-CHF,Gold (CHF),1205.44
2010-04-19,GOLD-USD,Gold (USD),1135.2
2010-04-19,GOLD-CHF,Gold (CHF),1208.31
2010-04-20,GOLD-USD,Gold (USD),1138.6
2010-04-20,GOLD-CHF,Gold (CHF),1214.03
2010-04-21,GOLD-USD,Gold (USD),1148.2
2010-04-21,GOLD-CHF,Gold (CHF),1228.29
2010-04-22,GOLD-USD,Gold (USD),1142.3
2010-04-22,GOLD-CHF,Gold (CHF),1230.71
2010-04-23,GOLD-USD,Gold (USD),1153.1
2010-04-23,GOLD-CHF,Gold (CHF),1238.66
2010-04-26,GOLD-USD,Gold (USD),1153.5
2010-04-26,GOLD-CHF,Gold (CHF),1241.74
2010-04-27,GOLD-USD,Gold (USD),1161.7
2010-04-27,GOLD-CHF,Gold (CHF),1251.96
2010-04-28,GOLD-USD,Gold (USD),1171.3
2010-04-28,GOLD-CHF,Gold (CHF),1271.5
2010-04-29,GOLD-USD,Gold (USD),1168.4
2010-04-29,GOLD-CHF,Gold (CHF),1265.09
2010-04-30,GOLD-USD,Gold (USD),1180.1
2010-04-30,GOLD-CHF,Gold (CHF),1272.15
2010-05-03,GOLD-USD,Gold (USD),1182.7
2010-05-03,GOLD-CHF,Gold (CHF),1286.01
2010-05-04,GOLD-USD,Gold (USD),1168.6
2010-05-04,GOLD-CHF,Gold (CHF),1284.47
2010-05-05,GOLD-USD,Gold (USD),1174.6
2010-05-05,GOLD-CHF,Gold (CHF),1307.98
2010-05-06,GOLD-USD,Gold (USD),1196.9
2010-05-06,GOLD-CHF,Gold (CHF),1324.85
2010-05-07,GOLD-USD,Gold (USD),1210.0
2010-05-07,GOLD-CHF,Gold (CHF),1345.46
2010-05-10,GOLD-USD,Gold (USD),1200.4
2010-05-10,GOLD-CHF,Gold (CHF),1329.8
2010-05-11,GOLD-USD,Gold (USD),1219.9
2010-05-11,GOLD-CHF,Gold (CHF),1352.44
2010-05-12,GOLD-USD,Gold (USD),1242.7
2010-05-12,GOLD-CHF,Gold (CHF),1376.6
2010-05-13,GOLD-USD,Gold (USD),1228.8
2010-05-13,GOLD-CHF,Gold (CHF),1369.56
2010-05-14,GOLD-USD,Gold (USD),1227.4
2010-05-14,GOLD-CHF,Gold (CHF),1384.2
2010-05-17,GOLD-USD,Gold (USD),1227.7
2010-05-17,GOLD-CHF,Gold (CHF),1393.87
2010-05-18,GOLD-USD,Gold (USD),1214.3
2010-05-18,GOLD-CHF,Gold (CHF),1375.98
2010-05-19,GOLD-USD,Gold (USD),1192.6
2010-05-19,GOLD-CHF,Gold (CHF),1375.37
2010-05-20,GOLD-USD,Gold (USD),1187.8
2010-05-20,GOLD-CHF,Gold (CHF),1370.31
2010-05-21,GOLD-USD,Gold (USD),1175.7
2010-05-21,GOLD-CHF,Gold (CHF),1350.23
2010-05-24,GOLD-USD,Gold (USD),1193.8
2010-05-24,GOLD-CHF,Gold (CHF),1382.6
2010-05-25,GOLD-USD,Gold (USD),1197.8
2010-05-25,GOLD-CHF,Gold (CHF),1392.5
2010-05-26,GOLD-USD,Gold (USD),1213.3
2010-05-26,GOLD-CHF,Gold (CHF),1405.67
2010-05-27,GOLD-USD,Gold (USD),1211.9
2010-05-27,GOLD-CHF,Gold (CHF),1406.65
2010-05-28,GOLD-USD,Gold (USD),1212.2
2010-05-28,GOLD-CHF,Gold (CHF),1403.06
2010-06-01,GOLD-USD,Gold (USD),1224.8
2010-06-01,GOLD-CHF,Gold (CHF),1412.07
2010-06-02,GOLD-USD,Gold (USD),1220.6
2010-06-02,GOLD-CHF,Gold (CHF),1414.92
2010-06-03,GOLD-USD,Gold (USD),1208.3
2010-06-03,GOLD-CHF,Gold (CHF),1394.02
2010-06-04,GOLD-USD,Gold (USD),1216.2
2010-06-04,GOLD-CHF,Gold (CHF),1410.61
2010-06-07,GOLD-USD,Gold (USD),1239.3
2010-06-07,GOLD-CHF,Gold (CHF),1439.26
2010-06-08,GOLD-USD,Gold (USD),1244.0
2010-06-08,GOLD-CHF,Gold (CHF),1432.47
2010-06-09,GOLD-USD,Gold (USD),1228.5
2010-06-09,GOLD-CHF,Gold (CHF),1404.05
2010-06-10,GOLD-USD,Gold (USD),1220.8
2010-06-10,GOLD-CHF,Gold (CHF),1394.89
2010-06-11,GOLD-USD,Gold (USD),1228.9
2010-06-11,GOLD-CHF,Gold (CHF),1412.68
2010-06-14,GOLD-USD,Gold (USD),1223.3
2010-06-14,GOLD-CHF,Gold (CHF),1389.85
2010-06-15,GOLD-USD,Gold (USD),1233.2
2010-06-15,GOLD-CHF,Gold (CHF),1394.56
2010-06-16,GOLD-USD,Gold (USD),1229.3
2010-06-16,GOLD-CHF,Gold (CHF),1386.96
2010-06-17,GOLD-USD,Gold (USD),1247.5
2010-06-17,GOLD-CHF,Gold (CHF),1389.4
2010-06-18,GOLD-USD,Gold (USD),1257.2
2010-06-18,GOLD-CHF,Gold (CHF),1394.99
2010-06-21,GOLD-USD,Gold (USD),1239.7
2010-06-21,GOLD-CHF,Gold (CHF),1374.46
2010-06-22,GOLD-USD,Gold (USD),1239.9
2010-06-22,GOLD-CHF,Gold (CHF),1372.63
2010-06-23,GOLD-USD,Gold (USD),1234.1
2010-06-23,GOLD-CHF,Gold (CHF),1371.33
2010-06-24,GOLD-USD,Gold (USD),1245.5
2010-06-24,GOLD-CHF,Gold (CHF),1374.78
2010-06-25,GOLD-USD,Gold (USD),1255.8
2010-06-25,GOLD-CHF,Gold (CHF),1376.92
2010-06-28,GOLD-USD,Gold (USD),1238.2
2010-06-28,GOLD-CHF,Gold (CHF),1341.16
2010-06-29,GOLD-USD,Gold (USD),1242.0
2010-06-29,GOLD-CHF,Gold (CHF),1346.7
2010-06-30,GOLD-USD,Gold (USD),1245.5
2010-06-30,GOLD-CHF,Gold (CHF),1343.08
2010-07-01,GOLD-USD,Gold (USD),1206.3
2010-07-01,GOLD-CHF,Gold (CHF),1281.39
2010-07-02,GOLD-USD,Gold (USD),1207.4
2010-07-02,GOLD-CHF,Gold (CHF),1286.36
2010-07-06,GOLD-USD,Gold (USD),1194.8
2010-07-06,GOLD-CHF,Gold (CHF),1263.5
2010-07-07,GOLD-USD,Gold (USD),1198.6
2010-07-07,GOLD-CHF,Gold (CHF),1263.5
2010-07-08,GOLD-USD,Gold (USD),1195.8
2010-07-08,GOLD-CHF,Gold (CHF),1256.79
2010-07-09,GOLD-USD,Gold (USD),1209.6
2010-07-09,GOLD-CHF,Gold (CHF),1279.09
2010-07-12,GOLD-USD,Gold (USD),1198.5
2010-07-12,GOLD-CHF,Gold (CHF),1273.77
2010-07-13,GOLD-USD,Gold (USD),1213.3
2010-07-13,GOLD-CHF,Gold (CHF),1278.94
2010-07-14,GOLD-USD,Gold (USD),1206.8
2010-07-14,GOLD-CHF,Gold (CHF),1273.23
2010-07-15,GOLD-USD,Gold (USD),1208.1
2010-07-15,GOLD-CHF,Gold (CHF),1258.96
2010-07-16,GOLD-USD,Gold (USD),1188.0
2010-07-16,GOLD-CHF,Gold (CHF),1245.38
2010-07-19,GOLD-USD,Gold (USD),1181.7
2010-07-19,GOLD-CHF,Gold (CHF),1243.09
2010-07-20,GOLD-USD,Gold (USD),1191.5
2010-07-20,GOLD-CHF,Gold (CHF),1248.75
2010-07-21,GOLD-USD,Gold (USD),1191.6
2010-07-21,GOLD-CHF,Gold (CHF),1252.19
2010-07-22,GOLD-USD,Gold (USD),1195.5
2010-07-22,GOLD-CHF,Gold (CHF),1245.95
2010-07-23,GOLD-USD,Gold (USD),1187.7
2010-07-23,GOLD-CHF,Gold (CHF),1251.12
2010-07-26,GOLD-USD,Gold (USD),1183.0
2010-07-26,GOLD-CHF,Gold (CHF),1239.61
2010-07-27,GOLD-USD,Gold (USD),1158.0
2010-07-27,GOLD-CHF,Gold (CHF),1230.09
2010-07-28,GOLD-USD,Gold (USD),1160.4
2010-07-28,GOLD-CHF,Gold (CHF),1225.38
2010-07-29,GOLD-USD,Gold (USD),1168.4
2010-07-29,GOLD-CHF,Gold (CHF),1215.43
2010-07-30,GOLD-USD,Gold (USD),1181.7
2010-07-30,GOLD-CHF,Gold (CHF),1236.35
2010-08-02,GOLD-USD,Gold (USD),1183.4
2010-08-02,GOLD-CHF,Gold (CHF),1227.07
2010-08-03,GOLD-USD,Gold (USD),1185.2
2010-08-03,GOLD-CHF,Gold (CHF),1230.71
2010-08-04,GOLD-USD,Gold (USD),1193.7
2010-08-04,GOLD-CHF,Gold (CHF),1254.04
2010-08-05,GOLD-USD,Gold (USD),1197.2
2010-08-05,GOLD-CHF,Gold (CHF),1254.31
2010-08-06,GOLD-USD,Gold (USD),1203.4
2010-08-06,GOLD-CHF,Gold (CHF),1246.18
2010-08-09,GOLD-USD,Gold (USD),1200.7
2010-08-09,GOLD-CHF,Gold (CHF),1254.67
2010-08-10,GOLD-USD,Gold (USD),1196.2
2010-08-10,GOLD-CHF,Gold (CHF),1266.18
2010-08-11,GOLD-USD,Gold (USD),1197.5
2010-08-11,GOLD-CHF,Gold (CHF),1265.94
2010-08-12,GOLD-USD,Gold (USD),1214.8
2010-08-12,GOLD-CHF,Gold (CHF),1276.09
2010-08-13,GOLD-USD,Gold (USD),1214.9
2010-08-13,GOLD-CHF,Gold (CHF),1279.11
2010-08-16,GOLD-USD,Gold (USD),1224.5
2010-08-16,GOLD-CHF,Gold (CHF),1272.26
2010-08-17,GOLD-USD,Gold (USD),1226.6
2010-08-17,GOLD-CHF,Gold (CHF),1279.16
2010-08-18,GOLD-USD,Gold (USD),1229.7
2010-08-18,GOLD-CHF,Gold (CHF),1280.79
2010-08-19,GOLD-USD,Gold (USD),1233.8
2010-08-19,GOLD-CHF,Gold (CHF),1270.26
2010-08-20,GOLD-USD,Gold (USD),1227.2
2010-08-20,GOLD-CHF,Gold (CHF),1272.05
2010-08-23,GOLD-USD,Gold (USD),1226.9
2010-08-23,GOLD-CHF,Gold (CHF),1276.04
2010-08-24,GOLD-USD,Gold (USD),1231.8
2010-08-24,GOLD-CHF,Gold (CHF),1271.09
2010-08-25,GOLD-USD,Gold (USD),1239.5
2010-08-25,GOLD-CHF,Gold (CHF),1276.5
2010-08-26,GOLD-USD,Gold (USD),1235.4
2010-08-26,GOLD-CHF,Gold (CHF),1265.79
2010-08-27,GOLD-USD,Gold (USD),1236.0
2010-08-27,GOLD-CHF,Gold (CHF),1270.92
2010-08-30,GOLD-USD,Gold (USD),1237.1
2010-08-30,GOLD-CHF,Gold (CHF),1267.22
2010-08-31,GOLD-USD,Gold (USD),1248.3
2010-08-31,GOLD-CHF,Gold (CHF),1265.78
2010-09-01,GOLD-USD,Gold (USD),1246.3
2010-09-01,GOLD-CHF,Gold (CHF),1267.42
2010-09-02,GOLD-USD,Gold (USD),1251.5
2010-09-02,GOLD-CHF,Gold (CHF),1267.33
2010-09-03,GOLD-USD,Gold (USD),1249.2
2010-09-03,GOLD-CHF,Gold (CHF),1270.06
2010-09-07,GOLD-USD,Gold (USD),1257.3
2010-09-07,GOLD-CHF,Gold (CHF),1271.13
2010-09-08,GOLD-USD,Gold (USD),1255.6
2010-09-08,GOLD-CHF,Gold (CHF),1267.72
2010-09-09,GOLD-USD,Gold (USD),1248.9
2010-09-09,GOLD-CHF,Gold (CHF),1262.83
2010-09-10,GOLD-USD,Gold (USD),1244.5
2010-09-10,GOLD-CHF,Gold (CHF),1272.07
2010-09-13,GOLD-USD,Gold (USD),1245.1
2010-09-13,GOLD-CHF,Gold (CHF),1255.25
2010-09-14,GOLD-USD,Gold (USD),1269.7
2010-09-14,GOLD-CHF,Gold (CHF),1263.86
2010-09-15,GOLD-USD,Gold (USD),1266.7
2010-09-15,GOLD-CHF,Gold (CHF),1268.6
2010-09-16,GOLD-USD,Gold (USD),1271.9
2010-09-16,GOLD-CHF,Gold (CHF),1288.94
2010-09-17,GOLD-USD,Gold (USD),1275.6
2010-09-17,GOLD-CHF,Gold (CHF),1289.25
2010-09-20,GOLD-USD,Gold (USD),1279.0
2010-09-20,GOLD-CHF,Gold (CHF),1285.01
2010-09-21,GOLD-USD,Gold (USD),1272.4
2010-09-21,GOLD-CHF,Gold (CHF),1277.36
2010-09-22,GOLD-USD,Gold (USD),1290.2
2010-09-22,GOLD-CHF,Gold (CHF),1271.11
2010-09-23,GOLD-USD,Gold (USD),1294.3
2010-09-23,GOLD-CHF,Gold (CHF),1274.17
2010-09-24,GOLD-USD,Gold (USD),1296.0
2010-09-24,GOLD-CHF,Gold (CHF),1274.23
2010-09-27,GOLD-USD,Gold (USD),1296.7
2010-09-27,GOLD-CHF,Gold (CHF),1275.43
2010-09-28,GOLD-USD,Gold (USD),1306.6
2010-09-28,GOLD-CHF,Gold (CHF),1276.94
2010-09-29,GOLD-USD,Gold (USD),1308.5
2010-09-29,GOLD-CHF,Gold (CHF),1276.77
2010-09-30,GOLD-USD,Gold (USD),1307.8
2010-09-30,GOLD-CHF,Gold (CHF),1277.66
2010-10-01,GOLD-USD,Gold (USD),1316.1
2010-10-01,GOLD-CHF,Gold (CHF),1283.66
2010-10-04,GOLD-USD,Gold (USD),1315.4
2010-10-04,GOLD-CHF,Gold (CHF),1279.95
2010-10-05,GOLD-USD,Gold (USD),1338.9
2010-10-05,GOLD-CHF,Gold (CHF),1292.64
2010-10-06,GOLD-USD,Gold (USD),1346.4
2010-10-06,GOLD-CHF,Gold (CHF),1296.92
2010-10-07,GOLD-USD,Gold (USD),1333.9
2010-10-07,GOLD-CHF,Gold (CHF),1289.35
2010-10-08,GOLD-USD,Gold (USD),1344.2
2010-10-08,GOLD-CHF,Gold (CHF),1292.38
2010-10-11,GOLD-USD,Gold (USD),1353.3
2010-10-11,GOLD-CHF,Gold (CHF),1306.34
2010-10-12,GOLD-USD,Gold (USD),1345.7
2010-10-12,GOLD-CHF,Gold (CHF),1291.4
2010-10-13,GOLD-USD,Gold (USD),1369.5
2010-10-13,GOLD-CHF,Gold (CHF),1313.01
2010-10-14,GOLD-USD,Gold (USD),1376.7
2010-10-14,GOLD-CHF,Gold (CHF),1312.48
2010-10-15,GOLD-USD,Gold (USD),1371.1
2010-10-15,GOLD-CHF,Gold (CHF),1312.76
2010-10-18,GOLD-USD,Gold (USD),1371.2
2010-10-18,GOLD-CHF,Gold (CHF),1309.29
2010-10-19,GOLD-USD,Gold (USD),1335.1
2010-10-19,GOLD-CHF,Gold (CHF),1300.59
2010-10-20,GOLD-USD,Gold (USD),1343.3
2010-10-20,GOLD-CHF,Gold (CHF),1288.49
2010-10-21,GOLD-USD,Gold (USD),1324.7
2010-10-21,GOLD-CHF,Gold (CHF),1277.14
2010-10-22,GOLD-USD,Gold (USD),1324.4
2010-10-22,GOLD-CHF,Gold (CHF),1292.15
2010-10-25,GOLD-USD,Gold (USD),1338.3
2010-10-25,GOLD-CHF,Gold (CHF),1300.09
2010-10-26,GOLD-USD,Gold (USD),1338.0
2010-10-26,GOLD-CHF,Gold (CHF),1317.19
2010-10-27,GOLD-USD,Gold (USD),1322.2
2010-10-27,GOLD-CHF,Gold (CHF),1309.37
2010-10-28,GOLD-USD,Gold (USD),1342.1
2010-10-28,GOLD-CHF,Gold (CHF),1319.62
2010-10-29,GOLD-USD,Gold (USD),1357.1
2010-10-29,GOLD-CHF,Gold (CHF),1334.71
2010-11-01,GOLD-USD,Gold (USD),1350.2
2010-11-01,GOLD-CHF,Gold (CHF),1341.63
2010-11-02,GOLD-USD,Gold (USD),1356.4
2010-11-02,GOLD-CHF,Gold (CHF),1327.03
2010-11-03,GOLD-USD,Gold (USD),1337.1
2010-11-03,GOLD-CHF,Gold (CHF),1309.76
2010-11-04,GOLD-USD,Gold (USD),1382.7
2010-11-04,GOLD-CHF,Gold (CHF),1331.33
2010-11-05,GOLD-USD,Gold (USD),1397.3
2010-11-05,GOLD-CHF,Gold (CHF),1338.89
2010-11-08,GOLD-USD,Gold (USD),1402.8
2010-11-08,GOLD-CHF,Gold (CHF),1355.17
2010-11-09,GOLD-USD,Gold (USD),1409.8
2010-11-09,GOLD-CHF,Gold (CHF),1355.45
2010-11-10,GOLD-USD,Gold (USD),1399.1
2010-11-10,GOLD-CHF,Gold (CHF),1363.35
2010-11-11,GOLD-USD,Gold (USD),1403.1
2010-11-11,GOLD-CHF,Gold (CHF),1365.43
2010-11-12,GOLD-USD,Gold (USD),1365.4
2010-11-12,GOLD-CHF,Gold (CHF),1334.13
2010-11-15,GOLD-USD,Gold (USD),1368.4
2010-11-15,GOLD-CHF,Gold (CHF),1348.42
2010-11-16,GOLD-USD,Gold (USD),1338.3
2010-11-16,GOLD-CHF,Gold (CHF),1323.11
2010-11-17,GOLD-USD,Gold (USD),1336.8
2010-11-17,GOLD-CHF,Gold (CHF),1322.1
2010-11-18,GOLD-USD,Gold (USD),1352.9
2010-11-18,GOLD-CHF,Gold (CHF),1346.74
2010-11-19,GOLD-USD,Gold (USD),1352.2
2010-11-19,GOLD-CHF,Gold (CHF),1350.92
2010-11-22,GOLD-USD,Gold (USD),1357.7
2010-11-22,GOLD-CHF,Gold (CHF),1346.23
2010-11-23,GOLD-USD,Gold (USD),1377.5
2010-11-23,GOLD-CHF,Gold (CHF),1367.03
2010-11-24,GOLD-USD,Gold (USD),1372.9
2010-11-24,GOLD-CHF,Gold (CHF),1362.33
2010-11-26,GOLD-USD,Gold (USD),1362.3
2010-11-26,GOLD-CHF,Gold (CHF),1366.93
2010-11-29,GOLD-USD,Gold (USD),1366.0
2010-11-29,GOLD-CHF,Gold (CHF),1368.39
2010-11-30,GOLD-USD,Gold (USD),1385.0
2010-11-30,GOLD-CHF,Gold (CHF),1380.43
2010-12-01,GOLD-USD,Gold (USD),1387.3
2010-12-01,GOLD-CHF,Gold (CHF),1392.5
2010-12-02,GOLD-USD,Gold (USD),1388.5
2010-12-02,GOLD-CHF,Gold (CHF),1382.11
2010-12-03,GOLD-USD,Gold (USD),1405.4
2010-12-03,GOLD-CHF,Gold (CHF),1371.95
2010-12-06,GOLD-USD,Gold (USD),1415.3
2010-12-06,GOLD-CHF,Gold (CHF),1392.3
2010-12-07,GOLD-USD,Gold (USD),1408.3
2010-12-07,GOLD-CHF,Gold (CHF),1382.74
2010-12-08,GOLD-USD,Gold (USD),1382.5
2010-12-08,GOLD-CHF,Gold (CHF),1368.4
2010-12-09,GOLD-USD,Gold (USD),1392.1
2010-12-09,GOLD-CHF,Gold (CHF),1371.57
2010-12-10,GOLD-USD,Gold (USD),1384.3
2010-12-10,GOLD-CHF,Gold (CHF),1358.34
2010-12-13,GOLD-USD,Gold (USD),1397.3
2010-12-13,GOLD-CHF,Gold (CHF),1351.96
2010-12-14,GOLD-USD,Gold (USD),1403.6
2010-12-14,GOLD-CHF,Gold (CHF),1351.25
2010-12-15,GOLD-USD,Gold (USD),1385.5
2010-12-15,GOLD-CHF,Gold (CHF),1332.23
2010-12-16,GOLD-USD,Gold (USD),1370.4
2010-12-16,GOLD-CHF,Gold (CHF),1330.66
2010-12-17,GOLD-USD,Gold (USD),1378.6
2010-12-17,GOLD-CHF,Gold (CHF),1338.97
2010-12-20,GOLD-USD,Gold (USD),1385.5
2010-12-20,GOLD-CHF,Gold (CHF),1336.87
2010-12-21,GOLD-USD,Gold (USD),1388.2
2010-12-21,GOLD-CHF,Gold (CHF),1330.38
2010-12-22,GOLD-USD,Gold (USD),1386.8
2010-12-22,GOLD-CHF,Gold (CHF),1321.48
2010-12-23,GOLD-USD,Gold (USD),1380.0
2010-12-23,GOLD-CHF,Gold (CHF),1326.04
2010-12-27,GOLD-USD,Gold (USD),1382.4
2010-12-27,GOLD-CHF,Gold (CHF),1329.94
2010-12-28,GOLD-USD,Gold (USD),1405.2
2010-12-28,GOLD-CHF,Gold (CHF),1337.19
2010-12-29,GOLD-USD,Gold (USD),1413.1
2010-12-29,GOLD-CHF,Gold (CHF),1343.15
2010-12-30,GOLD-USD,Gold (USD),1405.6
2010-12-30,GOLD-CHF,Gold (CHF),1316.77
2010-12-31,GOLD-USD,Gold (USD),1421.1
2010-12-31,GOLD-CHF,Gold (CHF),1324.61
2011-01-03,GOLD-USD,Gold (USD),1422.6
2011-01-03,GOLD-CHF,Gold (CHF),1328.99
2011-01-04,GOLD-USD,Gold (USD),1378.5
2011-01-04,GOLD-CHF,Gold (CHF),1305.99
2011-01-05,GOLD-USD,Gold (USD),1373.4
2011-01-05,GOLD-CHF,Gold (CHF),1326.43
2011-01-06,GOLD-USD,Gold (USD),1371.4
2011-01-06,GOLD-CHF,Gold (CHF),1322.72
2011-01-07,GOLD-USD,Gold (USD),1368.5
2011-01-07,GOLD-CHF,Gold (CHF),1319.23
2011-01-10,GOLD-USD,Gold (USD),1373.7
2011-01-10,GOLD-CHF,Gold (CHF),1332.15
2011-01-11,GOLD-USD,Gold (USD),1384.0
2011-01-11,GOLD-CHF,Gold (CHF),1351.68
2011-01-12,GOLD-USD,Gold (USD),1385.7
2011-01-12,GOLD-CHF,Gold (CHF),1346.42
2011-01-13,GOLD-USD,Gold (USD),1386.9
2011-01-13,GOLD-CHF,Gold (CHF),1338.01
2011-01-14,GOLD-USD,Gold (USD),1360.4
2011-01-14,GOLD-CHF,Gold (CHF),1311.36
2011-01-18,GOLD-USD,Gold (USD),1368.1
2011-01-18,GOLD-CHF,Gold (CHF),1316.04
2011-01-19,GOLD-USD,Gold (USD),1370.2
2011-01-19,GOLD-CHF,Gold (CHF),1314.91
2011-01-20,GOLD-USD,Gold (USD),1346.5
2011-01-20,GOLD-CHF,Gold (CHF),1303.88
2011-01-21,GOLD-USD,Gold (USD),1341.0
2011-01-21,GOLD-CHF,Gold (CHF),1286.82
2011-01-24,GOLD-USD,Gold (USD),1344.5
2011-01-24,GOLD-CHF,Gold (CHF),1274.32
2011-01-25,GOLD-USD,Gold (USD),1332.3
2011-01-25,GOLD-CHF,Gold (CHF),1256.63
2011-01-26,GOLD-USD,Gold (USD),1333.0
2011-01-26,GOLD-CHF,Gold (CHF),1254.95
2011-01-27,GOLD-USD,Gold (USD),1318.4
2011-01-27,GOLD-CHF,Gold (CHF),1246.88
2011-01-28,GOLD-USD,Gold (USD),1340.7
2011-01-28,GOLD-CHF,Gold (CHF),1262.94
2011-01-31,GOLD-USD,Gold (USD),1333.8
2011-01-31,GOLD-CHF,Gold (CHF),1253.31
2011-02-01,GOLD-USD,Gold (USD),1339.6
2011-02-01,GOLD-CHF,Gold (CHF),1260.97
2011-02-02,GOLD-USD,Gold (USD),1331.5
2011-02-02,GOLD-CHF,Gold (CHF),1248.55
2011-02-03,GOLD-USD,Gold (USD),1352.3
2011-02-03,GOLD-CHF,Gold (CHF),1281.51
2011-02-04,GOLD-USD,Gold (USD),1348.3
2011-02-04,GOLD-CHF,Gold (CHF),1290.32
2011-02-07,GOLD-USD,Gold (USD),1347.6
2011-02-07,GOLD-CHF,Gold (CHF),1290.12
2011-02-08,GOLD-USD,Gold (USD),1363.4
2011-02-08,GOLD-CHF,Gold (CHF),1305.8
2011-02-09,GOLD-USD,Gold (USD),1364.8
2011-02-09,GOLD-CHF,Gold (CHF),1311.37
2011-02-10,GOLD-USD,Gold (USD),1361.9
2011-02-10,GOLD-CHF,Gold (CHF),1316.34
2011-02-11,GOLD-USD,Gold (USD),1359.9
2011-02-11,GOLD-CHF,Gold (CHF),1322.03
2011-02-14,GOLD-USD,Gold (USD),1364.6
2011-02-14,GOLD-CHF,Gold (CHF),1324.14
2011-02-15,GOLD-USD,Gold (USD),1373.6
2011-02-15,GOLD-CHF,Gold (CHF),1329.23
2011-02-16,GOLD-USD,Gold (USD),1374.7
2011-02-16,GOLD-CHF,Gold (CHF),1330.64
2011-02-17,GOLD-USD,Gold (USD),1384.7
2011-02-17,GOLD-CHF,Gold (CHF),1317.47
2011-02-18,GOLD-USD,Gold (USD),1388.2
2011-02-18,GOLD-CHF,Gold (CHF),1320.66
2011-02-22,GOLD-USD,Gold (USD),1400.5
2011-02-22,GOLD-CHF,Gold (CHF),1316.19
2011-02-23,GOLD-USD,Gold (USD),1413.4
2011-02-23,GOLD-CHF,Gold (CHF),1320.12
2011-02-24,GOLD-USD,Gold (USD),1415.3
2011-02-24,GOLD-CHF,Gold (CHF),1312.55
2011-02-25,GOLD-USD,Gold (USD),1408.7
2011-02-25,GOLD-CHF,Gold (CHF),1308.96
2011-02-28,GOLD-USD,Gold (USD),1409.3
2011-02-28,GOLD-CHF,Gold (CHF),1309.87
2011-03-01,GOLD-USD,Gold (USD),1430.7
2011-03-01,GOLD-CHF,Gold (CHF),1331.41
2011-03-02,GOLD-USD,Gold (USD),1437.2
2011-03-02,GOLD-CHF,Gold (CHF),1325.67
2011-03-03,GOLD-USD,Gold (USD),1416.0
2011-03-03,GOLD-CHF,Gold (CHF),1317.66
2011-03-04,GOLD-USD,Gold (USD),1428.2
2011-03-04,GOLD-CHF,Gold (CHF),1322.51
2011-03-07,GOLD-USD,Gold (USD),1434.1
2011-03-07,GOLD-CHF,Gold (CHF),1325.9
2011-03-08,GOLD-USD,Gold (USD),1426.9
2011-03-08,GOLD-CHF,Gold (CHF),1330.16
2011-03-09,GOLD-USD,Gold (USD),1429.3
2011-03-09,GOLD-CHF,Gold (CHF),1327.53
2011-03-10,GOLD-USD,Gold (USD),1412.2
2011-03-10,GOLD-CHF,Gold (CHF),1318.99
2011-03-11,GOLD-USD,Gold (USD),1421.5
2011-03-11,GOLD-CHF,Gold (CHF),1319.01
2011-03-14,GOLD-USD,Gold (USD),1424.6
2011-03-14,GOLD-CHF,Gold (CHF),1318.18
2011-03-15,GOLD-USD,Gold (USD),1392.6
2011-03-15,GOLD-CHF,Gold (CHF),1279.59
2011-03-16,GOLD-USD,Gold (USD),1396.0
2011-03-16,GOLD-CHF,Gold (CHF),1273.57
2011-03-17,GOLD-USD,Gold (USD),1404.0
2011-03-17,GOLD-CHF,Gold (CHF),1264.02
2011-03-18,GOLD-USD,Gold (USD),1415.9
2011-03-18,GOLD-CHF,Gold (CHF),1278.27
2011-03-21,GOLD-USD,Gold (USD),1426.2
2011-03-21,GOLD-CHF,Gold (CHF),1291.64
2011-03-22,GOLD-USD,Gold (USD),1427.5
2011-03-22,GOLD-CHF,Gold (CHF),1290.75
2011-03-23,GOLD-USD,Gold (USD),1437.9
2011-03-23,GOLD-CHF,Gold (CHF),1303.53
2011-03-24,GOLD-USD,Gold (USD),1434.8
2011-03-24,GOLD-CHF,Gold (CHF),1300.0
2011-03-25,GOLD-USD,Gold (USD),1426.1
2011-03-25,GOLD-CHF,Gold (CHF),1303.81
2011-03-28,GOLD-USD,Gold (USD),1419.8
2011-03-28,GOLD-CHF,Gold (CHF),1300.39
2011-03-29,GOLD-USD,Gold (USD),1416.0
2011-03-29,GOLD-CHF,Gold (CHF),1303.29
2011-03-30,GOLD-USD,Gold (USD),1423.8
2011-03-30,GOLD-CHF,Gold (CHF),1313.88
2011-03-31,GOLD-USD,Gold (USD),1438.9
2011-03-31,GOLD-CHF,Gold (CHF),1316.38
2011-04-01,GOLD-USD,Gold (USD),1428.1
2011-04-01,GOLD-CHF,Gold (CHF),1325.56
2011-04-04,GOLD-USD,Gold (USD),1432.2
2011-04-04,GOLD-CHF,Gold (CHF),1317.27
2011-04-05,GOLD-USD,Gold (USD),1451.8
2011-04-05,GOLD-CHF,Gold (CHF),1340.74
2011-04-06,GOLD-USD,Gold (USD),1457.7
2011-04-06,GOLD-CHF,Gold (CHF),1335.98
2011-04-07,GOLD-USD,Gold (USD),1458.5
2011-04-07,GOLD-CHF,Gold (CHF),1338.32
2011-04-08,GOLD-USD,Gold (USD),1473.4
2011-04-08,GOLD-CHF,Gold (CHF),1342.56
2011-04-11,GOLD-USD,Gold (USD),1467.4
2011-04-11,GOLD-CHF,Gold (CHF),1333.57
2011-04-12,GOLD-USD,Gold (USD),1452.9
2011-04-12,GOLD-CHF,Gold (CHF),1300.64
2011-04-13,GOLD-USD,Gold (USD),1454.9
2011-04-13,GOLD-CHF,Gold (CHF),1300.83
2011-04-14,GOLD-USD,Gold (USD),1471.7
2011-04-14,GOLD-CHF,Gold (CHF),1313.12
2011-04-15,GOLD-USD,Gold (USD),1485.3
2011-04-15,GOLD-CHF,Gold (CHF),1330.16
2011-04-18,GOLD-USD,Gold (USD),1492.3
2011-04-18,GOLD-CHF,Gold (CHF),1340.09
2011-04-19,GOLD-USD,Gold (USD),1494.5
2011-04-19,GOLD-CHF,Gold (CHF),1341.84
2011-04-20,GOLD-USD,Gold (USD),1498.3
2011-04-20,GOLD-CHF,Gold (CHF),1336.71
2011-04-21,GOLD-USD,Gold (USD),1503.2
2011-04-21,GOLD-CHF,Gold (CHF),1326.65
2011-04-25,GOLD-USD,Gold (USD),1508.6
2011-04-25,GOLD-CHF,Gold (CHF),1330.96
2011-04-26,GOLD-USD,Gold (USD),1503.0
2011-04-26,GOLD-CHF,Gold (CHF),1321.89
2011-04-27,GOLD-USD,Gold (USD),1516.7
2011-04-27,GOLD-CHF,Gold (CHF),1338.34
2011-04-28,GOLD-USD,Gold (USD),1530.8
2011-04-28,GOLD-CHF,Gold (CHF),1336.54
2011-04-29,GOLD-USD,Gold (USD),1556.0
2011-04-29,GOLD-CHF,Gold (CHF),1351.31
2011-05-02,GOLD-USD,Gold (USD),1556.7
2011-05-02,GOLD-CHF,Gold (CHF),1343.59
2011-05-03,GOLD-USD,Gold (USD),1540.1
2011-05-03,GOLD-CHF,Gold (CHF),1325.33
2011-05-04,GOLD-USD,Gold (USD),1514.9
2011-05-04,GOLD-CHF,Gold (CHF),1300.77
2011-05-05,GOLD-USD,Gold (USD),1480.9
2011-05-05,GOLD-CHF,Gold (CHF),1284.75
2011-05-06,GOLD-USD,Gold (USD),1491.2
2011-05-06,GOLD-CHF,Gold (CHF),1303.53
2011-05-09,GOLD-USD,Gold (USD),1502.9
2011-05-09,GOLD-CHF,Gold (CHF),1317.67
2011-05-10,GOLD-USD,Gold (USD),1516.6
2011-05-10,GOLD-CHF,Gold (CHF),1331.8
2011-05-11,GOLD-USD,Gold (USD),1501.1
2011-05-11,GOLD-CHF,Gold (CHF),1325.62
2011-05-12,GOLD-USD,Gold (USD),1506.6
2011-05-12,GOLD-CHF,Gold (CHF),1334.4
2011-05-13,GOLD-USD,Gold (USD),1493.4
2011-05-13,GOLD-CHF,Gold (CHF),1325.39
2011-05-16,GOLD-USD,Gold (USD),1490.4
2011-05-16,GOLD-CHF,Gold (CHF),1312.0
2011-05-17,GOLD-USD,Gold (USD),1479.8
2011-05-17,GOLD-CHF,Gold (CHF),1308.74
2011-05-18,GOLD-USD,Gold (USD),1495.6
2011-05-18,GOLD-CHF,Gold (CHF),1314.71
2011-05-19,GOLD-USD,Gold (USD),1492.2
2011-05-19,GOLD-CHF,Gold (CHF),1318.28
2011-05-20,GOLD-USD,Gold (USD),1508.8
2011-05-20,GOLD-CHF,Gold (CHF),1324.73
2011-05-23,GOLD-USD,Gold (USD),1515.3
2011-05-23,GOLD-CHF,Gold (CHF),1338.16
2011-05-24,GOLD-USD,Gold (USD),1523.2
2011-05-24,GOLD-CHF,Gold (CHF),1338.97
2011-05-25,GOLD-USD,Gold (USD),1526.6
2011-05-25,GOLD-CHF,Gold (CHF),1334.1
2011-05-26,GOLD-USD,Gold (USD),1522.8
2011-05-26,GOLD-CHF,Gold (CHF),1322.25
2011-05-27,GOLD-USD,Gold (USD),1536.3
2011-05-27,GOLD-CHF,Gold (CHF),1311.62
2011-05-31,GOLD-USD,Gold (USD),1535.9
2011-05-31,GOLD-CHF,Gold (CHF),1309.97
2011-06-01,GOLD-USD,Gold (USD),1542.4
2011-06-01,GOLD-CHF,Gold (CHF),1297.39
2011-06-02,GOLD-USD,Gold (USD),1532.0
2011-06-02,GOLD-CHF,Gold (CHF),1292.32
2011-06-03,GOLD-USD,Gold (USD),1541.7
2011-06-03,GOLD-CHF,Gold (CHF),1288.78
2011-06-06,GOLD-USD,Gold (USD),1546.5
2011-06-06,GOLD-CHF,Gold (CHF),1294.03
2011-06-07,GOLD-USD,Gold (USD),1543.3
2011-06-07,GOLD-CHF,Gold (CHF),1293.52
2011-06-08,GOLD-USD,Gold (USD),1538.1
2011-06-08,GOLD-CHF,Gold (CHF),1288.31
2011-06-09,GOLD-USD,Gold (USD),1542.1
2011-06-09,GOLD-CHF,Gold (CHF),1297.29
2011-06-10,GOLD-USD,Gold (USD),1528.6
2011-06-10,GOLD-CHF,Gold (CHF),1287.54
2011-06-13,GOLD-USD,Gold (USD),1515.0
2011-06-13,GOLD-CHF,Gold (CHF),1267.6
2011-06-14,GOLD-USD,Gold (USD),1523.8
2011-06-14,GOLD-CHF,Gold (CHF),1284.56
2011-06-15,GOLD-USD,Gold (USD),1525.6
2011-06-15,GOLD-CHF,Gold (CHF),1294.32
2011-06-16,GOLD-USD,Gold (USD),1529.3
2011-06-16,GOLD-CHF,Gold (CHF),1299.37
2011-06-17,GOLD-USD,Gold (USD),1538.6
2011-06-17,GOLD-CHF,Gold (CHF),1303.58
2011-06-20,GOLD-USD,Gold (USD),1541.5
2011-06-20,GOLD-CHF,Gold (CHF),1297.25
2011-06-21,GOLD-USD,Gold (USD),1546.0
2011-06-21,GOLD-CHF,Gold (CHF),1304.82
2011-06-22,GOLD-USD,Gold (USD),1552.9
2011-06-22,GOLD-CHF,Gold (CHF),1298.3
2011-06-23,GOLD-USD,Gold (USD),1520.1
2011-06-23,GOLD-CHF,Gold (CHF),1273.92
2011-06-24,GOLD-USD,Gold (USD),1500.5
2011-06-24,GOLD-CHF,Gold (CHF),1257.94
2011-06-27,GOLD-USD,Gold (USD),1496.0
2011-06-27,GOLD-CHF,Gold (CHF),1247.96
2011-06-28,GOLD-USD,Gold (USD),1499.7
2011-06-28,GOLD-CHF,Gold (CHF),1244.9
2011-06-29,GOLD-USD,Gold (USD),1509.9
2011-06-29,GOLD-CHF,Gold (CHF),1262.43
2011-06-30,GOLD-USD,Gold (USD),1502.3
2011-06-30,GOLD-CHF,Gold (CHF),1264.94
2011-07-01,GOLD-USD,Gold (USD),1482.3
2011-07-01,GOLD-CHF,Gold (CHF),1257.81
2011-07-05,GOLD-USD,Gold (USD),1512.3
2011-07-05,GOLD-CHF,Gold (CHF),1278.65
2011-07-06,GOLD-USD,Gold (USD),1528.7
2011-07-06,GOLD-CHF,Gold (CHF),1281.97
2011-07-07,GOLD-USD,Gold (USD),1530.2
2011-07-07,GOLD-CHF,Gold (CHF),1291.57
2011-07-08,GOLD-USD,Gold (USD),1541.2
2011-07-08,GOLD-CHF,Gold (CHF),1291.6
2011-07-11,GOLD-USD,Gold (USD),1548.8
2011-07-11,GOLD-CHF,Gold (CHF),1292.63
2011-07-12,GOLD-USD,Gold (USD),1561.9
2011-07-12,GOLD-CHF,Gold (CHF),1301.45
2011-07-13,GOLD-USD,Gold (USD),1585.2
2011-07-13,GOLD-CHF,Gold (CHF),1304.54
2011-07-14,GOLD-USD,Gold (USD),1589.0
2011-07-14,GOLD-CHF,Gold (CHF),1300.6
2011-07-15,GOLD-USD,Gold (USD),1589.8
2011-07-15,GOLD-CHF,Gold (CHF),1297.2
2011-07-18,GOLD-USD,Gold (USD),1602.1
2011-07-18,GOLD-CHF,Gold (CHF),1310.84
2011-07-19,GOLD-USD,Gold (USD),1600.9
2011-07-19,GOLD-CHF,Gold (CHF),1311.54
2011-07-20,GOLD-USD,Gold (USD),1596.7
2011-07-20,GOLD-CHF,Gold (CHF),1309.21
2011-07-21,GOLD-USD,Gold (USD),1586.8
2011-07-21,GOLD-CHF,Gold (CHF),1298.64
2011-07-22,GOLD-USD,Gold (USD),1601.3
2011-07-22,GOLD-CHF,Gold (CHF),1307.22
2011-07-25,GOLD-USD,Gold (USD),1612.0
2011-07-25,GOLD-CHF,Gold (CHF),1299.51
2011-07-26,GOLD-USD,Gold (USD),1616.6
2011-07-26,GOLD-CHF,Gold (CHF),1297.89
2011-07-27,GOLD-USD,Gold (USD),1615.0
2011-07-27,GOLD-CHF,Gold (CHF),1293.53
2011-07-28,GOLD-USD,Gold (USD),1613.4
2011-07-28,GOLD-CHF,Gold (CHF),1295.16
2011-07-29,GOLD-USD,Gold (USD),1628.3
2011-07-29,GOLD-CHF,Gold (CHF),1283.43
2011-08-01,GOLD-USD,Gold (USD),1619.0
2011-08-01,GOLD-CHF,Gold (CHF),1264.52
2011-08-02,GOLD-USD,Gold (USD),1641.9
2011-08-02,GOLD-CHF,Gold (CHF),1266.4
2011-08-03,GOLD-USD,Gold (USD),1663.4
2011-08-03,GOLD-CHF,Gold (CHF),1274.58
2011-08-04,GOLD-USD,Gold (USD),1656.2
2011-08-04,GOLD-CHF,Gold (CHF),1274.86
2011-08-05,GOLD-USD,Gold (USD),1648.8
2011-08-05,GOLD-CHF,Gold (CHF),1257.62
2011-08-08,GOLD-USD,Gold (USD),1710.2
2011-08-08,GOLD-CHF,Gold (CHF),1300.69
2011-08-09,GOLD-USD,Gold (USD),1740.0
2011-08-09,GOLD-CHF,Gold (CHF),1287.77
2011-08-10,GOLD-USD,Gold (USD),1781.3
2011-08-10,GOLD-CHF,Gold (CHF),1295.9
2011-08-11,GOLD-USD,Gold (USD),1748.8
2011-08-11,GOLD-CHF,Gold (CHF),1332.85
2011-08-12,GOLD-USD,Gold (USD),1740.2
2011-08-12,GOLD-CHF,Gold (CHF),1345.0
2011-08-15,GOLD-USD,Gold (USD),1755.5
2011-08-15,GOLD-CHF,Gold (CHF),1371.75
2011-08-16,GOLD-USD,Gold (USD),1782.4
2011-08-16,GOLD-CHF,Gold (CHF),1409.97
2011-08-17,GOLD-USD,Gold (USD),1791.2
2011-08-17,GOLD-CHF,Gold (CHF),1420.15
2011-08-18,GOLD-USD,Gold (USD),1818.9
2011-08-18,GOLD-CHF,Gold (CHF),1438.75
2011-08-19,GOLD-USD,Gold (USD),1848.9
2011-08-19,GOLD-CHF,Gold (CHF),1453.79
2011-08-22,GOLD-USD,Gold (USD),1888.7
2011-08-22,GOLD-CHF,Gold (CHF),1483.76
2011-08-23,GOLD-USD,Gold (USD),1858.3
2011-08-23,GOLD-CHF,Gold (CHF),1466.48
2011-08-24,GOLD-USD,Gold (USD),1754.1
2011-08-24,GOLD-CHF,Gold (CHF),1392.4
2011-08-25,GOLD-USD,Gold (USD),1759.8
2011-08-25,GOLD-CHF,Gold (CHF),1404.5
2011-08-26,GOLD-USD,Gold (USD),1794.1
2011-08-26,GOLD-CHF,Gold (CHF),1454.57
2011-08-29,GOLD-USD,Gold (USD),1788.4
2011-08-29,GOLD-CHF,Gold (CHF),1467.47
2011-08-30,GOLD-USD,Gold (USD),1826.7
2011-08-30,GOLD-CHF,Gold (CHF),1495.06
2011-08-31,GOLD-USD,Gold (USD),1828.5
2011-08-31,GOLD-CHF,Gold (CHF),1474.59
2011-09-01,GOLD-USD,Gold (USD),1826.0
2011-09-01,GOLD-CHF,Gold (CHF),1453.4
2011-09-02,GOLD-USD,Gold (USD),1873.7
2011-09-02,GOLD-CHF,Gold (CHF),1466.73
2011-09-06,GOLD-USD,Gold (USD),1869.9
2011-09-06,GOLD-CHF,Gold (CHF),1601.66
2011-09-07,GOLD-USD,Gold (USD),1814.2
2011-09-07,GOLD-CHF,Gold (CHF),1560.21
2011-09-08,GOLD-USD,Gold (USD),1854.4
2011-09-08,GOLD-CHF,Gold (CHF),1612.68
2011-09-09,GOLD-USD,Gold (USD),1856.4
2011-09-09,GOLD-CHF,Gold (CHF),1640.04
2011-09-12,GOLD-USD,Gold (USD),1809.9
2011-09-12,GOLD-CHF,Gold (CHF),1600.68
2011-09-13,GOLD-USD,Gold (USD),1826.8
2011-09-13,GOLD-CHF,Gold (CHF),1607.13
2011-09-14,GOLD-USD,Gold (USD),1823.5
2011-09-14,GOLD-CHF,Gold (CHF),1603.95
2011-09-15,GOLD-USD,Gold (USD),1778.5
2011-09-15,GOLD-CHF,Gold (CHF),1547.21
2011-09-16,GOLD-USD,Gold (USD),1812.1
2011-09-16,GOLD-CHF,Gold (CHF),1585.95
2011-09-19,GOLD-USD,Gold (USD),1776.4
2011-09-19,GOLD-CHF,Gold (CHF),1572.74
2011-09-20,GOLD-USD,Gold (USD),1806.6
2011-09-20,GOLD-CHF,Gold (CHF),1599.2
2011-09-21,GOLD-USD,Gold (USD),1805.5
2011-09-21,GOLD-CHF,Gold (CHF),1617.73
2011-09-22,GOLD-USD,Gold (USD),1739.2
2011-09-22,GOLD-CHF,Gold (CHF),1575.37
2011-09-23,GOLD-USD,Gold (USD),1637.5
2011-09-23,GOLD-CHF,Gold (CHF),1478.5
2011-09-26,GOLD-USD,Gold (USD),1592.5
2011-09-26,GOLD-CHF,Gold (CHF),1438.51
2011-09-27,GOLD-USD,Gold (USD),1650.6
2011-09-27,GOLD-CHF,Gold (CHF),1474.98
2011-09-28,GOLD-USD,Gold (USD),1616.3
2011-09-28,GOLD-CHF,Gold (CHF),1451.28
2011-09-29,GOLD-USD,Gold (USD),1615.5
2011-09-29,GOLD-CHF,Gold (CHF),1443.37
2011-09-30,GOLD-USD,Gold (USD),1620.4
2011-09-30,GOLD-CHF,Gold (CHF),1471.81
2011-10-03,GOLD-USD,Gold (USD),1656.0
2011-10-03,GOLD-CHF,Gold (CHF),1516.07
2011-10-04,GOLD-USD,Gold (USD),1614.7
2011-10-04,GOLD-CHF,Gold (CHF),1486.25
2011-10-05,GOLD-USD,Gold (USD),1640.3
2011-10-05,GOLD-CHF,Gold (CHF),1513.5
2011-10-06,GOLD-USD,Gold (USD),1651.9
2011-10-06,GOLD-CHF,Gold (CHF),1520.0
2011-10-07,GOLD-USD,Gold (USD),1634.5
2011-10-07,GOLD-CHF,Gold (CHF),1495.57
2011-10-10,GOLD-USD,Gold (USD),1669.6
2011-10-10,GOLD-CHF,Gold (CHF),1509.23
2011-10-11,GOLD-USD,Gold (USD),1659.7
2011-10-11,GOLD-CHF,Gold (CHF),1507.84
2011-10-12,GOLD-USD,Gold (USD),1681.3
2011-10-12,GOLD-CHF,Gold (CHF),1503.75
2011-10-13,GOLD-USD,Gold (USD),1667.3
2011-10-13,GOLD-CHF,Gold (CHF),1503.24
2011-10-14,GOLD-USD,Gold (USD),1681.8
2011-10-14,GOLD-CHF,Gold (CHF),1503.36
2011-10-17,GOLD-USD,Gold (USD),1675.5
2011-10-17,GOLD-CHF,Gold (CHF),1504.43
2011-10-18,GOLD-USD,Gold (USD),1651.7
2011-10-18,GOLD-CHF,Gold (CHF),1491.65
2011-10-19,GOLD-USD,Gold (USD),1646.0
2011-10-19,GOLD-CHF,Gold (CHF),1480.49
2011-10-20,GOLD-USD,Gold (USD),1611.9
2011-10-20,GOLD-CHF,Gold (CHF),1447.0
2011-10-21,GOLD-USD,Gold (USD),1635.1
2011-10-21,GOLD-CHF,Gold (CHF),1443.47
2011-10-24,GOLD-USD,Gold (USD),1651.5
2011-10-24,GOLD-CHF,Gold (CHF),1460.92
2011-10-25,GOLD-USD,Gold (USD),1699.6
2011-10-25,GOLD-CHF,Gold (CHF),1497.18
2011-10-26,GOLD-USD,Gold (USD),1722.7
2011-10-26,GOLD-CHF,Gold (CHF),1523.73
2011-10-27,GOLD-USD,Gold (USD),1746.7
2011-10-27,GOLD-CHF,Gold (CHF),1509.32
2011-10-28,GOLD-USD,Gold (USD),1746.2
2011-10-28,GOLD-CHF,Gold (CHF),1506.01
2011-10-31,GOLD-USD,Gold (USD),1724.2
2011-10-31,GOLD-CHF,Gold (CHF),1501.43
2011-11-01,GOLD-USD,Gold (USD),1711.0
2011-11-01,GOLD-CHF,Gold (CHF),1523.39
2011-11-02,GOLD-USD,Gold (USD),1728.7
2011-11-02,GOLD-CHF,Gold (CHF),1523.16
2011-11-03,GOLD-USD,Gold (USD),1764.2
2011-11-03,GOLD-CHF,Gold (CHF),1558.67
2011-11-04,GOLD-USD,Gold (USD),1755.3
2011-11-04,GOLD-CHF,Gold (CHF),1558.71
2011-11-07,GOLD-USD,Gold (USD),1790.3
2011-11-07,GOLD-CHF,Gold (CHF),1610.2
2011-11-08,GOLD-USD,Gold (USD),1798.4
2011-11-08,GOLD-CHF,Gold (CHF),1610.29
2011-11-09,GOLD-USD,Gold (USD),1790.9
2011-11-09,GOLD-CHF,Gold (CHF),1623.72
2011-11-10,GOLD-USD,Gold (USD),1758.9
2011-11-10,GOLD-CHF,Gold (CHF),1594.53
2011-11-11,GOLD-USD,Gold (USD),1787.5
2011-11-11,GOLD-CHF,Gold (CHF),1606.25
2011-11-14,GOLD-USD,Gold (USD),1777.8
2011-11-14,GOLD-CHF,Gold (CHF),1612.82
2011-11-15,GOLD-USD,Gold (USD),1781.7
2011-11-15,GOLD-CHF,Gold (CHF),1634.18
2011-11-16,GOLD-USD,Gold (USD),1773.8
2011-11-16,GOLD-CHF,Gold (CHF),1625.87
2011-11-17,GOLD-USD,Gold (USD),1719.8
2011-11-17,GOLD-CHF,Gold (CHF),1577.06
2011-11-18,GOLD-USD,Gold (USD),1724.7
2011-11-18,GOLD-CHF,Gold (CHF),1580.0
2011-11-21,GOLD-USD,Gold (USD),1678.3
2011-11-21,GOLD-CHF,Gold (CHF),1541.35
2011-11-22,GOLD-USD,Gold (USD),1702.2
2011-11-22,GOLD-CHF,Gold (CHF),1556.66
2011-11-23,GOLD-USD,Gold (USD),1695.7
2011-11-23,GOLD-CHF,Gold (CHF),1558.86
2011-11-25,GOLD-USD,Gold (USD),1685.5
2011-11-25,GOLD-CHF,Gold (CHF),1572.23
2011-11-28,GOLD-USD,Gold (USD),1710.8
2011-11-28,GOLD-CHF,Gold (CHF),1578.21
2011-11-29,GOLD-USD,Gold (USD),1713.4
2011-11-29,GOLD-CHF,Gold (CHF),1577.53
2011-11-30,GOLD-USD,Gold (USD),1745.5
2011-11-30,GOLD-CHF,Gold (CHF),1588.67
2011-12-01,GOLD-USD,Gold (USD),1735.3
2011-12-01,GOLD-CHF,Gold (CHF),1580.86
2011-12-02,GOLD-USD,Gold (USD),1747.0
2011-12-02,GOLD-CHF,Gold (CHF),1605.23
2011-12-05,GOLD-USD,Gold (USD),1730.7
2011-12-05,GOLD-CHF,Gold (CHF),1589.13
2011-12-06,GOLD-USD,Gold (USD),1727.9
2011-12-06,GOLD-CHF,Gold (CHF),1602.02
2011-12-07,GOLD-USD,Gold (USD),1740.9
2011-12-07,GOLD-CHF,Gold (CHF),1611.29
2011-12-08,GOLD-USD,Gold (USD),1709.8
2011-12-08,GOLD-CHF,Gold (CHF),1586.52
2011-12-09,GOLD-USD,Gold (USD),1712.8
2011-12-09,GOLD-CHF,Gold (CHF),1582.28
2011-12-12,GOLD-USD,Gold (USD),1664.2
2011-12-12,GOLD-CHF,Gold (CHF),1554.86
2011-12-13,GOLD-USD,Gold (USD),1659.9
2011-12-13,GOLD-CHF,Gold (CHF),1563.29
2011-12-14,GOLD-USD,Gold (USD),1584.3
2011-12-14,GOLD-CHF,Gold (CHF),1510.08
2011-12-15,GOLD-USD,Gold (USD),1574.6
2011-12-15,GOLD-CHF,Gold (CHF),1482.8
2011-12-16,GOLD-USD,Gold (USD),1595.6
2011-12-16,GOLD-CHF,Gold (CHF),1493.0
2011-12-19,GOLD-USD,Gold (USD),1594.4
2011-12-19,GOLD-CHF,Gold (CHF),1493.32
2011-12-20,GOLD-USD,Gold (USD),1615.6
2011-12-20,GOLD-CHF,Gold (CHF),1501.54
2011-12-21,GOLD-USD,Gold (USD),1611.9
2011-12-21,GOLD-CHF,Gold (CHF),1507.85
2011-12-22,GOLD-USD,Gold (USD),1608.9
2011-12-22,GOLD-CHF,Gold (CHF),1506.17
2011-12-23,GOLD-USD,Gold (USD),1604.7
2011-12-23,GOLD-CHF,Gold (CHF),1505.69
2011-12-27,GOLD-USD,Gold (USD),1594.2
2011-12-27,GOLD-CHF,Gold (CHF),1489.86
2011-12-28,GOLD-USD,Gold (USD),1562.9
2011-12-28,GOLD-CHF,Gold (CHF),1473.03
2011-12-29,GOLD-USD,Gold (USD),1539.9
2011-12-29,GOLD-CHF,Gold (CHF),1453.2
2011-12-30,GOLD-USD,Gold (USD),1565.8
2011-12-30,GOLD-CHF,Gold (CHF),1464.18
2012-01-03,GOLD-USD,Gold (USD),1599.7
2012-01-03,GOLD-CHF,Gold (CHF),1491.32
2012-01-04,GOLD-USD,Gold (USD),1611.9
2012-01-04,GOLD-CHF,Gold (CHF),1521.39
2012-01-05,GOLD-USD,Gold (USD),1619.4
2012-01-05,GOLD-CHF,Gold (CHF),1541.99
2012-01-06,GOLD-USD,Gold (USD),1616.1
2012-01-06,GOLD-CHF,Gold (CHF),1545.56
2012-01-09,GOLD-USD,Gold (USD),1607.5
2012-01-09,GOLD-CHF,Gold (CHF),1531.79
2012-01-10,GOLD-USD,Gold (USD),1631.0
2012-01-10,GOLD-CHF,Gold (CHF),1549.29
2012-01-11,GOLD-USD,Gold (USD),1639.2
2012-01-11,GOLD-CHF,Gold (CHF),1565.6
2012-01-12,GOLD-USD,Gold (USD),1647.3
2012-01-12,GOLD-CHF,Gold (CHF),1558.35
2012-01-13,GOLD-USD,Gold (USD),1630.4
2012-01-13,GOLD-CHF,Gold (CHF),1557.28
2012-01-17,GOLD-USD,Gold (USD),1655.2
2012-01-17,GOLD-CHF,Gold (CHF),1571.28
2012-01-18,GOLD-USD,Gold (USD),1659.5
2012-01-18,GOLD-CHF,Gold (CHF),1565.9
2012-01-19,GOLD-USD,Gold (USD),1654.1
2012-01-19,GOLD-CHF,Gold (CHF),1549.56
2012-01-20,GOLD-USD,Gold (USD),1663.7
2012-01-20,GOLD-CHF,Gold (CHF),1554.56
2012-01-23,GOLD-USD,Gold (USD),1678.0
2012-01-23,GOLD-CHF,Gold (CHF),1553.83
2012-01-24,GOLD-USD,Gold (USD),1664.2
2012-01-24,GOLD-CHF,Gold (CHF),1547.54
2012-01-25,GOLD-USD,Gold (USD),1699.8
2012-01-25,GOLD-CHF,Gold (CHF),1582.85
2012-01-26,GOLD-USD,Gold (USD),1726.3
2012-01-26,GOLD-CHF,Gold (CHF),1583.19
2012-01-27,GOLD-USD,Gold (USD),1731.8
2012-01-27,GOLD-CHF,Gold (CHF),1591.18
2012-01-30,GOLD-USD,Gold (USD),1731.0
2012-01-30,GOLD-CHF,Gold (CHF),1589.49
2012-01-31,GOLD-USD,Gold (USD),1737.8
2012-01-31,GOLD-CHF,Gold (CHF),1598.08
2012-02-01,GOLD-USD,Gold (USD),1747.1
2012-02-01,GOLD-CHF,Gold (CHF),1595.1
2012-02-02,GOLD-USD,Gold (USD),1756.8
2012-02-02,GOLD-CHF,Gold (CHF),1606.86
2012-02-03,GOLD-USD,Gold (USD),1737.9
2012-02-03,GOLD-CHF,Gold (CHF),1597.22
2012-02-06,GOLD-USD,Gold (USD),1722.8
2012-02-06,GOLD-CHF,Gold (CHF),1589.54
2012-02-07,GOLD-USD,Gold (USD),1746.4
2012-02-07,GOLD-CHF,Gold (CHF),1594.29
2012-02-08,GOLD-USD,Gold (USD),1729.3
2012-02-08,GOLD-CHF,Gold (CHF),1578.42
2012-02-09,GOLD-USD,Gold (USD),1739.0
2012-02-09,GOLD-CHF,Gold (CHF),1582.75
2012-02-10,GOLD-USD,Gold (USD),1723.3
2012-02-10,GOLD-CHF,Gold (CHF),1580.7
2012-02-13,GOLD-USD,Gold (USD),1723.0
2012-02-13,GOLD-CHF,Gold (CHF),1575.68
2012-02-14,GOLD-USD,Gold (USD),1715.9
2012-02-14,GOLD-CHF,Gold (CHF),1578.97
2012-02-15,GOLD-USD,Gold (USD),1726.3
2012-02-15,GOLD-CHF,Gold (CHF),1594.32
2012-02-16,GOLD-USD,Gold (USD),1726.8
2012-02-16,GOLD-CHF,Gold (CHF),1598.84
2012-02-17,GOLD-USD,Gold (USD),1724.5
2012-02-17,GOLD-CHF,Gold (CHF),1582.83
2012-02-21,GOLD-USD,Gold (USD),1757.1
2012-02-21,GOLD-CHF,Gold (CHF),1600.19
2012-02-22,GOLD-USD,Gold (USD),1770.0
2012-02-22,GOLD-CHF,Gold (CHF),1613.44
2012-02-23,GOLD-USD,Gold (USD),1784.9
2012-02-23,GOLD-CHF,Gold (CHF),1616.05
2012-02-24,GOLD-USD,Gold (USD),1775.1
2012-02-24,GOLD-CHF,Gold (CHF),1589.16
2012-02-27,GOLD-USD,Gold (USD),1773.6
2012-02-27,GOLD-CHF,Gold (CHF),1595.35
2012-02-28,GOLD-USD,Gold (USD),1787.0
2012-02-28,GOLD-CHF,Gold (CHF),1604.19
2012-02-29,GOLD-USD,Gold (USD),1709.9
2012-02-29,GOLD-CHF,Gold (CHF),1540.36
2012-03-01,GOLD-USD,Gold (USD),1721.1
2012-03-01,GOLD-CHF,Gold (CHF),1556.05
2012-03-02,GOLD-USD,Gold (USD),1708.8
2012-03-02,GOLD-CHF,Gold (CHF),1560.56
2012-03-05,GOLD-USD,Gold (USD),1703.0
2012-03-05,GOLD-CHF,Gold (CHF),1552.03
2012-03-06,GOLD-USD,Gold (USD),1671.4
2012-03-06,GOLD-CHF,Gold (CHF),1535.93
2012-03-07,GOLD-USD,Gold (USD),1683.3
2012-03-07,GOLD-CHF,Gold (CHF),1546.28
2012-03-08,GOLD-USD,Gold (USD),1698.1
2012-03-08,GOLD-CHF,Gold (CHF),1542.3
2012-03-09,GOLD-USD,Gold (USD),1710.9
2012-03-09,GOLD-CHF,Gold (CHF),1572.32
2012-03-12,GOLD-USD,Gold (USD),1699.2
2012-03-12,GOLD-CHF,Gold (CHF),1559.44
2012-03-13,GOLD-USD,Gold (USD),1693.7
2012-03-13,GOLD-CHF,Gold (CHF),1557.95
2012-03-14,GOLD-USD,Gold (USD),1642.5
2012-03-14,GOLD-CHF,Gold (CHF),1529.41
2012-03-15,GOLD-USD,Gold (USD),1659.1
2012-03-15,GOLD-CHF,Gold (CHF),1532.26
2012-03-16,GOLD-USD,Gold (USD),1655.5
2012-03-16,GOLD-CHF,Gold (CHF),1516.52
2012-03-19,GOLD-USD,Gold (USD),1666.9
2012-03-19,GOLD-CHF,Gold (CHF),1518.55
2012-03-20,GOLD-USD,Gold (USD),1646.7
2012-03-20,GOLD-CHF,Gold (CHF),1502.28
2012-03-21,GOLD-USD,Gold (USD),1650.0
2012-03-21,GOLD-CHF,Gold (CHF),1508.43
2012-03-22,GOLD-USD,Gold (USD),1642.3
2012-03-22,GOLD-CHF,Gold (CHF),1500.24
2012-03-23,GOLD-USD,Gold (USD),1662.3
2012-03-23,GOLD-CHF,Gold (CHF),1510.37
2012-03-26,GOLD-USD,Gold (USD),1685.5
2012-03-26,GOLD-CHF,Gold (CHF),1524.2
2012-03-27,GOLD-USD,Gold (USD),1684.8
2012-03-27,GOLD-CHF,Gold (CHF),1524.74
2012-03-28,GOLD-USD,Gold (USD),1657.9
2012-03-28,GOLD-CHF,Gold (CHF),1503.96
2012-03-29,GOLD-USD,Gold (USD),1652.2
2012-03-29,GOLD-CHF,Gold (CHF),1499.04
2012-03-30,GOLD-USD,Gold (USD),1669.3
2012-03-30,GOLD-CHF,Gold (CHF),1508.8
2012-04-02,GOLD-USD,Gold (USD),1677.5
2012-04-02,GOLD-CHF,Gold (CHF),1518.31
2012-04-03,GOLD-USD,Gold (USD),1670.0
2012-04-03,GOLD-CHF,Gold (CHF),1506.67
2012-04-04,GOLD-USD,Gold (USD),1612.3
2012-04-04,GOLD-CHF,Gold (CHF),1479.12
2012-04-05,GOLD-USD,Gold (USD),1628.5
2012-04-05,GOLD-CHF,Gold (CHF),1498.79
2012-04-09,GOLD-USD,Gold (USD),1642.5
2012-04-09,GOLD-CHF,Gold (CHF),1509.62
2012-04-10,GOLD-USD,Gold (USD),1659.5
2012-04-10,GOLD-CHF,Gold (CHF),1524.91
2012-04-11,GOLD-USD,Gold (USD),1659.0
2012-04-11,GOLD-CHF,Gold (CHF),1519.15
2012-04-12,GOLD-USD,Gold (USD),1679.5
2012-04-12,GOLD-CHF,Gold (CHF),1532.71
2012-04-13,GOLD-USD,Gold (USD),1659.1
2012-04-13,GOLD-CHF,Gold (CHF),1524.96
2012-04-16,GOLD-USD,Gold (USD),1648.7
2012-04-16,GOLD-CHF,Gold (CHF),1517.22
2012-04-17,GOLD-USD,Gold (USD),1650.3
2012-04-17,GOLD-CHF,Gold (CHF),1509.2
2012-04-18,GOLD-USD,Gold (USD),1638.8
2012-04-18,GOLD-CHF,Gold (CHF),1501.3
2012-04-19,GOLD-USD,Gold (USD),1640.6
2012-04-19,GOLD-CHF,Gold (CHF),1500.33
2012-04-20,GOLD-USD,Gold (USD),1642.1
2012-04-20,GOLD-CHF,Gold (CHF),1493.82
2012-04-23,GOLD-USD,Gold (USD),1631.9
2012-04-23,GOLD-CHF,Gold (CHF),1494.66
2012-04-24,GOLD-USD,Gold (USD),1643.0
2012-04-24,GOLD-CHF,Gold (CHF),1495.38
2012-04-25,GOLD-USD,Gold (USD),1641.4
2012-04-25,GOLD-CHF,Gold (CHF),1496.38
2012-04-26,GOLD-USD,Gold (USD),1659.6
2012-04-26,GOLD-CHF,Gold (CHF),1507.25
2012-04-27,GOLD-USD,Gold (USD),1664.0
2012-04-27,GOLD-CHF,Gold (CHF),1507.33
2012-04-30,GOLD-USD,Gold (USD),1663.4
2012-04-30,GOLD-CHF,Gold (CHF),1509.78
2012-05-01,GOLD-USD,Gold (USD),1661.7
2012-05-01,GOLD-CHF,Gold (CHF),1509.82
2012-05-02,GOLD-USD,Gold (USD),1653.4
2012-05-02,GOLD-CHF,Gold (CHF),1510.63
2012-05-03,GOLD-USD,Gold (USD),1653.4
2012-05-03,GOLD-CHF,Gold (CHF),1510.3
2012-05-04,GOLD-USD,Gold (USD),1634.2
2012-05-04,GOLD-CHF,Gold (CHF),1496.93
2012-05-07,GOLD-USD,Gold (USD),1644.7
2012-05-07,GOLD-CHF,Gold (CHF),1514.19
2012-05-08,GOLD-USD,Gold (USD),1638.6
2012-05-08,GOLD-CHF,Gold (CHF),1514.56
2012-05-09,GOLD-USD,Gold (USD),1604.0
2012-05-09,GOLD-CHF,Gold (CHF),1489.88
2012-05-10,GOLD-USD,Gold (USD),1593.7
2012-05-10,GOLD-CHF,Gold (CHF),1477.12
2012-05-11,GOLD-USD,Gold (USD),1595.1
2012-05-11,GOLD-CHF,Gold (CHF),1480.17
2012-05-14,GOLD-USD,Gold (USD),1583.6
2012-05-14,GOLD-CHF,Gold (CHF),1481.62
2012-05-15,GOLD-USD,Gold (USD),1560.6
2012-05-15,GOLD-CHF,Gold (CHF),1467.12
2012-05-16,GOLD-USD,Gold (USD),1556.8
2012-05-16,GOLD-CHF,Gold (CHF),1467.44
2012-05-17,GOLD-USD,Gold (USD),1536.2
2012-05-17,GOLD-CHF,Gold (CHF),1451.86
2012-05-18,GOLD-USD,Gold (USD),1574.5
2012-05-18,GOLD-CHF,Gold (CHF),1486.33
2012-05-21,GOLD-USD,Gold (USD),1591.6
2012-05-21,GOLD-CHF,Gold (CHF),1497.06
2012-05-22,GOLD-USD,Gold (USD),1588.4
2012-05-22,GOLD-CHF,Gold (CHF),1495.24
2012-05-23,GOLD-USD,Gold (USD),1576.3
2012-05-23,GOLD-CHF,Gold (CHF),1504.5
2012-05-24,GOLD-USD,Gold (USD),1548.1
2012-05-24,GOLD-CHF,Gold (CHF),1479.21
2012-05-25,GOLD-USD,Gold (USD),1557.3
2012-05-25,GOLD-CHF,Gold (CHF),1494.93
2012-05-29,GOLD-USD,Gold (USD),1568.8
2012-05-29,GOLD-CHF,Gold (CHF),1503.46
2012-05-30,GOLD-USD,Gold (USD),1548.7
2012-05-30,GOLD-CHF,Gold (CHF),1501.0
2012-05-31,GOLD-USD,Gold (USD),1563.4
2012-05-31,GOLD-CHF,Gold (CHF),1519.23
2012-06-01,GOLD-USD,Gold (USD),1562.6
2012-06-01,GOLD-CHF,Gold (CHF),1517.75
2012-06-04,GOLD-USD,Gold (USD),1620.5
2012-06-04,GOLD-CHF,Gold (CHF),1557.14
2012-06-05,GOLD-USD,Gold (USD),1612.2
2012-06-05,GOLD-CHF,Gold (CHF),1553.6
2012-06-06,GOLD-USD,Gold (USD),1615.2
2012-06-06,GOLD-CHF,Gold (CHF),1551.72
2012-06-07,GOLD-USD,Gold (USD),1632.8
2012-06-07,GOLD-CHF,Gold (CHF),1561.04
2012-06-08,GOLD-USD,Gold (USD),1586.6
2012-06-08,GOLD-CHF,Gold (CHF),1528.29
2012-06-11,GOLD-USD,Gold (USD),1590.1
2012-06-11,GOLD-CHF,Gold (CHF),1526.42
2012-06-12,GOLD-USD,Gold (USD),1595.5
2012-06-12,GOLD-CHF,Gold (CHF),1537.98
2012-06-13,GOLD-USD,Gold (USD),1612.7
2012-06-13,GOLD-CHF,Gold (CHF),1540.21
2012-06-14,GOLD-USD,Gold (USD),1618.1
2012-06-14,GOLD-CHF,Gold (CHF),1542.78
2012-06-15,GOLD-USD,Gold (USD),1618.4
2012-06-15,GOLD-CHF,Gold (CHF),1539.58
2012-06-18,GOLD-USD,Gold (USD),1627.0
2012-06-18,GOLD-CHF,Gold (CHF),1553.3
2012-06-19,GOLD-USD,Gold (USD),1625.7
2012-06-19,GOLD-CHF,Gold (CHF),1540.11
2012-06-20,GOLD-USD,Gold (USD),1622.2
2012-06-20,GOLD-CHF,Gold (CHF),1533.55
2012-06-21,GOLD-USD,Gold (USD),1614.8
2012-06-21,GOLD-CHF,Gold (CHF),1538.5
2012-06-22,GOLD-USD,Gold (USD),1564.5
2012-06-22,GOLD-CHF,Gold (CHF),1498.87
2012-06-25,GOLD-USD,Gold (USD),1587.5
2012-06-25,GOLD-CHF,Gold (CHF),1527.41
2012-06-26,GOLD-USD,Gold (USD),1574.0
2012-06-26,GOLD-CHF,Gold (CHF),1515.76
2012-06-27,GOLD-USD,Gold (USD),1577.5
2012-06-27,GOLD-CHF,Gold (CHF),1521.1
2012-06-28,GOLD-USD,Gold (USD),1549.7
2012-06-28,GOLD-CHF,Gold (CHF),1497.94
2012-06-29,GOLD-USD,Gold (USD),1603.5
2012-06-29,GOLD-CHF,Gold (CHF),1517.71
2012-07-02,GOLD-USD,Gold (USD),1597.2
2012-07-02,GOLD-CHF,Gold (CHF),1524.69
2012-07-03,GOLD-USD,Gold (USD),1621.3
2012-07-03,GOLD-CHF,Gold (CHF),1544.86
2012-07-05,GOLD-USD,Gold (USD),1608.9
2012-07-05,GOLD-CHF,Gold (CHF),1560.71
2012-07-06,GOLD-USD,Gold (USD),1578.4
2012-07-06,GOLD-CHF,Gold (CHF),1540.28
2012-07-09,GOLD-USD,Gold (USD),1588.6
2012-07-09,GOLD-CHF,Gold (CHF),1551.11
2012-07-10,GOLD-USD,Gold (USD),1579.3
2012-07-10,GOLD-CHF,Gold (CHF),1547.56
2012-07-11,GOLD-USD,Gold (USD),1575.2
2012-07-11,GOLD-CHF,Gold (CHF),1544.17
2012-07-12,GOLD-USD,Gold (USD),1564.9
2012-07-12,GOLD-CHF,Gold (CHF),1542.29
2012-07-13,GOLD-USD,Gold (USD),1591.6
2012-07-13,GOLD-CHF,Gold (CHF),1561.04
2012-07-16,GOLD-USD,Gold (USD),1591.2
2012-07-16,GOLD-CHF,Gold (CHF),1561.29
2012-07-17,GOLD-USD,Gold (USD),1589.1
2012-07-17,GOLD-CHF,Gold (CHF),1562.64
2012-07-18,GOLD-USD,Gold (USD),1570.4
2012-07-18,GOLD-CHF,Gold (CHF),1537.74
2012-07-19,GOLD-USD,Gold (USD),1580.1
2012-07-19,GOLD-CHF,Gold (CHF),1547.71
2012-07-20,GOLD-USD,Gold (USD),1582.5
2012-07-20,GOLD-CHF,Gold (CHF),1561.85
2012-07-23,GOLD-USD,Gold (USD),1577.1
2012-07-23,GOLD-CHF,Gold (CHF),1563.14
2012-07-24,GOLD-USD,Gold (USD),1576.0
2012-07-24,GOLD-CHF,Gold (CHF),1566.15
2012-07-25,GOLD-USD,Gold (USD),1608.0
2012-07-25,GOLD-CHF,Gold (CHF),1592.88
2012-07-26,GOLD-USD,Gold (USD),1615.0
2012-07-26,GOLD-CHF,Gold (CHF),1576.89
2012-07-27,GOLD-USD,Gold (USD),1617.9
2012-07-27,GOLD-CHF,Gold (CHF),1570.58
2012-07-30,GOLD-USD,Gold (USD),1619.7
2012-07-30,GOLD-CHF,Gold (CHF),1589.09
2012-07-31,GOLD-USD,Gold (USD),1610.5
2012-07-31,GOLD-CHF,Gold (CHF),1570.96
2012-08-01,GOLD-USD,Gold (USD),1603.7
2012-08-01,GOLD-CHF,Gold (CHF),1566.98
2012-08-02,GOLD-USD,Gold (USD),1587.4
2012-08-02,GOLD-CHF,Gold (CHF),1568.19
2012-08-03,GOLD-USD,Gold (USD),1606.0
2012-08-03,GOLD-CHF,Gold (CHF),1563.44
2012-08-06,GOLD-USD,Gold (USD),1612.9
2012-08-06,GOLD-CHF,Gold (CHF),1560.8
2012-08-07,GOLD-USD,Gold (USD),1609.7
2012-08-07,GOLD-CHF,Gold (CHF),1557.22
2012-08-08,GOLD-USD,Gold (USD),1612.9
2012-08-08,GOLD-CHF,Gold (CHF),1567.82
2012-08-09,GOLD-USD,Gold (USD),1617.1
2012-08-09,GOLD-CHF,Gold (CHF),1577.8
2012-08-10,GOLD-USD,Gold (USD),1619.7
2012-08-10,GOLD-CHF,Gold (CHF),1579.45
2012-08-13,GOLD-USD,Gold (USD),1609.6
2012-08-13,GOLD-CHF,Gold (CHF),1565.09
2012-08-14,GOLD-USD,Gold (USD),1599.4
2012-08-14,GOLD-CHF,Gold (CHF),1558.94
2012-08-15,GOLD-USD,Gold (USD),1603.7
2012-08-15,GOLD-CHF,Gold (CHF),1568.18
2012-08-16,GOLD-USD,Gold (USD),1616.1
2012-08-16,GOLD-CHF,Gold (CHF),1569.96
2012-08-17,GOLD-USD,Gold (USD),1616.3
2012-08-17,GOLD-CHF,Gold (CHF),1578.56
2012-08-20,GOLD-USD,Gold (USD),1620.1
2012-08-20,GOLD-CHF,Gold (CHF),1576.68
2012-08-21,GOLD-USD,Gold (USD),1639.9
2012-08-21,GOLD-CHF,Gold (CHF),1578.24
2012-08-22,GOLD-USD,Gold (USD),1637.4
2012-08-22,GOLD-CHF,Gold (CHF),1577.14
2012-08-23,GOLD-USD,Gold (USD),1669.6
2012-08-23,GOLD-CHF,Gold (CHF),1593.47
2012-08-24,GOLD-USD,Gold (USD),1669.8
2012-08-24,GOLD-CHF,Gold (CHF),1601.92
2012-08-27,GOLD-USD,Gold (USD),1672.4
2012-08-27,GOLD-CHF,Gold (CHF),1604.83
2012-08-28,GOLD-USD,Gold (USD),1666.5
2012-08-28,GOLD-CHF,Gold (CHF),1592.51
2012-08-29,GOLD-USD,Gold (USD),1659.8
2012-08-29,GOLD-CHF,Gold (CHF),1591.25
2012-08-30,GOLD-USD,Gold (USD),1653.5
2012-08-30,GOLD-CHF,Gold (CHF),1588.93
2012-08-31,GOLD-USD,Gold (USD),1684.6
2012-08-31,GOLD-CHF,Gold (CHF),1604.75
2012-09-04,GOLD-USD,Gold (USD),1692.9
2012-09-04,GOLD-CHF,Gold (CHF),1618.58
2012-09-05,GOLD-USD,Gold (USD),1690.8
2012-09-05,GOLD-CHF,Gold (CHF),1615.22
2012-09-06,GOLD-USD,Gold (USD),1702.6
2012-09-06,GOLD-CHF,Gold (CHF),1625.39
2012-09-07,GOLD-USD,Gold (USD),1737.5
2012-09-07,GOLD-CHF,Gold (CHF),1640.2
2012-09-10,GOLD-USD,Gold (USD),1728.7
2012-09-10,GOLD-CHF,Gold (CHF),1634.31
2012-09-11,GOLD-USD,Gold (USD),1731.8
2012-09-11,GOLD-CHF,Gold (CHF),1628.07
2012-09-12,GOLD-USD,Gold (USD),1730.6
2012-09-12,GOLD-CHF,Gold (CHF),1623.48
2012-09-13,GOLD-USD,Gold (USD),1769.1
2012-09-13,GOLD-CHF,Gold (CHF),1661.8
2012-09-14,GOLD-USD,Gold (USD),1769.8
2012-09-14,GOLD-CHF,Gold (CHF),1637.33
2012-09-17,GOLD-USD,Gold (USD),1767.7
2012-09-17,GOLD-CHF,Gold (CHF),1636.71
2012-09-18,GOLD-USD,Gold (USD),1768.4
2012-09-18,GOLD-CHF,Gold (CHF),1641.87
2012-09-19,GOLD-USD,Gold (USD),1769.0
2012-09-19,GOLD-CHF,Gold (CHF),1640.39
2012-09-20,GOLD-USD,Gold (USD),1767.7
2012-09-20,GOLD-CHF,Gold (CHF),1650.68
2012-09-21,GOLD-USD,Gold (USD),1775.5
2012-09-21,GOLD-CHF,Gold (CHF),1655.92
2012-09-24,GOLD-USD,Gold (USD),1762.1
2012-09-24,GOLD-CHF,Gold (CHF),1650.12
2012-09-25,GOLD-USD,Gold (USD),1763.8
2012-09-25,GOLD-CHF,Gold (CHF),1646.77
2012-09-26,GOLD-USD,Gold (USD),1750.6
2012-09-26,GOLD-CHF,Gold (CHF),1647.75
2012-09-27,GOLD-USD,Gold (USD),1777.6
2012-09-27,GOLD-CHF,Gold (CHF),1670.06
2012-09-28,GOLD-USD,Gold (USD),1771.1
2012-09-28,GOLD-CHF,Gold (CHF),1664.48
2012-10-01,GOLD-USD,Gold (USD),1780.5
2012-10-01,GOLD-CHF,Gold (CHF),1668.51
2012-10-02,GOLD-USD,Gold (USD),1772.7
2012-10-02,GOLD-CHF,Gold (CHF),1658.18
2012-10-03,GOLD-USD,Gold (USD),1777.3
2012-10-03,GOLD-CHF,Gold (CHF),1666.75
2012-10-04,GOLD-USD,Gold (USD),1794.1
2012-10-04,GOLD-CHF,Gold (CHF),1671.83
2012-10-05,GOLD-USD,Gold (USD),1778.6
2012-10-05,GOLD-CHF,Gold (CHF),1651.16
2012-10-08,GOLD-USD,Gold (USD),1773.5
2012-10-08,GOLD-CHF,Gold (CHF),1655.56
2012-10-09,GOLD-USD,Gold (USD),1763.0
2012-10-09,GOLD-CHF,Gold (CHF),1655.02
2012-10-10,GOLD-USD,Gold (USD),1763.2
2012-10-10,GOLD-CHF,Gold (CHF),1655.12
2012-10-11,GOLD-USD,Gold (USD),1768.8
2012-10-11,GOLD-CHF,Gold (CHF),1653.56
2012-10-12,GOLD-USD,Gold (USD),1758.0
2012-10-12,GOLD-CHF,Gold (CHF),1638.9
2012-10-15,GOLD-USD,Gold (USD),1736.0
2012-10-15,GOLD-CHF,Gold (CHF),1621.51
2012-10-16,GOLD-USD,Gold (USD),1744.7
2012-10-16,GOLD-CHF,Gold (CHF),1619.78
2012-10-17,GOLD-USD,Gold (USD),1751.5
2012-10-17,GOLD-CHF,Gold (CHF),1616.46
2012-10-18,GOLD-USD,Gold (USD),1743.3
2012-10-18,GOLD-CHF,Gold (CHF),1609.76
2012-10-19,GOLD-USD,Gold (USD),1722.8
2012-10-19,GOLD-CHF,Gold (CHF),1598.5
2012-10-22,GOLD-USD,Gold (USD),1725.1
2012-10-22,GOLD-CHF,Gold (CHF),1597.18
2012-10-23,GOLD-USD,Gold (USD),1708.3
2012-10-23,GOLD-CHF,Gold (CHF),1594.01
2012-10-24,GOLD-USD,Gold (USD),1700.5
2012-10-24,GOLD-CHF,Gold (CHF),1586.4
2012-10-25,GOLD-USD,Gold (USD),1712.0
2012-10-25,GOLD-CHF,Gold (CHF),1598.07
2012-10-26,GOLD-USD,Gold (USD),1710.9
2012-10-26,GOLD-CHF,Gold (CHF),1600.12
2012-10-31,GOLD-USD,Gold (USD),1717.5
2012-10-31,GOLD-CHF,Gold (CHF),1599.34
2012-11-01,GOLD-USD,Gold (USD),1714.1
2012-11-01,GOLD-CHF,Gold (CHF),1598.74
2012-11-02,GOLD-USD,Gold (USD),1674.1
2012-11-02,GOLD-CHF,Gold (CHF),1572.98
2012-11-05,GOLD-USD,Gold (USD),1682.2
2012-11-05,GOLD-CHF,Gold (CHF),1588.42
2012-11-06,GOLD-USD,Gold (USD),1714.1
2012-11-06,GOLD-CHF,Gold (CHF),1617.6
2012-11-07,GOLD-USD,Gold (USD),1713.2
2012-11-07,GOLD-CHF,Gold (CHF),1620.0
2012-11-08,GOLD-USD,Gold (USD),1725.4
2012-11-08,GOLD-CHF,Gold (CHF),1635.08
2012-11-09,GOLD-USD,Gold (USD),1730.3
2012-11-09,GOLD-CHF,Gold (CHF),1641.8
2012-11-12,GOLD-USD,Gold (USD),1730.3
2012-11-12,GOLD-CHF,Gold (CHF),1640.58
2012-11-13,GOLD-USD,Gold (USD),1724.2
2012-11-13,GOLD-CHF,Gold (CHF),1633.68
2012-11-14,GOLD-USD,Gold (USD),1729.5
2012-11-14,GOLD-CHF,Gold (CHF),1636.19
2012-11-15,GOLD-USD,Gold (USD),1713.3
2012-11-15,GOLD-CHF,Gold (CHF),1612.64
2012-11-16,GOLD-USD,Gold (USD),1714.3
2012-11-16,GOLD-CHF,Gold (CHF),1625.16
2012-11-19,GOLD-USD,Gold (USD),1734.0
2012-11-19,GOLD-CHF,Gold (CHF),1629.7
2012-11-20,GOLD-USD,Gold (USD),1723.2
2012-11-20,GOLD-CHF,Gold (CHF),1622.05
2012-11-21,GOLD-USD,Gold (USD),1727.9
2012-11-21,GOLD-CHF,Gold (CHF),1623.1
2012-11-23,GOLD-USD,Gold (USD),1751.3
2012-11-23,GOLD-CHF,Gold (CHF),1628.1
2012-11-26,GOLD-USD,Gold (USD),1749.5
2012-11-26,GOLD-CHF,Gold (CHF),1624.67
2012-11-27,GOLD-USD,Gold (USD),1742.2
2012-11-27,GOLD-CHF,Gold (CHF),1622.77
2012-11-28,GOLD-USD,Gold (USD),1716.5
2012-11-28,GOLD-CHF,Gold (CHF),1600.04
2012-11-29,GOLD-USD,Gold (USD),1727.2
2012-11-29,GOLD-CHF,Gold (CHF),1602.24
2012-11-30,GOLD-USD,Gold (USD),1710.9
2012-11-30,GOLD-CHF,Gold (CHF),1584.98
2012-12-03,GOLD-USD,Gold (USD),1719.6
2012-12-03,GOLD-CHF,Gold (CHF),1589.94
2012-12-04,GOLD-USD,Gold (USD),1694.4
2012-12-04,GOLD-CHF,Gold (CHF),1569.18
2012-12-05,GOLD-USD,Gold (USD),1692.4
2012-12-05,GOLD-CHF,Gold (CHF),1569.62
2012-12-06,GOLD-USD,Gold (USD),1700.3
2012-12-06,GOLD-CHF,Gold (CHF),1583.49
2012-12-07,GOLD-USD,Gold (USD),1704.0
2012-12-07,GOLD-CHF,Gold (CHF),1592.22
2012-12-10,GOLD-USD,Gold (USD),1713.0
2012-12-10,GOLD-CHF,Gold (CHF),1599.09
2012-12-11,GOLD-USD,Gold (USD),1708.2
2012-12-11,GOLD-CHF,Gold (CHF),1592.9
2012-12-12,GOLD-USD,Gold (USD),1716.6
2012-12-12,GOLD-CHF,Gold (CHF),1594.81
2012-12-13,GOLD-USD,Gold (USD),1695.6
2012-12-13,GOLD-CHF,Gold (CHF),1565.72
2012-12-14,GOLD-USD,Gold (USD),1695.8
2012-12-14,GOLD-CHF,Gold (CHF),1563.1
2012-12-17,GOLD-USD,Gold (USD),1697.0
2012-12-17,GOLD-CHF,Gold (CHF),1557.68
2012-12-18,GOLD-USD,Gold (USD),1669.5
2012-12-18,GOLD-CHF,Gold (CHF),1524.67
2012-12-19,GOLD-USD,Gold (USD),1666.5
2012-12-19,GOLD-CHF,Gold (CHF),1519.51
2012-12-20,GOLD-USD,Gold (USD),1644.9
2012-12-20,GOLD-CHF,Gold (CHF),1500.31
2012-12-21,GOLD-USD,Gold (USD),1659.1
2012-12-21,GOLD-CHF,Gold (CHF),1520.4
2012-12-24,GOLD-USD,Gold (USD),1658.6
2012-12-24,GOLD-CHF,Gold (CHF),1517.62
2012-12-26,GOLD-USD,Gold (USD),1659.8
2012-12-26,GOLD-CHF,Gold (CHF),1516.23
2012-12-27,GOLD-USD,Gold (USD),1662.6
2012-12-27,GOLD-CHF,Gold (CHF),1519.62
2012-12-28,GOLD-USD,Gold (USD),1654.9
2012-12-28,GOLD-CHF,Gold (CHF),1511.25
2012-12-31,GOLD-USD,Gold (USD),1674.8
2012-12-31,GOLD-CHF,Gold (CHF),1533.03
2013-01-02,GOLD-USD,Gold (USD),1687.9
2013-01-02,GOLD-CHF,Gold (CHF),1542.4
2013-01-03,GOLD-USD,Gold (USD),1673.7
2013-01-03,GOLD-CHF,Gold (CHF),1545.41
2013-01-04,GOLD-USD,Gold (USD),1648.1
2013-01-04,GOLD-CHF,Gold (CHF),1526.64
2013-01-07,GOLD-USD,Gold (USD),1645.5
2013-01-07,GOLD-CHF,Gold (CHF),1518.39
2013-01-08,GOLD-USD,Gold (USD),1661.5
2013-01-08,GOLD-CHF,Gold (CHF),1536.97
2013-01-09,GOLD-USD,Gold (USD),1654.8
2013-01-09,GOLD-CHF,Gold (CHF),1534.17
2013-01-10,GOLD-USD,Gold (USD),1677.3
2013-01-10,GOLD-CHF,Gold (CHF),1537.5
2013-01-11,GOLD-USD,Gold (USD),1660.0
2013-01-11,GOLD-CHF,Gold (CHF),1514.33
2013-01-14,GOLD-USD,Gold (USD),1668.9
2013-01-14,GOLD-CHF,Gold (CHF),1530.63
2013-01-15,GOLD-USD,Gold (USD),1683.4
2013-01-15,GOLD-CHF,Gold (CHF),1561.69
2013-01-16,GOLD-USD,Gold (USD),1682.7
2013-01-16,GOLD-CHF,Gold (CHF),1565.58
2013-01-17,GOLD-USD,Gold (USD),1690.4
2013-01-17,GOLD-CHF,Gold (CHF),1576.72
2013-01-18,GOLD-USD,Gold (USD),1686.6
2013-01-18,GOLD-CHF,Gold (CHF),1577.65
2013-01-22,GOLD-USD,Gold (USD),1692.8
2013-01-22,GOLD-CHF,Gold (CHF),1573.54
2013-01-23,GOLD-USD,Gold (USD),1686.3
2013-01-23,GOLD-CHF,Gold (CHF),1565.98
2013-01-24,GOLD-USD,Gold (USD),1669.5
2013-01-24,GOLD-CHF,Gold (CHF),1552.97
2013-01-25,GOLD-USD,Gold (USD),1656.4
2013-01-25,GOLD-CHF,Gold (CHF),1529.11
2013-01-28,GOLD-USD,Gold (USD),1652.4
2013-01-28,GOLD-CHF,Gold (CHF),1531.94
2013-01-29,GOLD-USD,Gold (USD),1660.7
2013-01-29,GOLD-CHF,Gold (CHF),1531.25
2013-01-30,GOLD-USD,Gold (USD),1679.9
2013-01-30,GOLD-CHF,Gold (CHF),1532.57
2013-01-31,GOLD-USD,Gold (USD),1660.6
2013-01-31,GOLD-CHF,Gold (CHF),1511.98
2013-02-01,GOLD-USD,Gold (USD),1669.4
2013-02-01,GOLD-CHF,Gold (CHF),1507.3
2013-02-04,GOLD-USD,Gold (USD),1675.3
2013-02-04,GOLD-CHF,Gold (CHF),1522.09
2013-02-05,GOLD-USD,Gold (USD),1672.4
2013-02-05,GOLD-CHF,Gold (CHF),1520.96
2013-02-06,GOLD-USD,Gold (USD),1677.7
2013-02-06,GOLD-CHF,Gold (CHF),1527.55
2013-02-07,GOLD-USD,Gold (USD),1670.4
2013-02-07,GOLD-CHF,Gold (CHF),1532.76
2013-02-08,GOLD-USD,Gold (USD),1666.0
2013-02-08,GOLD-CHF,Gold (CHF),1528.14
2013-02-11,GOLD-USD,Gold (USD),1648.2
2013-02-11,GOLD-CHF,Gold (CHF),1515.52
2013-02-12,GOLD-USD,Gold (USD),1648.7
2013-02-12,GOLD-CHF,Gold (CHF),1509.71
2013-02-13,GOLD-USD,Gold (USD),1644.2
2013-02-13,GOLD-CHF,Gold (CHF),1511.43
2013-02-14,GOLD-USD,Gold (USD),1634.7
2013-02-14,GOLD-CHF,Gold (CHF),1507.28
2013-02-15,GOLD-USD,Gold (USD),1608.8
2013-02-15,GOLD-CHF,Gold (CHF),1486.13
2013-02-19,GOLD-USD,Gold (USD),1603.6
2013-02-19,GOLD-CHF,Gold (CHF),1481.73
2013-02-20,GOLD-USD,Gold (USD),1577.6
2013-02-20,GOLD-CHF,Gold (CHF),1457.15
2013-02-21,GOLD-USD,Gold (USD),1578.2
2013-02-21,GOLD-CHF,Gold (CHF),1466.7
2013-02-22,GOLD-USD,Gold (USD),1572.4
2013-02-22,GOLD-CHF,Gold (CHF),1464.77
2013-02-25,GOLD-USD,Gold (USD),1586.2
2013-02-25,GOLD-CHF,Gold (CHF),1475.4
2013-02-26,GOLD-USD,Gold (USD),1615.2
2013-02-26,GOLD-CHF,Gold (CHF),1504.56
2013-02-27,GOLD-USD,Gold (USD),1595.2
2013-02-27,GOLD-CHF,Gold (CHF),1483.46
2013-02-28,GOLD-USD,Gold (USD),1577.7
2013-02-28,GOLD-CHF,Gold (CHF),1472.31
2013-03-01,GOLD-USD,Gold (USD),1571.9
2013-03-01,GOLD-CHF,Gold (CHF),1485.84
2013-03-04,GOLD-USD,Gold (USD),1572.1
2013-03-04,GOLD-CHF,Gold (CHF),1480.45
2013-03-05,GOLD-USD,Gold (USD),1574.6
2013-03-05,GOLD-CHF,Gold (CHF),1483.43
2013-03-06,GOLD-USD,Gold (USD),1574.6
2013-03-06,GOLD-CHF,Gold (CHF),1490.36
2013-03-07,GOLD-USD,Gold (USD),1574.8
2013-03-07,GOLD-CHF,Gold (CHF),1487.4
2013-03-08,GOLD-USD,Gold (USD),1576.6
2013-03-08,GOLD-CHF,Gold (CHF),1502.18
2013-03-11,GOLD-USD,Gold (USD),1577.8
2013-03-11,GOLD-CHF,Gold (CHF),1498.28
2013-03-12,GOLD-USD,Gold (USD),1591.5
2013-03-12,GOLD-CHF,Gold (CHF),1507.31
2013-03-13,GOLD-USD,Gold (USD),1588.3
2013-03-13,GOLD-CHF,Gold (CHF),1511.74
2013-03-14,GOLD-USD,Gold (USD),1590.6
2013-03-14,GOLD-CHF,Gold (CHF),1510.51
2013-03-15,GOLD-USD,Gold (USD),1592.5
2013-03-15,GOLD-CHF,Gold (CHF),1494.96
2013-03-18,GOLD-USD,Gold (USD),1604.6
2013-03-18,GOLD-CHF,Gold (CHF),1516.51
2013-03-19,GOLD-USD,Gold (USD),1611.3
2013-03-19,GOLD-CHF,Gold (CHF),1524.53
2013-03-20,GOLD-USD,Gold (USD),1607.5
2013-03-20,GOLD-CHF,Gold (CHF),1517.32
2013-03-21,GOLD-USD,Gold (USD),1613.8
2013-03-21,GOLD-CHF,Gold (CHF),1525.93
2013-03-22,GOLD-USD,Gold (USD),1606.2
2013-03-22,GOLD-CHF,Gold (CHF),1510.15
2013-03-25,GOLD-USD,Gold (USD),1604.6
2013-03-25,GOLD-CHF,Gold (CHF),1519.96
2013-03-26,GOLD-USD,Gold (USD),1595.8
2013-03-26,GOLD-CHF,Gold (CHF),1513.54
2013-03-27,GOLD-USD,Gold (USD),1606.2
2013-03-27,GOLD-CHF,Gold (CHF),1531.43
2013-03-28,GOLD-USD,Gold (USD),1594.8
2013-03-28,GOLD-CHF,Gold (CHF),1510.2
2013-04-01,GOLD-USD,Gold (USD),1600.0
2013-04-01,GOLD-CHF,Gold (CHF),1516.56
2013-04-02,GOLD-USD,Gold (USD),1575.1
2013-04-02,GOLD-CHF,Gold (CHF),1493.82
2013-04-03,GOLD-USD,Gold (USD),1552.8
2013-04-03,GOLD-CHF,Gold (CHF),1467.78
2013-04-04,GOLD-USD,Gold (USD),1551.8
2013-04-04,GOLD-CHF,Gold (CHF),1468.16
2013-04-05,GOLD-USD,Gold (USD),1575.4
2013-04-05,GOLD-CHF,Gold (CHF),1470.08
2013-04-08,GOLD-USD,Gold (USD),1572.0
2013-04-08,GOLD-CHF,Gold (CHF),1469.66
2013-04-09,GOLD-USD,Gold (USD),1586.2
2013-04-09,GOLD-CHF,Gold (CHF),1481.43
2013-04-10,GOLD-USD,Gold (USD),1558.3
2013-04-10,GOLD-CHF,Gold (CHF),1451.56
2013-04-11,GOLD-USD,Gold (USD),1564.3
2013-04-11,GOLD-CHF,Gold (CHF),1453.7
2013-04-12,GOLD-USD,Gold (USD),1501.0
2013-04-12,GOLD-CHF,Gold (CHF),1394.58
2013-04-15,GOLD-USD,Gold (USD),1360.6
2013-04-15,GOLD-CHF,Gold (CHF),1265.09
2013-04-16,GOLD-USD,Gold (USD),1386.8
2013-04-16,GOLD-CHF,Gold (CHF),1285.08
2013-04-17,GOLD-USD,Gold (USD),1382.2
2013-04-17,GOLD-CHF,Gold (CHF),1287.1
2013-04-18,GOLD-USD,Gold (USD),1392.0
2013-04-18,GOLD-CHF,Gold (CHF),1294.21
2013-04-19,GOLD-USD,Gold (USD),1395.3
2013-04-19,GOLD-CHF,Gold (CHF),1298.47
2013-04-22,GOLD-USD,Gold (USD),1421.0
2013-04-22,GOLD-CHF,Gold (CHF),1330.2
2013-04-23,GOLD-USD,Gold (USD),1408.6
2013-04-23,GOLD-CHF,Gold (CHF),1326.55
2013-04-24,GOLD-USD,Gold (USD),1423.4
2013-04-24,GOLD-CHF,Gold (CHF),1348.96
2013-04-25,GOLD-USD,Gold (USD),1461.8
2013-04-25,GOLD-CHF,Gold (CHF),1384.91
2013-04-26,GOLD-USD,Gold (USD),1453.6
2013-04-26,GOLD-CHF,Gold (CHF),1368.86
2013-04-29,GOLD-USD,Gold (USD),1467.4
2013-04-29,GOLD-CHF,Gold (CHF),1374.66
2013-04-30,GOLD-USD,Gold (USD),1472.2
2013-04-30,GOLD-CHF,Gold (CHF),1367.6
2013-05-01,GOLD-USD,Gold (USD),1446.3
2013-05-01,GOLD-CHF,Gold (CHF),1341.95
2013-05-02,GOLD-USD,Gold (USD),1467.7
2013-05-02,GOLD-CHF,Gold (CHF),1370.61
2013-05-03,GOLD-USD,Gold (USD),1464.3
2013-05-03,GOLD-CHF,Gold (CHF),1368.24
2013-05-06,GOLD-USD,Gold (USD),1468.1
2013-05-06,GOLD-CHF,Gold (CHF),1378.99
2013-05-07,GOLD-USD,Gold (USD),1449.0
2013-05-07,GOLD-CHF,Gold (CHF),1363.8
2013-05-08,GOLD-USD,Gold (USD),1473.9
2013-05-08,GOLD-CHF,Gold (CHF),1378.91
2013-05-09,GOLD-USD,Gold (USD),1468.8
2013-05-09,GOLD-CHF,Gold (CHF),1381.77
2013-05-10,GOLD-USD,Gold (USD),1436.8
2013-05-10,GOLD-CHF,Gold (CHF),1375.45
2013-05-13,GOLD-USD,Gold (USD),1434.5
2013-05-13,GOLD-CHF,Gold (CHF),1373.25
2013-05-14,GOLD-USD,Gold (USD),1424.7
2013-05-14,GOLD-CHF,Gold (CHF),1363.94
2013-05-15,GOLD-USD,Gold (USD),1396.5
2013-05-15,GOLD-CHF,Gold (CHF),1351.39
2013-05-16,GOLD-USD,Gold (USD),1387.1
2013-05-16,GOLD-CHF,Gold (CHF),1330.71
2013-05-17,GOLD-USD,Gold (USD),1364.9
2013-05-17,GOLD-CHF,Gold (CHF),1327.84
2013-05-20,GOLD-USD,Gold (USD),1384.3
2013-05-20,GOLD-CHF,Gold (CHF),1340.07
2013-05-21,GOLD-USD,Gold (USD),1377.8
2013-05-21,GOLD-CHF,Gold (CHF),1337.84
2013-05-22,GOLD-USD,Gold (USD),1367.6
2013-05-22,GOLD-CHF,Gold (CHF),1339.7
2013-05-23,GOLD-USD,Gold (USD),1392.0
2013-05-23,GOLD-CHF,Gold (CHF),1349.61
2013-05-24,GOLD-USD,Gold (USD),1386.8
2013-05-24,GOLD-CHF,Gold (CHF),1332.44
2013-05-28,GOLD-USD,Gold (USD),1379.1
2013-05-28,GOLD-CHF,Gold (CHF),1346.0
2013-05-29,GOLD-USD,Gold (USD),1391.3
2013-05-29,GOLD-CHF,Gold (CHF),1337.04
2013-05-30,GOLD-USD,Gold (USD),1411.5
2013-05-30,GOLD-CHF,Gold (CHF),1346.15
2013-05-31,GOLD-USD,Gold (USD),1392.6
2013-05-31,GOLD-CHF,Gold (CHF),1336.34
2013-06-03,GOLD-USD,Gold (USD),1411.7
2013-06-03,GOLD-CHF,Gold (CHF),1346.34
2013-06-04,GOLD-USD,Gold (USD),1397.1
2013-06-04,GOLD-CHF,Gold (CHF),1325.71
2013-06-05,GOLD-USD,Gold (USD),1398.4
2013-06-05,GOLD-CHF,Gold (CHF),1319.39
2013-06-06,GOLD-USD,Gold (USD),1415.7
2013-06-06,GOLD-CHF,Gold (CHF),1323.47
2013-06-07,GOLD-USD,Gold (USD),1383.0
2013-06-07,GOLD-CHF,Gold (CHF),1293.17
2013-06-10,GOLD-USD,Gold (USD),1386.2
2013-06-10,GOLD-CHF,Gold (CHF),1301.78
2013-06-11,GOLD-USD,Gold (USD),1377.0
2013-06-11,GOLD-CHF,Gold (CHF),1276.82
2013-06-12,GOLD-USD,Gold (USD),1391.8
2013-06-12,GOLD-CHF,Gold (CHF),1281.01
2013-06-13,GOLD-USD,Gold (USD),1377.6
2013-06-13,GOLD-CHF,Gold (CHF),1272.56
2013-06-14,GOLD-USD,Gold (USD),1387.3
2013-06-14,GOLD-CHF,Gold (CHF),1277.56
2013-06-17,GOLD-USD,Gold (USD),1382.8
2013-06-17,GOLD-CHF,Gold (CHF),1279.09
2013-06-18,GOLD-USD,Gold (USD),1366.6
2013-06-18,GOLD-CHF,Gold (CHF),1257.89
2013-06-19,GOLD-USD,Gold (USD),1373.6
2013-06-19,GOLD-CHF,Gold (CHF),1262.89
2013-06-20,GOLD-USD,Gold (USD),1285.9
2013-06-20,GOLD-CHF,Gold (CHF),1197.69
2013-06-21,GOLD-USD,Gold (USD),1291.6
2013-06-21,GOLD-CHF,Gold (CHF),1207.32
2013-06-24,GOLD-USD,Gold (USD),1276.8
2013-06-24,GOLD-CHF,Gold (CHF),1193.3
2013-06-25,GOLD-USD,Gold (USD),1274.8
2013-06-25,GOLD-CHF,Gold (CHF),1197.93
2013-06-26,GOLD-USD,Gold (USD),1229.6
2013-06-26,GOLD-CHF,Gold (CHF),1158.78
2013-06-27,GOLD-USD,Gold (USD),1211.4
2013-06-27,GOLD-CHF,Gold (CHF),1149.13
2013-06-28,GOLD-USD,Gold (USD),1223.8
2013-06-28,GOLD-CHF,Gold (CHF),1157.9
2013-07-01,GOLD-USD,Gold (USD),1255.9
2013-07-01,GOLD-CHF,Gold (CHF),1189.46
2013-07-02,GOLD-USD,Gold (USD),1243.6
2013-07-02,GOLD-CHF,Gold (CHF),1178.56
2013-07-03,GOLD-USD,Gold (USD),1252.1
2013-07-03,GOLD-CHF,Gold (CHF),1188.24
2013-07-05,GOLD-USD,Gold (USD),1212.9
2013-07-05,GOLD-CHF,Gold (CHF),1166.32
2013-07-08,GOLD-USD,Gold (USD),1234.9
2013-07-08,GOLD-CHF,Gold (CHF),1190.94
2013-07-09,GOLD-USD,Gold (USD),1245.9
2013-07-09,GOLD-CHF,Gold (CHF),1212.88
2013-07-10,GOLD-USD,Gold (USD),1247.4
2013-07-10,GOLD-CHF,Gold (CHF),1206.73
2013-07-11,GOLD-USD,Gold (USD),1280.1
2013-07-11,GOLD-CHF,Gold (CHF),1217.12
2013-07-12,GOLD-USD,Gold (USD),1277.8
2013-07-12,GOLD-CHF,Gold (CHF),1211.16
2013-07-15,GOLD-USD,Gold (USD),1283.8
2013-07-15,GOLD-CHF,Gold (CHF),1220.19
2013-07-16,GOLD-USD,Gold (USD),1290.8
2013-07-16,GOLD-CHF,Gold (CHF),1215.55
2013-07-17,GOLD-USD,Gold (USD),1277.9
2013-07-17,GOLD-CHF,Gold (CHF),1206.21
2013-07-18,GOLD-USD,Gold (USD),1284.6
2013-07-18,GOLD-CHF,Gold (CHF),1215.49
2013-07-19,GOLD-USD,Gold (USD),1293.3
2013-07-19,GOLD-CHF,Gold (CHF),1216.48
2013-07-22,GOLD-USD,Gold (USD),1336.4
2013-07-22,GOLD-CHF,Gold (CHF),1249.8
2013-07-23,GOLD-USD,Gold (USD),1335.1
2013-07-23,GOLD-CHF,Gold (CHF),1250.12
2013-07-24,GOLD-USD,Gold (USD),1319.9
2013-07-24,GOLD-CHF,Gold (CHF),1234.3
2013-07-25,GOLD-USD,Gold (USD),1329.0
2013-07-25,GOLD-CHF,Gold (CHF),1240.89
2013-07-26,GOLD-USD,Gold (USD),1321.7
2013-07-26,GOLD-CHF,Gold (CHF),1228.32
2013-07-29,GOLD-USD,Gold (USD),1328.4
2013-07-29,GOLD-CHF,Gold (CHF),1237.01
2013-07-30,GOLD-USD,Gold (USD),1324.0
2013-07-30,GOLD-CHF,Gold (CHF),1232.18
2013-07-31,GOLD-USD,Gold (USD),1312.4
2013-07-31,GOLD-CHF,Gold (CHF),1219.42
2013-08-01,GOLD-USD,Gold (USD),1311.0
2013-08-01,GOLD-CHF,Gold (CHF),1224.21
2013-08-02,GOLD-USD,Gold (USD),1310.6
2013-08-02,GOLD-CHF,Gold (CHF),1216.37
2013-08-05,GOLD-USD,Gold (USD),1302.6
2013-08-05,GOLD-CHF,Gold (CHF),1213.5
2013-08-06,GOLD-USD,Gold (USD),1283.2
2013-08-06,GOLD-CHF,Gold (CHF),1186.83
2013-08-07,GOLD-USD,Gold (USD),1286.1
2013-08-07,GOLD-CHF,Gold (CHF),1187.01
2013-08-08,GOLD-USD,Gold (USD),1310.7
2013-08-08,GOLD-CHF,Gold (CHF),1204.93
2013-08-09,GOLD-USD,Gold (USD),1312.9
2013-08-09,GOLD-CHF,Gold (CHF),1209.9
2013-08-12,GOLD-USD,Gold (USD),1334.7
2013-08-12,GOLD-CHF,Gold (CHF),1237.47
2013-08-13,GOLD-USD,Gold (USD),1321.2
2013-08-13,GOLD-CHF,Gold (CHF),1234.13
2013-08-14,GOLD-USD,Gold (USD),1334.0
2013-08-14,GOLD-CHF,Gold (CHF),1246.02
2013-08-15,GOLD-USD,Gold (USD),1361.6
2013-08-15,GOLD-CHF,Gold (CHF),1272.55
2013-08-16,GOLD-USD,Gold (USD),1371.7
2013-08-16,GOLD-CHF,Gold (CHF),1269.85
2013-08-19,GOLD-USD,Gold (USD),1366.2
2013-08-19,GOLD-CHF,Gold (CHF),1263.67
2013-08-20,GOLD-USD,Gold (USD),1373.1
2013-08-20,GOLD-CHF,Gold (CHF),1260.16
2013-08-21,GOLD-USD,Gold (USD),1370.6
2013-08-21,GOLD-CHF,Gold (CHF),1261.57
2013-08-22,GOLD-USD,Gold (USD),1371.2
2013-08-22,GOLD-CHF,Gold (CHF),1268.02
2013-08-23,GOLD-USD,Gold (USD),1395.7
2013-08-23,GOLD-CHF,Gold (CHF),1283.14
2013-08-26,GOLD-USD,Gold (USD),1393.0
2013-08-26,GOLD-CHF,Gold (CHF),1285.81
2013-08-27,GOLD-USD,Gold (USD),1420.6
2013-08-27,GOLD-CHF,Gold (CHF),1304.04
2013-08-28,GOLD-USD,Gold (USD),1419.0
2013-08-28,GOLD-CHF,Gold (CHF),1307.32
2013-08-29,GOLD-USD,Gold (USD),1412.9
2013-08-29,GOLD-CHF,Gold (CHF),1316.26
2013-08-30,GOLD-USD,Gold (USD),1396.1
2013-08-30,GOLD-CHF,Gold (CHF),1301.72
2013-09-03,GOLD-USD,Gold (USD),1412.0
2013-09-03,GOLD-CHF,Gold (CHF),1324.39
2013-09-04,GOLD-USD,Gold (USD),1389.9
2013-09-04,GOLD-CHF,Gold (CHF),1301.22
2013-09-05,GOLD-USD,Gold (USD),1373.1
2013-09-05,GOLD-CHF,Gold (CHF),1297.24
2013-09-06,GOLD-USD,Gold (USD),1386.7
2013-09-06,GOLD-CHF,Gold (CHF),1301.63
2013-09-09,GOLD-USD,Gold (USD),1386.8
2013-09-09,GOLD-CHF,Gold (CHF),1292.57
2013-09-10,GOLD-USD,Gold (USD),1364.1
2013-09-10,GOLD-CHF,Gold (CHF),1275.09
2013-09-11,GOLD-USD,Gold (USD),1363.9
2013-09-11,GOLD-CHF,Gold (CHF),1269.79
2013-09-12,GOLD-USD,Gold (USD),1330.4
2013-09-12,GOLD-CHF,Gold (CHF),1235.14
2013-09-13,GOLD-USD,Gold (USD),1308.4
2013-09-13,GOLD-CHF,Gold (CHF),1221.06
2013-09-16,GOLD-USD,Gold (USD),1317.9
2013-09-16,GOLD-CHF,Gold (CHF),1219.65
2013-09-17,GOLD-USD,Gold (USD),1309.5
2013-09-17,GOLD-CHF,Gold (CHF),1214.82
2013-09-18,GOLD-USD,Gold (USD),1307.8
2013-09-18,GOLD-CHF,Gold (CHF),1210.3
2013-09-19,GOLD-USD,Gold (USD),1369.4
2013-09-19,GOLD-CHF,Gold (CHF),1246.63
2013-09-20,GOLD-USD,Gold (USD),1332.5
2013-09-20,GOLD-CHF,Gold (CHF),1214.71
2013-09-23,GOLD-USD,Gold (USD),1326.9
2013-09-23,GOLD-CHF,Gold (CHF),1208.87
2013-09-24,GOLD-USD,Gold (USD),1316.0
2013-09-24,GOLD-CHF,Gold (CHF),1198.94
2013-09-25,GOLD-USD,Gold (USD),1335.9
2013-09-25,GOLD-CHF,Gold (CHF),1216.87
2013-09-26,GOLD-USD,Gold (USD),1323.6
2013-09-26,GOLD-CHF,Gold (CHF),1205.87
2013-09-27,GOLD-USD,Gold (USD),1338.4
2013-09-27,GOLD-CHF,Gold (CHF),1210.58
2013-09-30,GOLD-USD,Gold (USD),1326.5
2013-09-30,GOLD-CHF,Gold (CHF),1199.49
2013-10-01,GOLD-USD,Gold (USD),1286.0
2013-10-01,GOLD-CHF,Gold (CHF),1165.44
2013-10-02,GOLD-USD,Gold (USD),1320.6
2013-10-02,GOLD-CHF,Gold (CHF),1190.45
2013-10-03,GOLD-USD,Gold (USD),1317.4
2013-10-03,GOLD-CHF,Gold (CHF),1185.66
2013-10-04,GOLD-USD,Gold (USD),1309.7
2013-10-04,GOLD-CHF,Gold (CHF),1182.92
2013-10-07,GOLD-USD,Gold (USD),1324.8
2013-10-07,GOLD-CHF,Gold (CHF),1198.48
2013-10-08,GOLD-USD,Gold (USD),1324.2
2013-10-08,GOLD-CHF,Gold (CHF),1195.95
2013-10-09,GOLD-USD,Gold (USD),1306.9
2013-10-09,GOLD-CHF,Gold (CHF),1189.21
2013-10-10,GOLD-USD,Gold (USD),1296.6
2013-10-10,GOLD-CHF,Gold (CHF),1181.07
2013-10-11,GOLD-USD,Gold (USD),1268.0
2013-10-11,GOLD-CHF,Gold (CHF),1153.75
2013-10-14,GOLD-USD,Gold (USD),1276.4
2013-10-14,GOLD-CHF,Gold (CHF),1158.01
2013-10-15,GOLD-USD,Gold (USD),1273.0
2013-10-15,GOLD-CHF,Gold (CHF),1164.54
2013-10-16,GOLD-USD,Gold (USD),1282.0
2013-10-16,GOLD-CHF,Gold (CHF),1174.25
2013-10-17,GOLD-USD,Gold (USD),1322.7
2013-10-17,GOLD-CHF,Gold (CHF),1194.27
2013-10-18,GOLD-USD,Gold (USD),1314.4
2013-10-18,GOLD-CHF,Gold (CHF),1185.19
2013-10-21,GOLD-USD,Gold (USD),1315.7
2013-10-21,GOLD-CHF,Gold (CHF),1186.37
2013-10-22,GOLD-USD,Gold (USD),1342.5
2013-10-22,GOLD-CHF,Gold (CHF),1201.87
2013-10-23,GOLD-USD,Gold (USD),1333.9
2013-10-23,GOLD-CHF,Gold (CHF),1189.51
2013-10-24,GOLD-USD,Gold (USD),1350.2
2013-10-24,GOLD-CHF,Gold (CHF),1204.04
2013-10-25,GOLD-USD,Gold (USD),1352.4
2013-10-25,GOLD-CHF,Gold (CHF),1209.25
2013-10-28,GOLD-USD,Gold (USD),1352.0
2013-10-28,GOLD-CHF,Gold (CHF),1210.65
2013-10-29,GOLD-USD,Gold (USD),1345.2
2013-10-29,GOLD-CHF,Gold (CHF),1208.26
2013-10-30,GOLD-USD,Gold (USD),1349.0
2013-10-30,GOLD-CHF,Gold (CHF),1209.31
2013-10-31,GOLD-USD,Gold (USD),1323.6
2013-10-31,GOLD-CHF,Gold (CHF),1198.59
2013-11-01,GOLD-USD,Gold (USD),1313.1
2013-11-01,GOLD-CHF,Gold (CHF),1198.14
2013-11-04,GOLD-USD,Gold (USD),1314.6
2013-11-04,GOLD-CHF,Gold (CHF),1197.53
2013-11-05,GOLD-USD,Gold (USD),1308.0
2013-11-05,GOLD-CHF,Gold (CHF),1193.03
2013-11-06,GOLD-USD,Gold (USD),1317.7
2013-11-06,GOLD-CHF,Gold (CHF),1200.49
2013-11-07,GOLD-USD,Gold (USD),1308.4
2013-11-07,GOLD-CHF,Gold (CHF),1202.03
2013-11-08,GOLD-USD,Gold (USD),1284.5
2013-11-08,GOLD-CHF,Gold (CHF),1184.69
2013-11-11,GOLD-USD,Gold (USD),1281.0
2013-11-11,GOLD-CHF,Gold (CHF),1177.75
2013-11-12,GOLD-USD,Gold (USD),1271.1
2013-11-12,GOLD-CHF,Gold (CHF),1164.9
2013-11-13,GOLD-USD,Gold (USD),1268.3
2013-11-13,GOLD-CHF,Gold (CHF),1165.63
2013-11-14,GOLD-USD,Gold (USD),1286.2
2013-11-14,GOLD-CHF,Gold (CHF),1177.84
2013-11-15,GOLD-USD,Gold (USD),1287.3
2013-11-15,GOLD-CHF,Gold (CHF),1178.72
2013-11-18,GOLD-USD,Gold (USD),1272.2
2013-11-18,GOLD-CHF,Gold (CHF),1160.18
2013-11-19,GOLD-USD,Gold (USD),1273.4
2013-11-19,GOLD-CHF,Gold (CHF),1161.4
2013-11-20,GOLD-USD,Gold (USD),1257.9
2013-11-20,GOLD-CHF,Gold (CHF),1150.41
2013-11-21,GOLD-USD,Gold (USD),1243.5
2013-11-21,GOLD-CHF,Gold (CHF),1138.18
2013-11-22,GOLD-USD,Gold (USD),1244.0
2013-11-22,GOLD-CHF,Gold (CHF),1131.29
2013-11-25,GOLD-USD,Gold (USD),1241.1
2013-11-25,GOLD-CHF,Gold (CHF),1131.64
2013-11-26,GOLD-USD,Gold (USD),1241.4
2013-11-26,GOLD-CHF,Gold (CHF),1127.19
2013-11-27,GOLD-USD,Gold (USD),1237.8
2013-11-27,GOLD-CHF,Gold (CHF),1124.11
2013-11-29,GOLD-USD,Gold (USD),1250.6
2013-11-29,GOLD-CHF,Gold (CHF),1130.1
2013-12-02,GOLD-USD,Gold (USD),1222.3
2013-12-02,GOLD-CHF,Gold (CHF),1108.99
2013-12-03,GOLD-USD,Gold (USD),1221.7
2013-12-03,GOLD-CHF,Gold (CHF),1105.46
2013-12-04,GOLD-USD,Gold (USD),1248.2
2013-12-04,GOLD-CHF,Gold (CHF),1130.43
2013-12-05,GOLD-USD,Gold (USD),1233.2
2013-12-05,GOLD-CHF,Gold (CHF),1107.6
2013-12-06,GOLD-USD,Gold (USD),1230.3
2013-12-06,GOLD-CHF,Gold (CHF),1100.69
2013-12-09,GOLD-USD,Gold (USD),1235.3
2013-12-09,GOLD-CHF,Gold (CHF),1101.64
2013-12-10,GOLD-USD,Gold (USD),1262.4
2013-12-10,GOLD-CHF,Gold (CHF),1120.25
2013-12-11,GOLD-USD,Gold (USD),1258.5
2013-12-11,GOLD-CHF,Gold (CHF),1114.78
2013-12-12,GOLD-USD,Gold (USD),1226.0
2013-12-12,GOLD-CHF,Gold (CHF),1090.53
2013-12-13,GOLD-USD,Gold (USD),1235.7
2013-12-13,GOLD-CHF,Gold (CHF),1100.7
2013-12-16,GOLD-USD,Gold (USD),1245.5
2013-12-16,GOLD-CHF,Gold (CHF),1105.57
2013-12-17,GOLD-USD,Gold (USD),1231.2
2013-12-17,GOLD-CHF,Gold (CHF),1093.74
2013-12-18,GOLD-USD,Gold (USD),1236.1
2013-12-18,GOLD-CHF,Gold (CHF),1096.42
2013-12-19,GOLD-USD,Gold (USD),1195.0
2013-12-19,GOLD-CHF,Gold (CHF),1071.62
2013-12-20,GOLD-USD,Gold (USD),1205.1
2013-12-20,GOLD-CHF,Gold (CHF),1079.47
2013-12-23,GOLD-USD,Gold (USD),1198.4
2013-12-23,GOLD-CHF,Gold (CHF),1070.35
2013-12-24,GOLD-USD,Gold (USD),1205.1
2013-12-24,GOLD-CHF,Gold (CHF),1080.43
2013-12-26,GOLD-USD,Gold (USD),1214.1
2013-12-26,GOLD-CHF,Gold (CHF),1087.29
2013-12-27,GOLD-USD,Gold (USD),1216.1
2013-12-27,GOLD-CHF,Gold (CHF),1079.96
2013-12-30,GOLD-USD,Gold (USD),1203.1
2013-12-30,GOLD-CHF,Gold (CHF),1066.43
2013-12-31,GOLD-USD,Gold (USD),1201.9
2013-12-31,GOLD-CHF,Gold (CHF),1068.91
2014-01-02,GOLD-USD,Gold (USD),1225.0
2014-01-02,GOLD-CHF,Gold (CHF),1103.42
2014-01-03,GOLD-USD,Gold (USD),1238.4
2014-01-03,GOLD-CHF,Gold (CHF),1119.7
2014-01-06,GOLD-USD,Gold (USD),1237.8
2014-01-06,GOLD-CHF,Gold (CHF),1118.54
2014-01-07,GOLD-USD,Gold (USD),1229.4
2014-01-07,GOLD-CHF,Gold (CHF),1117.83
2014-01-08,GOLD-USD,Gold (USD),1225.3
2014-01-08,GOLD-CHF,Gold (CHF),1113.8
2014-01-09,GOLD-USD,Gold (USD),1229.3
2014-01-09,GOLD-CHF,Gold (CHF),1117.62
2014-01-10,GOLD-USD,Gold (USD),1246.7
2014-01-10,GOLD-CHF,Gold (CHF),1125.02
2014-01-13,GOLD-USD,Gold (USD),1250.9
2014-01-13,GOLD-CHF,Gold (CHF),1129.06
2014-01-14,GOLD-USD,Gold (USD),1245.2
2014-01-14,GOLD-CHF,Gold (CHF),1121.61
2014-01-15,GOLD-USD,Gold (USD),1238.1
2014-01-15,GOLD-CHF,Gold (CHF),1126.05
2014-01-16,GOLD-USD,Gold (USD),1240.0
2014-01-16,GOLD-CHF,Gold (CHF),1123.94
2014-01-17,GOLD-USD,Gold (USD),1251.7
2014-01-17,GOLD-CHF,Gold (CHF),1138.23
2014-01-21,GOLD-USD,Gold (USD),1242.3
2014-01-21,GOLD-CHF,Gold (CHF),1132.05
2014-01-22,GOLD-USD,Gold (USD),1239.0
2014-01-22,GOLD-CHF,Gold (CHF),1127.55
2014-01-23,GOLD-USD,Gold (USD),1262.6
2014-01-23,GOLD-CHF,Gold (CHF),1136.15
2014-01-24,GOLD-USD,Gold (USD),1264.5
2014-01-24,GOLD-CHF,Gold (CHF),1130.84
2014-01-27,GOLD-USD,Gold (USD),1263.6
2014-01-27,GOLD-CHF,Gold (CHF),1132.75
2014-01-28,GOLD-USD,Gold (USD),1251.0
2014-01-28,GOLD-CHF,Gold (CHF),1124.27
2014-01-29,GOLD-USD,Gold (USD),1262.2
2014-01-29,GOLD-CHF,Gold (CHF),1130.74
2014-01-30,GOLD-USD,Gold (USD),1242.2
2014-01-30,GOLD-CHF,Gold (CHF),1121.21
2014-01-31,GOLD-USD,Gold (USD),1240.1
2014-01-31,GOLD-CHF,Gold (CHF),1123.1
2014-02-03,GOLD-USD,Gold (USD),1260.4
2014-02-03,GOLD-CHF,Gold (CHF),1137.76
2014-02-04,GOLD-USD,Gold (USD),1251.7
2014-02-04,GOLD-CHF,Gold (CHF),1132.1
2014-02-05,GOLD-USD,Gold (USD),1257.3
2014-02-05,GOLD-CHF,Gold (CHF),1135.72
2014-02-06,GOLD-USD,Gold (USD),1257.6
2014-02-06,GOLD-CHF,Gold (CHF),1131.02
2014-02-07,GOLD-USD,Gold (USD),1263.3
2014-02-07,GOLD-CHF,Gold (CHF),1134.7
2014-02-10,GOLD-USD,Gold (USD),1274.8
2014-02-10,GOLD-CHF,Gold (CHF),1142.99
2014-02-11,GOLD-USD,Gold (USD),1290.1
2014-02-11,GOLD-CHF,Gold (CHF),1154.12
2014-02-12,GOLD-USD,Gold (USD),1295.3
2014-02-12,GOLD-CHF,Gold (CHF),1167.19
2014-02-13,GOLD-USD,Gold (USD),1300.4
2014-02-13,GOLD-CHF,Gold (CHF),1163.01
2014-02-14,GOLD-USD,Gold (USD),1319.0
2014-02-14,GOLD-CHF,Gold (CHF),1177.93
2014-02-18,GOLD-USD,Gold (USD),1324.7
2014-02-18,GOLD-CHF,Gold (CHF),1176.86
2014-02-19,GOLD-USD,Gold (USD),1320.6
2014-02-19,GOLD-CHF,Gold (CHF),1172.43
2014-02-20,GOLD-USD,Gold (USD),1317.1
2014-02-20,GOLD-CHF,Gold (CHF),1172.35
2014-02-21,GOLD-USD,Gold (USD),1323.9
2014-02-21,GOLD-CHF,Gold (CHF),1175.82
2014-02-24,GOLD-USD,Gold (USD),1338.3
2014-02-24,GOLD-CHF,Gold (CHF),1190.69
2014-02-25,GOLD-USD,Gold (USD),1343.0
2014-02-25,GOLD-CHF,Gold (CHF),1192.79
2014-02-26,GOLD-USD,Gold (USD),1328.2
2014-02-26,GOLD-CHF,Gold (CHF),1184.69
2014-02-27,GOLD-USD,Gold (USD),1331.6
2014-02-27,GOLD-CHF,Gold (CHF),1184.33
2014-02-28,GOLD-USD,Gold (USD),1321.4
2014-02-28,GOLD-CHF,Gold (CHF),1163.89
2014-03-03,GOLD-USD,Gold (USD),1350.1
2014-03-03,GOLD-CHF,Gold (CHF),1188.76
2014-03-04,GOLD-USD,Gold (USD),1337.8
2014-03-04,GOLD-CHF,Gold (CHF),1185.69
2014-03-05,GOLD-USD,Gold (USD),1340.2
2014-03-05,GOLD-CHF,Gold (CHF),1188.42
2014-03-06,GOLD-USD,Gold (USD),1351.7
2014-03-06,GOLD-CHF,Gold (CHF),1191.86
2014-03-07,GOLD-USD,Gold (USD),1338.1
2014-03-07,GOLD-CHF,Gold (CHF),1176.39
2014-03-10,GOLD-USD,Gold (USD),1341.4
2014-03-10,GOLD-CHF,Gold (CHF),1177.88
2014-03-11,GOLD-USD,Gold (USD),1346.5
2014-03-11,GOLD-CHF,Gold (CHF),1182.77
2014-03-12,GOLD-USD,Gold (USD),1370.3
2014-03-12,GOLD-CHF,Gold (CHF),1198.46
2014-03-13,GOLD-USD,Gold (USD),1372.2
2014-03-13,GOLD-CHF,Gold (CHF),1197.45
2014-03-14,GOLD-USD,Gold (USD),1379.0
2014-03-14,GOLD-CHF,Gold (CHF),1201.32
2014-03-17,GOLD-USD,Gold (USD),1372.9
2014-03-17,GOLD-CHF,Gold (CHF),1198.06
2014-03-18,GOLD-USD,Gold (USD),1359.0
2014-03-18,GOLD-CHF,Gold (CHF),1188.24
2014-03-19,GOLD-USD,Gold (USD),1341.4
2014-03-19,GOLD-CHF,Gold (CHF),1173.52
2014-03-20,GOLD-USD,Gold (USD),1330.5
2014-03-20,GOLD-CHF,Gold (CHF),1175.36
2014-03-21,GOLD-USD,Gold (USD),1336.0
2014-03-21,GOLD-CHF,Gold (CHF),1180.69
2014-03-24,GOLD-USD,Gold (USD),1311.2
2014-03-24,GOLD-CHF,Gold (CHF),1159.43
2014-03-25,GOLD-USD,Gold (USD),1311.4
2014-03-25,GOLD-CHF,Gold (CHF),1162.16
2014-03-26,GOLD-USD,Gold (USD),1303.4
2014-03-26,GOLD-CHF,Gold (CHF),1154.1
2014-03-27,GOLD-USD,Gold (USD),1294.7
2014-03-27,GOLD-CHF,Gold (CHF),1148.08
2014-03-28,GOLD-USD,Gold (USD),1293.8
2014-03-28,GOLD-CHF,Gold (CHF),1147.54
2014-03-31,GOLD-USD,Gold (USD),1283.4
2014-03-31,GOLD-CHF,Gold (CHF),1133.69
2014-04-01,GOLD-USD,Gold (USD),1279.6
2014-04-01,GOLD-CHF,Gold (CHF),1130.33
2014-04-02,GOLD-USD,Gold (USD),1290.5
2014-04-02,GOLD-CHF,Gold (CHF),1143.38
2014-04-03,GOLD-USD,Gold (USD),1284.4
2014-04-03,GOLD-CHF,Gold (CHF),1145.17
2014-04-04,GOLD-USD,Gold (USD),1303.2
2014-04-04,GOLD-CHF,Gold (CHF),1164.34
2014-04-07,GOLD-USD,Gold (USD),1298.0
2014-04-07,GOLD-CHF,Gold (CHF),1152.69
2014-04-08,GOLD-USD,Gold (USD),1308.7
2014-04-08,GOLD-CHF,Gold (CHF),1157.28
2014-04-09,GOLD-USD,Gold (USD),1305.5
2014-04-09,GOLD-CHF,Gold (CHF),1149.69
2014-04-10,GOLD-USD,Gold (USD),1320.1
2014-04-10,GOLD-CHF,Gold (CHF),1157.99
2014-04-11,GOLD-USD,Gold (USD),1318.7
2014-04-11,GOLD-CHF,Gold (CHF),1154.98
2014-04-14,GOLD-USD,Gold (USD),1327.2
2014-04-14,GOLD-CHF,Gold (CHF),1166.68
2014-04-15,GOLD-USD,Gold (USD),1300.0
2014-04-15,GOLD-CHF,Gold (CHF),1143.09
2014-04-16,GOLD-USD,Gold (USD),1303.1
2014-04-16,GOLD-CHF,Gold (CHF),1148.81
2014-04-17,GOLD-USD,Gold (USD),1293.4
2014-04-17,GOLD-CHF,Gold (CHF),1139.29
2014-04-21,GOLD-USD,Gold (USD),1288.0
2014-04-21,GOLD-CHF,Gold (CHF),1138.21
2014-04-22,GOLD-USD,Gold (USD),1280.6
2014-04-22,GOLD-CHF,Gold (CHF),1134.1
2014-04-23,GOLD-USD,Gold (USD),1284.2
2014-04-23,GOLD-CHF,Gold (CHF),1132.66
2014-04-24,GOLD-USD,Gold (USD),1290.5
2014-04-24,GOLD-CHF,Gold (CHF),1138.74
2014-04-25,GOLD-USD,Gold (USD),1300.7
2014-04-25,GOLD-CHF,Gold (CHF),1145.92
2014-04-28,GOLD-USD,Gold (USD),1298.9
2014-04-28,GOLD-CHF,Gold (CHF),1143.68
2014-04-29,GOLD-USD,Gold (USD),1296.0
2014-04-29,GOLD-CHF,Gold (CHF),1145.08
2014-04-30,GOLD-USD,Gold (USD),1295.6
2014-04-30,GOLD-CHF,Gold (CHF),1140.71
2014-05-01,GOLD-USD,Gold (USD),1283.1
2014-05-01,GOLD-CHF,Gold (CHF),1128.42
2014-05-02,GOLD-USD,Gold (USD),1302.6
2014-05-02,GOLD-CHF,Gold (CHF),1145.38
2014-05-05,GOLD-USD,Gold (USD),1309.0
2014-05-05,GOLD-CHF,Gold (CHF),1149.04
2014-05-06,GOLD-USD,Gold (USD),1308.3
2014-05-06,GOLD-CHF,Gold (CHF),1142.67
2014-05-07,GOLD-USD,Gold (USD),1288.6
2014-05-07,GOLD-CHF,Gold (CHF),1128.17
2014-05-08,GOLD-USD,Gold (USD),1287.4
2014-05-08,GOLD-CHF,Gold (CHF),1130.47
2014-05-09,GOLD-USD,Gold (USD),1287.3
2014-05-09,GOLD-CHF,Gold (CHF),1140.68
2014-05-12,GOLD-USD,Gold (USD),1295.6
2014-05-12,GOLD-CHF,Gold (CHF),1150.23
2014-05-13,GOLD-USD,Gold (USD),1294.6
2014-05-13,GOLD-CHF,Gold (CHF),1151.94
2014-05-14,GOLD-USD,Gold (USD),1305.7
2014-05-14,GOLD-CHF,Gold (CHF),1161.94
2014-05-15,GOLD-USD,Gold (USD),1293.5
2014-05-15,GOLD-CHF,Gold (CHF),1150.96
2014-05-16,GOLD-USD,Gold (USD),1293.3
2014-05-16,GOLD-CHF,Gold (CHF),1152.78
2014-05-19,GOLD-USD,Gold (USD),1293.7
2014-05-19,GOLD-CHF,Gold (CHF),1153.4
2014-05-20,GOLD-USD,Gold (USD),1294.5
2014-05-20,GOLD-CHF,Gold (CHF),1154.69
2014-05-21,GOLD-USD,Gold (USD),1288.0
2014-05-21,GOLD-CHF,Gold (CHF),1152.18
2014-05-22,GOLD-USD,Gold (USD),1294.9
2014-05-22,GOLD-CHF,Gold (CHF),1158.03
2014-05-23,GOLD-USD,Gold (USD),1291.6
2014-05-23,GOLD-CHF,Gold (CHF),1156.95
2014-05-27,GOLD-USD,Gold (USD),1265.4
2014-05-27,GOLD-CHF,Gold (CHF),1135.95
2014-05-28,GOLD-USD,Gold (USD),1259.3
2014-05-28,GOLD-CHF,Gold (CHF),1130.98
2014-05-29,GOLD-USD,Gold (USD),1256.3
2014-05-29,GOLD-CHF,Gold (CHF),1126.08
2014-05-30,GOLD-USD,Gold (USD),1245.6
2014-05-30,GOLD-CHF,Gold (CHF),1113.5
2014-06-02,GOLD-USD,Gold (USD),1243.7
2014-06-02,GOLD-CHF,Gold (CHF),1116.22
2014-06-03,GOLD-USD,Gold (USD),1244.3
2014-06-03,GOLD-CHF,Gold (CHF),1115.95
2014-06-04,GOLD-USD,Gold (USD),1244.0
2014-06-04,GOLD-CHF,Gold (CHF),1114.25
2014-06-05,GOLD-USD,Gold (USD),1253.0
2014-06-05,GOLD-CHF,Gold (CHF),1121.56
2014-06-06,GOLD-USD,Gold (USD),1252.1
2014-06-06,GOLD-CHF,Gold (CHF),1119.0
2014-06-09,GOLD-USD,Gold (USD),1253.5
2014-06-09,GOLD-CHF,Gold (CHF),1124.89
2014-06-10,GOLD-USD,Gold (USD),1259.8
2014-06-10,GOLD-CHF,Gold (CHF),1133.13
2014-06-11,GOLD-USD,Gold (USD),1260.8
2014-06-11,GOLD-CHF,Gold (CHF),1133.96
2014-06-12,GOLD-USD,Gold (USD),1273.6
2014-06-12,GOLD-CHF,Gold (CHF),1144.33
2014-06-13,GOLD-USD,Gold (USD),1273.7
2014-06-13,GOLD-CHF,Gold (CHF),1146.65
2014-06-16,GOLD-USD,Gold (USD),1274.9
2014-06-16,GOLD-CHF,Gold (CHF),1144.03
2014-06-17,GOLD-USD,Gold (USD),1271.7
2014-06-17,GOLD-CHF,Gold (CHF),1144.4
2014-06-18,GOLD-USD,Gold (USD),1272.4
2014-06-18,GOLD-CHF,Gold (CHF),1141.92
2014-06-19,GOLD-USD,Gold (USD),1313.7
2014-06-19,GOLD-CHF,Gold (CHF),1171.43
2014-06-20,GOLD-USD,Gold (USD),1316.2
2014-06-20,GOLD-CHF,Gold (CHF),1180.17
2014-06-23,GOLD-USD,Gold (USD),1318.0
2014-06-23,GOLD-CHF,Gold (CHF),1179.61
2014-06-24,GOLD-USD,Gold (USD),1320.9
2014-06-24,GOLD-CHF,Gold (CHF),1182.6
2014-06-25,GOLD-USD,Gold (USD),1322.2
2014-06-25,GOLD-CHF,Gold (CHF),1179.53
2014-06-26,GOLD-USD,Gold (USD),1316.1
2014-06-26,GOLD-CHF,Gold (CHF),1177.38
2014-06-27,GOLD-USD,Gold (USD),1319.0
2014-06-27,GOLD-CHF,Gold (CHF),1175.03
2014-06-30,GOLD-USD,Gold (USD),1321.8
2014-06-30,GOLD-CHF,Gold (CHF),1172.17
2014-07-01,GOLD-USD,Gold (USD),1326.4
2014-07-01,GOLD-CHF,Gold (CHF),1176.78
2014-07-02,GOLD-USD,Gold (USD),1330.7
2014-07-02,GOLD-CHF,Gold (CHF),1183.06
2014-07-03,GOLD-USD,Gold (USD),1320.4
2014-07-03,GOLD-CHF,Gold (CHF),1179.38
2014-07-07,GOLD-USD,Gold (USD),1316.5
2014-07-07,GOLD-CHF,Gold (CHF),1176.89
2014-07-08,GOLD-USD,Gold (USD),1316.0
2014-07-08,GOLD-CHF,Gold (CHF),1174.53
2014-07-09,GOLD-USD,Gold (USD),1323.8
2014-07-09,GOLD-CHF,Gold (CHF),1179.64
2014-07-10,GOLD-USD,Gold (USD),1338.7
2014-07-10,GOLD-CHF,Gold (CHF),1195.06
2014-07-11,GOLD-USD,Gold (USD),1337.0
2014-07-11,GOLD-CHF,Gold (CHF),1193.61
2014-07-14,GOLD-USD,Gold (USD),1306.3
2014-07-14,GOLD-CHF,Gold (CHF),1164.57
2014-07-15,GOLD-USD,Gold (USD),1296.9
2014-07-15,GOLD-CHF,Gold (CHF),1161.24
2014-07-16,GOLD-USD,Gold (USD),1299.6
2014-07-16,GOLD-CHF,Gold (CHF),1167.04
2014-07-17,GOLD-USD,Gold (USD),1316.7
2014-07-17,GOLD-CHF,Gold (CHF),1183.19
2014-07-18,GOLD-USD,Gold (USD),1309.2
2014-07-18,GOLD-CHF,Gold (CHF),1177.49
2014-07-21,GOLD-USD,Gold (USD),1313.7
2014-07-21,GOLD-CHF,Gold (CHF),1180.1
2014-07-22,GOLD-USD,Gold (USD),1306.1
2014-07-22,GOLD-CHF,Gold (CHF),1178.36
2014-07-23,GOLD-USD,Gold (USD),1304.5
2014-07-23,GOLD-CHF,Gold (CHF),1177.18
2014-07-24,GOLD-USD,Gold (USD),1290.6
2014-07-24,GOLD-CHF,Gold (CHF),1164.57
2014-07-25,GOLD-USD,Gold (USD),1303.1
2014-07-25,GOLD-CHF,Gold (CHF),1178.78
2014-07-28,GOLD-USD,Gold (USD),1303.3
2014-07-28,GOLD-CHF,Gold (CHF),1178.05
2014-07-29,GOLD-USD,Gold (USD),1298.3
2014-07-29,GOLD-CHF,Gold (CHF),1177.36
2014-07-30,GOLD-USD,Gold (USD),1294.9
2014-07-30,GOLD-CHF,Gold (CHF),1178.1
2014-07-31,GOLD-USD,Gold (USD),1281.3
2014-07-31,GOLD-CHF,Gold (CHF),1165.09
2014-08-01,GOLD-USD,Gold (USD),1293.6
2014-08-01,GOLD-CHF,Gold (CHF),1171.03
2014-08-04,GOLD-USD,Gold (USD),1287.7
2014-08-04,GOLD-CHF,Gold (CHF),1167.17
2014-08-05,GOLD-USD,Gold (USD),1284.0
2014-08-05,GOLD-CHF,Gold (CHF),1168.57
2014-08-06,GOLD-USD,Gold (USD),1306.7
2014-08-06,GOLD-CHF,Gold (CHF),1188.44
2014-08-07,GOLD-USD,Gold (USD),1310.8
2014-08-07,GOLD-CHF,Gold (CHF),1192.04
2014-08-08,GOLD-USD,Gold (USD),1308.9
2014-08-08,GOLD-CHF,Gold (CHF),1184.1
2014-08-11,GOLD-USD,Gold (USD),1308.5
2014-08-11,GOLD-CHF,Gold (CHF),1185.83
2014-08-12,GOLD-USD,Gold (USD),1308.8
2014-08-12,GOLD-CHF,Gold (CHF),1188.98
2014-08-13,GOLD-USD,Gold (USD),1312.8
2014-08-13,GOLD-CHF,Gold (CHF),1190.45
2014-08-14,GOLD-USD,Gold (USD),1313.9
2014-08-14,GOLD-CHF,Gold (CHF),1189.28
2014-08-15,GOLD-USD,Gold (USD),1304.5
2014-08-15,GOLD-CHF,Gold (CHF),1179.4
2014-08-18,GOLD-USD,Gold (USD),1297.7
2014-08-18,GOLD-CHF,Gold (CHF),1175.91
2014-08-19,GOLD-USD,Gold (USD),1295.1
2014-08-19,GOLD-CHF,Gold (CHF),1177.12
2014-08-20,GOLD-USD,Gold (USD),1293.4
2014-08-20,GOLD-CHF,Gold (CHF),1178.61
2014-08-21,GOLD-USD,Gold (USD),1273.7
2014-08-21,GOLD-CHF,Gold (CHF),1160.98
2014-08-22,GOLD-USD,Gold (USD),1278.6
2014-08-22,GOLD-CHF,Gold (CHF),1169.66
2014-08-25,GOLD-USD,Gold (USD),1277.3
2014-08-25,GOLD-CHF,Gold (CHF),1168.41
2014-08-26,GOLD-USD,Gold (USD),1283.8
2014-08-26,GOLD-CHF,Gold (CHF),1175.19
2014-08-27,GOLD-USD,Gold (USD),1281.9
2014-08-27,GOLD-CHF,Gold (CHF),1171.91
2014-08-28,GOLD-USD,Gold (USD),1288.7
2014-08-28,GOLD-CHF,Gold (CHF),1179.16
2014-08-29,GOLD-USD,Gold (USD),1285.8
2014-08-29,GOLD-CHF,Gold (CHF),1177.6
2014-09-02,GOLD-USD,Gold (USD),1263.7
2014-09-02,GOLD-CHF,Gold (CHF),1162.22
2014-09-03,GOLD-USD,Gold (USD),1268.9
2014-09-03,GOLD-CHF,Gold (CHF),1166.12
2014-09-04,GOLD-USD,Gold (USD),1265.1
2014-09-04,GOLD-CHF,Gold (CHF),1176.99
2014-09-05,GOLD-USD,Gold (USD),1265.8
2014-09-05,GOLD-CHF,Gold (CHF),1177.95
2014-09-08,GOLD-USD,Gold (USD),1252.7
2014-09-08,GOLD-CHF,Gold (CHF),1166.95
2014-09-09,GOLD-USD,Gold (USD),1246.8
2014-09-09,GOLD-CHF,Gold (CHF),1164.95
2014-09-10,GOLD-USD,Gold (USD),1243.5
2014-09-10,GOLD-CHF,Gold (CHF),1165.91
2014-09-11,GOLD-USD,Gold (USD),1237.4
2014-09-11,GOLD-CHF,Gold (CHF),1156.72
2014-09-12,GOLD-USD,Gold (USD),1229.9
2014-09-12,GOLD-CHF,Gold (CHF),1150.14
2014-09-15,GOLD-USD,Gold (USD),1233.6
2014-09-15,GOLD-CHF,Gold (CHF),1154.09
2014-09-16,GOLD-USD,Gold (USD),1235.2
2014-09-16,GOLD-CHF,Gold (CHF),1153.99
2014-09-17,GOLD-USD,Gold (USD),1234.4
2014-09-17,GOLD-CHF,Gold (CHF),1153.73
2014-09-18,GOLD-USD,Gold (USD),1225.7
2014-09-18,GOLD-CHF,Gold (CHF),1144.74
2014-09-19,GOLD-USD,Gold (USD),1215.3
2014-09-19,GOLD-CHF,Gold (CHF),1142.44
2014-09-22,GOLD-USD,Gold (USD),1216.8
2014-09-22,GOLD-CHF,Gold (CHF),1145.74
2014-09-23,GOLD-USD,Gold (USD),1221.0
2014-09-23,GOLD-CHF,Gold (CHF),1145.66
2014-09-24,GOLD-USD,Gold (USD),1218.6
2014-09-24,GOLD-CHF,Gold (CHF),1149.87
2014-09-25,GOLD-USD,Gold (USD),1221.2
2014-09-25,GOLD-CHF,Gold (CHF),1156.23
2014-09-26,GOLD-USD,Gold (USD),1214.1
2014-09-26,GOLD-CHF,Gold (CHF),1154.31
2014-09-29,GOLD-USD,Gold (USD),1217.5
2014-09-29,GOLD-CHF,Gold (CHF),1157.6
2014-09-30,GOLD-USD,Gold (USD),1210.5
2014-09-30,GOLD-CHF,Gold (CHF),1156.63
2014-10-01,GOLD-USD,Gold (USD),1214.6
2014-10-01,GOLD-CHF,Gold (CHF),1163.65
2014-10-02,GOLD-USD,Gold (USD),1214.2
2014-10-02,GOLD-CHF,Gold (CHF),1159.01
2014-10-03,GOLD-USD,Gold (USD),1192.2
2014-10-03,GOLD-CHF,Gold (CHF),1152.68
2014-10-06,GOLD-USD,Gold (USD),1206.7
2014-10-06,GOLD-CHF,Gold (CHF),1164.1
2014-10-07,GOLD-USD,Gold (USD),1211.7
2014-10-07,GOLD-CHF,Gold (CHF),1163.66
2014-10-08,GOLD-USD,Gold (USD),1205.3
2014-10-08,GOLD-CHF,Gold (CHF),1152.27
2014-10-09,GOLD-USD,Gold (USD),1224.6
2014-10-09,GOLD-CHF,Gold (CHF),1165.51
2014-10-10,GOLD-USD,Gold (USD),1221.0
2014-10-10,GOLD-CHF,Gold (CHF),1169.84
2014-10-13,GOLD-USD,Gold (USD),1229.3
2014-10-13,GOLD-CHF,Gold (CHF),1170.85
2014-10-14,GOLD-USD,Gold (USD),1233.6
2014-10-14,GOLD-CHF,Gold (CHF),1175.87
2014-10-15,GOLD-USD,Gold (USD),1244.1
2014-10-15,GOLD-CHF,Gold (CHF),1177.11
2014-10-16,GOLD-USD,Gold (USD),1240.5
2014-10-16,GOLD-CHF,Gold (CHF),1171.34
2014-10-17,GOLD-USD,Gold (USD),1238.3
2014-10-17,GOLD-CHF,Gold (CHF),1171.12
2014-10-20,GOLD-USD,Gold (USD),1244.0
2014-10-20,GOLD-CHF,Gold (CHF),1174.21
2014-10-21,GOLD-USD,Gold (USD),1251.0
2014-10-21,GOLD-CHF,Gold (CHF),1185.64
2014-10-22,GOLD-USD,Gold (USD),1244.8
2014-10-22,GOLD-CHF,Gold (CHF),1185.55
2014-10-23,GOLD-USD,Gold (USD),1228.5
2014-10-23,GOLD-CHF,Gold (CHF),1171.99
2014-10-24,GOLD-USD,Gold (USD),1231.2
2014-10-24,GOLD-CHF,Gold (CHF),1172.29
2014-10-27,GOLD-USD,Gold (USD),1229.1
2014-10-27,GOLD-CHF,Gold (CHF),1165.74
2014-10-28,GOLD-USD,Gold (USD),1229.2
2014-10-28,GOLD-CHF,Gold (CHF),1163.19
2014-10-29,GOLD-USD,Gold (USD),1224.3
2014-10-29,GOLD-CHF,Gold (CHF),1157.09
2014-10-30,GOLD-USD,Gold (USD),1198.1
2014-10-30,GOLD-CHF,Gold (CHF),1144.49
2014-10-31,GOLD-USD,Gold (USD),1171.1
2014-10-31,GOLD-CHF,Gold (CHF),1127.13
2014-11-03,GOLD-USD,Gold (USD),1169.4
2014-11-03,GOLD-CHF,Gold (CHF),1129.46
2014-11-04,GOLD-USD,Gold (USD),1167.4
2014-11-04,GOLD-CHF,Gold (CHF),1119.01
2014-11-05,GOLD-USD,Gold (USD),1145.4
2014-11-05,GOLD-CHF,Gold (CHF),1104.22
2014-11-06,GOLD-USD,Gold (USD),1142.3
2014-11-06,GOLD-CHF,Gold (CHF),1106.2
2014-11-07,GOLD-USD,Gold (USD),1169.6
2014-11-07,GOLD-CHF,Gold (CHF),1133.75
2014-11-10,GOLD-USD,Gold (USD),1159.6
2014-11-10,GOLD-CHF,Gold (CHF),1120.64
2014-11-11,GOLD-USD,Gold (USD),1162.8
2014-11-11,GOLD-CHF,Gold (CHF),1125.76
2014-11-12,GOLD-USD,Gold (USD),1158.9
2014-11-12,GOLD-CHF,Gold (CHF),1116.48
2014-11-13,GOLD-USD,Gold (USD),1161.1
2014-11-13,GOLD-CHF,Gold (CHF),1118.84
2014-11-14,GOLD-USD,Gold (USD),1185.0
2014-11-14,GOLD-CHF,Gold (CHF),1140.8
2014-11-17,GOLD-USD,Gold (USD),1183.0
2014-11-17,GOLD-CHF,Gold (CHF),1140.94
2014-11-18,GOLD-USD,Gold (USD),1196.7
2014-11-18,GOLD-CHF,Gold (CHF),1147.1
2014-11-19,GOLD-USD,Gold (USD),1193.6
2014-11-19,GOLD-CHF,Gold (CHF),1144.3
2014-11-20,GOLD-USD,Gold (USD),1190.7
2014-11-20,GOLD-CHF,Gold (CHF),1140.63
2014-11-21,GOLD-USD,Gold (USD),1197.5
2014-11-21,GOLD-CHF,Gold (CHF),1159.66
2014-11-24,GOLD-USD,Gold (USD),1195.5
2014-11-24,GOLD-CHF,Gold (CHF),1156.11
2014-11-25,GOLD-USD,Gold (USD),1197.1
2014-11-25,GOLD-CHF,Gold (CHF),1153.53
2014-11-26,GOLD-USD,Gold (USD),1196.6
2014-11-26,GOLD-CHF,Gold (CHF),1148.32
2014-11-28,GOLD-USD,Gold (USD),1175.2
2014-11-28,GOLD-CHF,Gold (CHF),1132.31
2014-12-01,GOLD-USD,Gold (USD),1218.0
2014-12-01,GOLD-CHF,Gold (CHF),1174.09
2014-12-02,GOLD-USD,Gold (USD),1199.2
2014-12-02,GOLD-CHF,Gold (CHF),1164.48
2014-12-03,GOLD-USD,Gold (USD),1208.5
2014-12-03,GOLD-CHF,Gold (CHF),1180.16
2014-12-04,GOLD-USD,Gold (USD),1207.5
2014-12-04,GOLD-CHF,Gold (CHF),1167.41
2014-12-05,GOLD-USD,Gold (USD),1190.1
2014-12-05,GOLD-CHF,Gold (CHF),1163.56
2014-12-08,GOLD-USD,Gold (USD),1194.7
2014-12-08,GOLD-CHF,Gold (CHF),1168.54
2014-12-09,GOLD-USD,Gold (USD),1231.5
2014-12-09,GOLD-CHF,Gold (CHF),1191.48
2014-12-10,GOLD-USD,Gold (USD),1228.9
2014-12-10,GOLD-CHF,Gold (CHF),1190.68
2014-12-11,GOLD-USD,Gold (USD),1225.1
2014-12-11,GOLD-CHF,Gold (CHF),1188.53
2014-12-12,GOLD-USD,Gold (USD),1222.0
2014-12-12,GOLD-CHF,Gold (CHF),1177.7
2014-12-15,GOLD-USD,Gold (USD),1207.2
2014-12-15,GOLD-CHF,Gold (CHF),1167.18
2014-12-16,GOLD-USD,Gold (USD),1193.9
2014-12-16,GOLD-CHF,Gold (CHF),1146.2
2014-12-17,GOLD-USD,Gold (USD),1194.3
2014-12-17,GOLD-CHF,Gold (CHF),1157.16
2014-12-18,GOLD-USD,Gold (USD),1194.7
2014-12-18,GOLD-CHF,Gold (CHF),1171.52
2014-12-19,GOLD-USD,Gold (USD),1195.9
2014-12-19,GOLD-CHF,Gold (CHF),1173.24
2014-12-22,GOLD-USD,Gold (USD),1179.7
2014-12-22,GOLD-CHF,Gold (CHF),1157.58
2014-12-23,GOLD-USD,Gold (USD),1177.9
2014-12-23,GOLD-CHF,Gold (CHF),1163.06
2014-12-24,GOLD-USD,Gold (USD),1173.5
2014-12-24,GOLD-CHF,Gold (CHF),1157.6
2014-12-26,GOLD-USD,Gold (USD),1195.3
2014-12-26,GOLD-CHF,Gold (CHF),1181.14
2014-12-29,GOLD-USD,Gold (USD),1181.7
2014-12-29,GOLD-CHF,Gold (CHF),1167.11
2014-12-30,GOLD-USD,Gold (USD),1200.2
2014-12-30,GOLD-CHF,Gold (CHF),1186.46
2014-12-31,GOLD-USD,Gold (USD),1183.9
2014-12-31,GOLD-CHF,Gold (CHF),1176.38
2015-01-02,GOLD-USD,Gold (USD),1186.0
2015-01-02,GOLD-CHF,Gold (CHF),1184.99
2015-01-05,GOLD-USD,Gold (USD),1203.9
2015-01-05,GOLD-CHF,Gold (CHF),1211.73
2015-01-06,GOLD-USD,Gold (USD),1219.3
2015-01-06,GOLD-CHF,Gold (CHF),1228.75
2015-01-07,GOLD-USD,Gold (USD),1210.6
2015-01-07,GOLD-CHF,Gold (CHF),1231.79
2015-01-08,GOLD-USD,Gold (USD),1208.4
2015-01-08,GOLD-CHF,Gold (CHF),1230.88
2015-01-09,GOLD-USD,Gold (USD),1216.0
2015-01-09,GOLD-CHF,Gold (CHF),1233.94
2015-01-12,GOLD-USD,Gold (USD),1232.7
2015-01-12,GOLD-CHF,Gold (CHF),1252.73
2015-01-13,GOLD-USD,Gold (USD),1234.3
2015-01-13,GOLD-CHF,Gold (CHF),1258.25
2015-01-14,GOLD-USD,Gold (USD),1234.4
2015-01-14,GOLD-CHF,Gold (CHF),1257.73
2015-01-15,GOLD-USD,Gold (USD),1264.7
2015-01-15,GOLD-CHF,Gold (CHF),1149.55
2015-01-16,GOLD-USD,Gold (USD),1276.9
2015-01-16,GOLD-CHF,Gold (CHF),1089.58
2015-01-20,GOLD-USD,Gold (USD),1294.2
2015-01-20,GOLD-CHF,Gold (CHF),1135.66
2015-01-21,GOLD-USD,Gold (USD),1293.7
2015-01-21,GOLD-CHF,Gold (CHF),1114.72
2015-01-22,GOLD-USD,Gold (USD),1300.7
2015-01-22,GOLD-CHF,Gold (CHF),1132.13
2015-01-23,GOLD-USD,Gold (USD),1292.6
2015-01-23,GOLD-CHF,Gold (CHF),1134.0
2015-01-26,GOLD-USD,Gold (USD),1279.4
2015-01-26,GOLD-CHF,Gold (CHF),1148.97
2015-01-27,GOLD-USD,Gold (USD),1291.7
2015-01-27,GOLD-CHF,Gold (CHF),1165.95
2015-01-28,GOLD-USD,Gold (USD),1285.9
2015-01-28,GOLD-CHF,Gold (CHF),1163.8
2015-01-29,GOLD-USD,Gold (USD),1254.6
2015-01-29,GOLD-CHF,Gold (CHF),1152.48
2015-01-30,GOLD-USD,Gold (USD),1278.5
2015-01-30,GOLD-CHF,Gold (CHF),1176.28
2015-02-02,GOLD-USD,Gold (USD),1276.2
2015-02-02,GOLD-CHF,Gold (CHF),1179.85
2015-02-03,GOLD-USD,Gold (USD),1259.7
2015-02-03,GOLD-CHF,Gold (CHF),1164.03
2015-02-04,GOLD-USD,Gold (USD),1263.8
2015-02-04,GOLD-CHF,Gold (CHF),1169.46
2015-02-05,GOLD-USD,Gold (USD),1262.0
2015-02-05,GOLD-CHF,Gold (CHF),1167.41
2015-02-06,GOLD-USD,Gold (USD),1233.9
2015-02-06,GOLD-CHF,Gold (CHF),1141.42
2015-02-09,GOLD-USD,Gold (USD),1240.8
2015-02-09,GOLD-CHF,Gold (CHF),1147.8
2015-02-10,GOLD-USD,Gold (USD),1231.6
2015-02-10,GOLD-CHF,Gold (CHF),1140.28
2015-02-11,GOLD-USD,Gold (USD),1219.0
2015-02-11,GOLD-CHF,Gold (CHF),1129.34
2015-02-12,GOLD-USD,Gold (USD),1220.1
2015-02-12,GOLD-CHF,Gold (CHF),1132.86
2015-02-13,GOLD-USD,Gold (USD),1226.5
2015-02-13,GOLD-CHF,Gold (CHF),1141.5
2015-02-17,GOLD-USD,Gold (USD),1208.1
2015-02-17,GOLD-CHF,Gold (CHF),1128.85
2015-02-18,GOLD-USD,Gold (USD),1199.7
2015-02-18,GOLD-CHF,Gold (CHF),1131.98
2015-02-19,GOLD-USD,Gold (USD),1207.1
2015-02-19,GOLD-CHF,Gold (CHF),1143.73
2015-02-20,GOLD-USD,Gold (USD),1204.4
2015-02-20,GOLD-CHF,Gold (CHF),1137.19
2015-02-23,GOLD-USD,Gold (USD),1200.3
2015-02-23,GOLD-CHF,Gold (CHF),1137.4
2015-02-24,GOLD-USD,Gold (USD),1196.9
2015-02-24,GOLD-CHF,Gold (CHF),1135.8
2015-02-25,GOLD-USD,Gold (USD),1201.0
2015-02-25,GOLD-CHF,Gold (CHF),1139.87
2015-02-26,GOLD-USD,Gold (USD),1209.6
2015-02-26,GOLD-CHF,Gold (CHF),1153.29
2015-02-27,GOLD-USD,Gold (USD),1212.6
2015-02-27,GOLD-CHF,Gold (CHF),1149.54
2015-03-02,GOLD-USD,Gold (USD),1207.7
2015-03-02,GOLD-CHF,Gold (CHF),1155.77
2015-03-03,GOLD-USD,Gold (USD),1204.0
2015-03-03,GOLD-CHF,Gold (CHF),1155.9
2015-03-04,GOLD-USD,Gold (USD),1200.6
2015-03-04,GOLD-CHF,Gold (CHF),1154.98
2015-03-05,GOLD-USD,Gold (USD),1195.9
2015-03-05,GOLD-CHF,Gold (CHF),1162.41
2015-03-06,GOLD-USD,Gold (USD),1164.1
2015-03-06,GOLD-CHF,Gold (CHF),1144.95
2015-03-09,GOLD-USD,Gold (USD),1166.4
2015-03-09,GOLD-CHF,Gold (CHF),1151.41
2015-03-10,GOLD-USD,Gold (USD),1160.1
2015-03-10,GOLD-CHF,Gold (CHF),1159.64
2015-03-11,GOLD-USD,Gold (USD),1150.7
2015-03-11,GOLD-CHF,Gold (CHF),1159.1
2015-03-12,GOLD-USD,Gold (USD),1152.1
2015-03-12,GOLD-CHF,Gold (CHF),1156.19
2015-03-13,GOLD-USD,Gold (USD),1152.6
2015-03-13,GOLD-CHF,Gold (CHF),1158.59
2015-03-16,GOLD-USD,Gold (USD),1153.3
2015-03-16,GOLD-CHF,Gold (CHF),1161.55
2015-03-17,GOLD-USD,Gold (USD),1148.3
2015-03-17,GOLD-CHF,Gold (CHF),1153.18
2015-03-18,GOLD-USD,Gold (USD),1151.4
2015-03-18,GOLD-CHF,Gold (CHF),1145.53
2015-03-19,GOLD-USD,Gold (USD),1169.1
2015-03-19,GOLD-CHF,Gold (CHF),1160.04
2015-03-20,GOLD-USD,Gold (USD),1184.8
2015-03-20,GOLD-CHF,Gold (CHF),1156.96
2015-03-23,GOLD-USD,Gold (USD),1188.0
2015-03-23,GOLD-CHF,Gold (CHF),1148.74
2015-03-24,GOLD-USD,Gold (USD),1191.7
2015-03-24,GOLD-CHF,Gold (CHF),1142.3
2015-03-25,GOLD-USD,Gold (USD),1197.3
2015-03-25,GOLD-CHF,Gold (CHF),1146.71
2015-03-26,GOLD-USD,Gold (USD),1205.1
2015-03-26,GOLD-CHF,Gold (CHF),1158.1
2015-03-27,GOLD-USD,Gold (USD),1199.8
2015-03-27,GOLD-CHF,Gold (CHF),1150.01
2015-03-30,GOLD-USD,Gold (USD),1184.8
2015-03-30,GOLD-CHF,Gold (CHF),1146.35
2015-03-31,GOLD-USD,Gold (USD),1183.1
2015-03-31,GOLD-CHF,Gold (CHF),1149.15
2015-04-01,GOLD-USD,Gold (USD),1208.1
2015-04-01,GOLD-CHF,Gold (CHF),1168.66
2015-04-02,GOLD-USD,Gold (USD),1200.9
2015-04-02,GOLD-CHF,Gold (CHF),1149.86
2015-04-06,GOLD-USD,Gold (USD),1218.6
2015-04-06,GOLD-CHF,Gold (CHF),1158.28
2015-04-07,GOLD-USD,Gold (USD),1210.6
2015-04-07,GOLD-CHF,Gold (CHF),1164.84
2015-04-08,GOLD-USD,Gold (USD),1203.1
2015-04-08,GOLD-CHF,Gold (CHF),1162.19
2015-04-09,GOLD-USD,Gold (USD),1193.6
2015-04-09,GOLD-CHF,Gold (CHF),1164.42
2015-04-10,GOLD-USD,Gold (USD),1204.6
2015-04-10,GOLD-CHF,Gold (CHF),1179.91
2015-04-13,GOLD-USD,Gold (USD),1199.3
2015-04-13,GOLD-CHF,Gold (CHF),1173.75
2015-04-14,GOLD-USD,Gold (USD),1192.8
2015-04-14,GOLD-CHF,Gold (CHF),1155.76
2015-04-15,GOLD-USD,Gold (USD),1201.5
2015-04-15,GOLD-CHF,Gold (CHF),1169.0
2015-04-16,GOLD-USD,Gold (USD),1198.0
2015-04-16,GOLD-CHF,Gold (CHF),1151.4
2015-04-17,GOLD-USD,Gold (USD),1202.9
2015-04-17,GOLD-CHF,Gold (CHF),1146.97
2015-04-20,GOLD-USD,Gold (USD),1193.5
2015-04-20,GOLD-CHF,Gold (CHF),1139.14
2015-04-21,GOLD-USD,Gold (USD),1202.9
2015-04-21,GOLD-CHF,Gold (CHF),1147.93
2015-04-22,GOLD-USD,Gold (USD),1186.9
2015-04-22,GOLD-CHF,Gold (CHF),1146.13
2015-04-23,GOLD-USD,Gold (USD),1194.4
2015-04-23,GOLD-CHF,Gold (CHF),1140.89
2015-04-24,GOLD-USD,Gold (USD),1175.2
2015-04-24,GOLD-CHF,Gold (CHF),1119.79
2015-04-27,GOLD-USD,Gold (USD),1203.3
2015-04-27,GOLD-CHF,Gold (CHF),1146.81
2015-04-28,GOLD-USD,Gold (USD),1214.0
2015-04-28,GOLD-CHF,Gold (CHF),1154.7
2015-04-29,GOLD-USD,Gold (USD),1209.8
2015-04-29,GOLD-CHF,Gold (CHF),1134.97
2015-04-30,GOLD-USD,Gold (USD),1182.4
2015-04-30,GOLD-CHF,Gold (CHF),1107.79
2015-05-01,GOLD-USD,Gold (USD),1174.5
2015-05-01,GOLD-CHF,Gold (CHF),1094.05
2015-05-04,GOLD-USD,Gold (USD),1186.8
2015-05-04,GOLD-CHF,Gold (CHF),1108.47
2015-05-05,GOLD-USD,Gold (USD),1193.2
2015-05-05,GOLD-CHF,Gold (CHF),1104.6
2015-05-06,GOLD-USD,Gold (USD),1190.3
2015-05-06,GOLD-CHF,Gold (CHF),1087.52
2015-05-07,GOLD-USD,Gold (USD),1182.4
2015-05-07,GOLD-CHF,Gold (CHF),1087.63
2015-05-08,GOLD-USD,Gold (USD),1189.1
2015-05-08,GOLD-CHF,Gold (CHF),1102.89
2015-05-11,GOLD-USD,Gold (USD),1183.2
2015-05-11,GOLD-CHF,Gold (CHF),1104.69
2015-05-12,GOLD-USD,Gold (USD),1192.6
2015-05-12,GOLD-CHF,Gold (CHF),1103.99
2015-05-13,GOLD-USD,Gold (USD),1218.4
2015-05-13,GOLD-CHF,Gold (CHF),1117.94
2015-05-14,GOLD-USD,Gold (USD),1225.4
2015-05-14,GOLD-CHF,Gold (CHF),1121.49
2015-05-15,GOLD-USD,Gold (USD),1225.5
2015-05-15,GOLD-CHF,Gold (CHF),1122.44
2015-05-18,GOLD-USD,Gold (USD),1227.8
2015-05-18,GOLD-CHF,Gold (CHF),1131.97
2015-05-19,GOLD-USD,Gold (USD),1206.9
2015-05-19,GOLD-CHF,Gold (CHF),1132.07
2015-05-20,GOLD-USD,Gold (USD),1208.9
2015-05-20,GOLD-CHF,Gold (CHF),1134.98
2015-05-21,GOLD-USD,Gold (USD),1204.4
2015-05-21,GOLD-CHF,Gold (CHF),1127.38
2015-05-22,GOLD-USD,Gold (USD),1204.3
2015-05-22,GOLD-CHF,Gold (CHF),1135.35
2015-05-26,GOLD-USD,Gold (USD),1187.2
2015-05-26,GOLD-CHF,Gold (CHF),1127.13
2015-05-27,GOLD-USD,Gold (USD),1185.9
2015-05-27,GOLD-CHF,Gold (CHF),1128.5
2015-05-28,GOLD-USD,Gold (USD),1188.1
2015-05-28,GOLD-CHF,Gold (CHF),1123.59
2015-05-29,GOLD-USD,Gold (USD),1189.4
2015-05-29,GOLD-CHF,Gold (CHF),1122.02
2015-06-01,GOLD-USD,Gold (USD),1188.3
2015-06-01,GOLD-CHF,Gold (CHF),1124.19
2015-06-02,GOLD-USD,Gold (USD),1194.1
2015-06-02,GOLD-CHF,Gold (CHF),1115.59
2015-06-03,GOLD-USD,Gold (USD),1184.7
2015-06-03,GOLD-CHF,Gold (CHF),1107.75
2015-06-04,GOLD-USD,Gold (USD),1174.9
2015-06-04,GOLD-CHF,Gold (CHF),1097.18
2015-06-05,GOLD-USD,Gold (USD),1167.8
2015-06-05,GOLD-CHF,Gold (CHF),1105.73
2015-06-08,GOLD-USD,Gold (USD),1173.2
2015-06-08,GOLD-CHF,Gold (CHF),1099.11
2015-06-09,GOLD-USD,Gold (USD),1177.3
2015-06-09,GOLD-CHF,Gold (CHF),1096.42
2015-06-10,GOLD-USD,Gold (USD),1186.1
2015-06-10,GOLD-CHF,Gold (CHF),1101.53
2015-06-11,GOLD-USD,Gold (USD),1179.9
2015-06-11,GOLD-CHF,Gold (CHF),1104.33
2015-06-12,GOLD-USD,Gold (USD),1178.8
2015-06-12,GOLD-CHF,Gold (CHF),1092.1
2015-06-15,GOLD-USD,Gold (USD),1185.3
2015-06-15,GOLD-CHF,Gold (CHF),1108.43
2015-06-16,GOLD-USD,Gold (USD),1180.5
2015-06-16,GOLD-CHF,Gold (CHF),1099.52
2015-06-17,GOLD-USD,Gold (USD),1176.4
2015-06-17,GOLD-CHF,Gold (CHF),1093.93
2015-06-18,GOLD-USD,Gold (USD),1201.5
2015-06-18,GOLD-CHF,Gold (CHF),1102.98
2015-06-19,GOLD-USD,Gold (USD),1201.5
2015-06-19,GOLD-CHF,Gold (CHF),1108.2
2015-06-22,GOLD-USD,Gold (USD),1183.7
2015-06-22,GOLD-CHF,Gold (CHF),1086.28
2015-06-23,GOLD-USD,Gold (USD),1176.2
2015-06-23,GOLD-CHF,Gold (CHF),1098.86
2015-06-24,GOLD-USD,Gold (USD),1172.6
2015-06-24,GOLD-CHF,Gold (CHF),1096.85
2015-06-25,GOLD-USD,Gold (USD),1171.5
2015-06-25,GOLD-CHF,Gold (CHF),1098.98
2015-06-26,GOLD-USD,Gold (USD),1172.9
2015-06-26,GOLD-CHF,Gold (CHF),1096.66
2015-06-29,GOLD-USD,Gold (USD),1178.5
2015-06-29,GOLD-CHF,Gold (CHF),1095.18
2015-06-30,GOLD-USD,Gold (USD),1171.5
2015-06-30,GOLD-CHF,Gold (CHF),1094.83
2015-07-01,GOLD-USD,Gold (USD),1169.0
2015-07-01,GOLD-CHF,Gold (CHF),1103.95
2015-07-02,GOLD-USD,Gold (USD),1163.0
2015-07-02,GOLD-CHF,Gold (CHF),1097.41
2015-07-06,GOLD-USD,Gold (USD),1172.9
2015-07-06,GOLD-CHF,Gold (CHF),1107.1
2015-07-07,GOLD-USD,Gold (USD),1152.4
2015-07-07,GOLD-CHF,Gold (CHF),1095.01
2015-07-08,GOLD-USD,Gold (USD),1163.3
2015-07-08,GOLD-CHF,Gold (CHF),1105.13
2015-07-09,GOLD-USD,Gold (USD),1159.0
2015-07-09,GOLD-CHF,Gold (CHF),1098.15
2015-07-10,GOLD-USD,Gold (USD),1157.7
2015-07-10,GOLD-CHF,Gold (CHF),1087.14
2015-07-13,GOLD-USD,Gold (USD),1155.2
2015-07-13,GOLD-CHF,Gold (CHF),1097.04
2015-07-14,GOLD-USD,Gold (USD),1153.3
2015-07-14,GOLD-CHF,Gold (CHF),1091.54
2015-07-15,GOLD-USD,Gold (USD),1147.2
2015-07-15,GOLD-CHF,Gold (CHF),1093.05
2015-07-16,GOLD-USD,Gold (USD),1143.8
2015-07-16,GOLD-CHF,Gold (CHF),1092.33
2015-07-17,GOLD-USD,Gold (USD),1131.8
2015-07-17,GOLD-CHF,Gold (CHF),1086.64
2015-07-20,GOLD-USD,Gold (USD),1106.7
2015-07-20,GOLD-CHF,Gold (CHF),1065.14
2015-07-21,GOLD-USD,Gold (USD),1103.4
2015-07-21,GOLD-CHF,Gold (CHF),1055.84
2015-07-22,GOLD-USD,Gold (USD),1091.4
2015-07-22,GOLD-CHF,Gold (CHF),1050.47
2015-07-23,GOLD-USD,Gold (USD),1094.0
2015-07-23,GOLD-CHF,Gold (CHF),1049.69
2015-07-24,GOLD-USD,Gold (USD),1085.6
2015-07-24,GOLD-CHF,Gold (CHF),1041.42
2015-07-27,GOLD-USD,Gold (USD),1096.5
2015-07-27,GOLD-CHF,Gold (CHF),1050.72
2015-07-28,GOLD-USD,Gold (USD),1096.3
2015-07-28,GOLD-CHF,Gold (CHF),1058.42
2015-07-29,GOLD-USD,Gold (USD),1092.7
2015-07-29,GOLD-CHF,Gold (CHF),1052.22
2015-07-30,GOLD-USD,Gold (USD),1088.4
2015-07-30,GOLD-CHF,Gold (CHF),1055.37
2015-07-31,GOLD-USD,Gold (USD),1094.9
2015-07-31,GOLD-CHF,Gold (CHF),1052.31
2015-08-03,GOLD-USD,Gold (USD),1089.4
2015-08-03,GOLD-CHF,Gold (CHF),1053.89
2015-08-04,GOLD-USD,Gold (USD),1090.7
2015-08-04,GOLD-CHF,Gold (CHF),1061.47
2015-08-05,GOLD-USD,Gold (USD),1085.7
2015-08-05,GOLD-CHF,Gold (CHF),1065.89
2015-08-06,GOLD-USD,Gold (USD),1090.2
2015-08-06,GOLD-CHF,Gold (CHF),1070.25
2015-08-07,GOLD-USD,Gold (USD),1094.1
2015-08-07,GOLD-CHF,Gold (CHF),1075.28
2015-08-10,GOLD-USD,Gold (USD),1104.2
2015-08-10,GOLD-CHF,Gold (CHF),1088.96
2015-08-11,GOLD-USD,Gold (USD),1107.6
2015-08-11,GOLD-CHF,Gold (CHF),1089.32
2015-08-12,GOLD-USD,Gold (USD),1123.2
2015-08-12,GOLD-CHF,Gold (CHF),1089.56
2015-08-13,GOLD-USD,Gold (USD),1115.7
2015-08-13,GOLD-CHF,Gold (CHF),1089.15
2015-08-14,GOLD-USD,Gold (USD),1112.9
2015-08-14,GOLD-CHF,Gold (CHF),1087.14
2015-08-17,GOLD-USD,Gold (USD),1118.6
2015-08-17,GOLD-CHF,Gold (CHF),1094.33
2015-08-18,GOLD-USD,Gold (USD),1117.1
2015-08-18,GOLD-CHF,Gold (CHF),1092.02
2015-08-19,GOLD-USD,Gold (USD),1128.1
2015-08-19,GOLD-CHF,Gold (CHF),1095.84
2015-08-20,GOLD-USD,Gold (USD),1153.0
2015-08-20,GOLD-CHF,Gold (CHF),1110.92
2015-08-21,GOLD-USD,Gold (USD),1159.6
2015-08-21,GOLD-CHF,Gold (CHF),1106.32
2015-08-24,GOLD-USD,Gold (USD),1153.4
2015-08-24,GOLD-CHF,Gold (CHF),1079.87
2015-08-25,GOLD-USD,Gold (USD),1138.2
2015-08-25,GOLD-CHF,Gold (CHF),1079.01
2015-08-26,GOLD-USD,Gold (USD),1124.6
2015-08-26,GOLD-CHF,Gold (CHF),1063.93
2015-08-27,GOLD-USD,Gold (USD),1122.4
2015-08-27,GOLD-CHF,Gold (CHF),1080.31
2015-08-28,GOLD-USD,Gold (USD),1133.1
2015-08-28,GOLD-CHF,Gold (CHF),1088.4
2015-08-31,GOLD-USD,Gold (USD),1131.6
2015-08-31,GOLD-CHF,Gold (CHF),1094.31
2015-09-01,GOLD-USD,Gold (USD),1138.7
2015-09-01,GOLD-CHF,Gold (CHF),1095.2
2015-09-02,GOLD-USD,Gold (USD),1132.5
2015-09-02,GOLD-CHF,Gold (CHF),1098.19
2015-09-03,GOLD-USD,Gold (USD),1123.7
2015-09-03,GOLD-CHF,Gold (CHF),1097.52
2015-09-04,GOLD-USD,Gold (USD),1120.6
2015-09-04,GOLD-CHF,Gold (CHF),1092.81
2015-09-08,GOLD-USD,Gold (USD),1120.4
2015-09-08,GOLD-CHF,Gold (CHF),1096.59
2015-09-09,GOLD-USD,Gold (USD),1102.2
2015-09-09,GOLD-CHF,Gold (CHF),1077.51
2015-09-10,GOLD-USD,Gold (USD),1109.5
2015-09-10,GOLD-CHF,Gold (CHF),1082.48
2015-09-11,GOLD-USD,Gold (USD),1103.5
2015-09-11,GOLD-CHF,Gold (CHF),1076.74
2015-09-14,GOLD-USD,Gold (USD),1107.7
2015-09-14,GOLD-CHF,Gold (CHF),1074.75
2015-09-15,GOLD-USD,Gold (USD),1102.8
2015-09-15,GOLD-CHF,Gold (CHF),1073.47
2015-09-16,GOLD-USD,Gold (USD),1119.2
2015-09-16,GOLD-CHF,Gold (CHF),1083.83
2015-09-17,GOLD-USD,Gold (USD),1117.3
2015-09-17,GOLD-CHF,Gold (CHF),1083.11
2015-09-18,GOLD-USD,Gold (USD),1138.1
2015-09-18,GOLD-CHF,Gold (CHF),1093.15
2015-09-21,GOLD-USD,Gold (USD),1133.1
2015-09-21,GOLD-CHF,Gold (CHF),1101.37
2015-09-22,GOLD-USD,Gold (USD),1125.0
2015-09-22,GOLD-CHF,Gold (CHF),1095.36
2015-09-23,GOLD-USD,Gold (USD),1131.6
2015-09-23,GOLD-CHF,Gold (CHF),1108.46
2015-09-24,GOLD-USD,Gold (USD),1153.8
2015-09-24,GOLD-CHF,Gold (CHF),1117.4
2015-09-25,GOLD-USD,Gold (USD),1146.0
2015-09-25,GOLD-CHF,Gold (CHF),1119.7
2015-09-28,GOLD-USD,Gold (USD),1132.0
2015-09-28,GOLD-CHF,Gold (CHF),1103.87
2015-09-29,GOLD-USD,Gold (USD),1127.1
2015-09-29,GOLD-CHF,Gold (CHF),1096.44
2015-09-30,GOLD-USD,Gold (USD),1115.5
2015-09-30,GOLD-CHF,Gold (CHF),1089.96
2015-10-01,GOLD-USD,Gold (USD),1114.2
2015-10-01,GOLD-CHF,Gold (CHF),1086.35
2015-10-02,GOLD-USD,Gold (USD),1137.1
2015-10-02,GOLD-CHF,Gold (CHF),1102.25
2015-10-05,GOLD-USD,Gold (USD),1138.1
2015-10-05,GOLD-CHF,Gold (CHF),1109.48
2015-10-06,GOLD-USD,Gold (USD),1146.8
2015-10-06,GOLD-CHF,Gold (CHF),1110.62
2015-10-07,GOLD-USD,Gold (USD),1149.0
2015-10-07,GOLD-CHF,Gold (CHF),1116.02
2015-10-08,GOLD-USD,Gold (USD),1144.7
2015-10-08,GOLD-CHF,Gold (CHF),1106.92
2015-10-09,GOLD-USD,Gold (USD),1156.3
2015-10-09,GOLD-CHF,Gold (CHF),1112.71
2015-10-12,GOLD-USD,Gold (USD),1164.9
2015-10-12,GOLD-CHF,Gold (CHF),1119.24
2015-10-13,GOLD-USD,Gold (USD),1165.8
2015-10-13,GOLD-CHF,Gold (CHF),1119.17
2015-10-14,GOLD-USD,Gold (USD),1180.1
2015-10-14,GOLD-CHF,Gold (CHF),1124.28
2015-10-15,GOLD-USD,Gold (USD),1187.9
2015-10-15,GOLD-CHF,Gold (CHF),1129.04
2015-10-16,GOLD-USD,Gold (USD),1183.6
2015-10-16,GOLD-CHF,Gold (CHF),1125.9
2015-10-19,GOLD-USD,Gold (USD),1173.3
2015-10-19,GOLD-CHF,Gold (CHF),1123.02
2015-10-20,GOLD-USD,Gold (USD),1178.0
2015-10-20,GOLD-CHF,Gold (CHF),1124.05
2015-10-21,GOLD-USD,Gold (USD),1167.6
2015-10-21,GOLD-CHF,Gold (CHF),1117.04
2015-10-22,GOLD-USD,Gold (USD),1166.6
2015-10-22,GOLD-CHF,Gold (CHF),1133.24
2015-10-23,GOLD-USD,Gold (USD),1163.3
2015-10-23,GOLD-CHF,Gold (CHF),1135.85
2015-10-26,GOLD-USD,Gold (USD),1167.0
2015-10-26,GOLD-CHF,Gold (CHF),1145.7
2015-10-27,GOLD-USD,Gold (USD),1166.8
2015-10-27,GOLD-CHF,Gold (CHF),1149.59
2015-10-28,GOLD-USD,Gold (USD),1177.1
2015-10-28,GOLD-CHF,Gold (CHF),1159.56
2015-10-29,GOLD-USD,Gold (USD),1147.2
2015-10-29,GOLD-CHF,Gold (CHF),1137.85
2015-10-30,GOLD-USD,Gold (USD),1141.5
2015-10-30,GOLD-CHF,Gold (CHF),1125.23
2015-11-02,GOLD-USD,Gold (USD),1135.8
2015-11-02,GOLD-CHF,Gold (CHF),1118.02
2015-11-03,GOLD-USD,Gold (USD),1114.2
2015-11-03,GOLD-CHF,Gold (CHF),1104.17
2015-11-04,GOLD-USD,Gold (USD),1106.5
2015-11-04,GOLD-CHF,Gold (CHF),1098.87
2015-11-05,GOLD-USD,Gold (USD),1104.4
2015-11-05,GOLD-CHF,Gold (CHF),1101.42
2015-11-06,GOLD-USD,Gold (USD),1087.6
2015-11-06,GOLD-CHF,Gold (CHF),1092.93
2015-11-09,GOLD-USD,Gold (USD),1087.9
2015-11-09,GOLD-CHF,Gold (CHF),1092.25
2015-11-10,GOLD-USD,Gold (USD),1088.2
2015-11-10,GOLD-CHF,Gold (CHF),1095.6
2015-11-11,GOLD-USD,Gold (USD),1084.7
2015-11-11,GOLD-CHF,Gold (CHF),1089.36
2015-11-12,GOLD-USD,Gold (USD),1080.8
2015-11-12,GOLD-CHF,Gold (CHF),1084.53
2015-11-13,GOLD-USD,Gold (USD),1080.8
2015-11-13,GOLD-CHF,Gold (CHF),1089.39
2015-11-16,GOLD-USD,Gold (USD),1083.7
2015-11-16,GOLD-CHF,Gold (CHF),1091.56
2015-11-17,GOLD-USD,Gold (USD),1068.7
2015-11-17,GOLD-CHF,Gold (CHF),1084.68
2015-11-18,GOLD-USD,Gold (USD),1068.8
2015-11-18,GOLD-CHF,Gold (CHF),1089.32
2015-11-19,GOLD-USD,Gold (USD),1078.0
2015-11-19,GOLD-CHF,Gold (CHF),1093.36
2015-11-20,GOLD-USD,Gold (USD),1076.4
2015-11-20,GOLD-CHF,Gold (CHF),1094.32
2015-11-23,GOLD-USD,Gold (USD),1066.8
2015-11-23,GOLD-CHF,Gold (CHF),1088.03
2015-11-24,GOLD-USD,Gold (USD),1074.3
2015-11-24,GOLD-CHF,Gold (CHF),1092.51
2015-11-25,GOLD-USD,Gold (USD),1070.5
2015-11-25,GOLD-CHF,Gold (CHF),1096.03
2015-11-27,GOLD-USD,Gold (USD),1056.2
2015-11-27,GOLD-CHF,Gold (CHF),1087.73
2015-11-30,GOLD-USD,Gold (USD),1065.8
2015-11-30,GOLD-CHF,Gold (CHF),1095.59
2015-12-01,GOLD-USD,Gold (USD),1063.8
2015-12-01,GOLD-CHF,Gold (CHF),1094.6
2015-12-02,GOLD-USD,Gold (USD),1054.2
2015-12-02,GOLD-CHF,Gold (CHF),1084.61
2015-12-03,GOLD-USD,Gold (USD),1061.7
2015-12-03,GOLD-CHF,Gold (CHF),1064.99
2015-12-04,GOLD-USD,Gold (USD),1084.5
2015-12-04,GOLD-CHF,Gold (CHF),1084.17
2015-12-07,GOLD-USD,Gold (USD),1076.4
2015-12-07,GOLD-CHF,Gold (CHF),1077.05
2015-12-08,GOLD-USD,Gold (USD),1076.3
2015-12-08,GOLD-CHF,Gold (CHF),1069.95
2015-12-09,GOLD-USD,Gold (USD),1077.6
2015-12-09,GOLD-CHF,Gold (CHF),1064.67
2015-12-10,GOLD-USD,Gold (USD),1073.1
2015-12-10,GOLD-CHF,Gold (CHF),1061.13
2015-12-11,GOLD-USD,Gold (USD),1076.9
2015-12-11,GOLD-CHF,Gold (CHF),1059.29
2015-12-14,GOLD-USD,Gold (USD),1064.7
2015-12-14,GOLD-CHF,Gold (CHF),1044.74
2015-12-15,GOLD-USD,Gold (USD),1062.9
2015-12-15,GOLD-CHF,Gold (CHF),1052.75
2015-12-16,GOLD-USD,Gold (USD),1078.0
2015-12-16,GOLD-CHF,Gold (CHF),1064.2
2015-12-17,GOLD-USD,Gold (USD),1050.8
2015-12-17,GOLD-CHF,Gold (CHF),1046.39
2015-12-18,GOLD-USD,Gold (USD),1066.2
2015-12-18,GOLD-CHF,Gold (CHF),1060.23
2015-12-21,GOLD-USD,Gold (USD),1081.9
2015-12-21,GOLD-CHF,Gold (CHF),1073.57
2015-12-22,GOLD-USD,Gold (USD),1074.8
2015-12-22,GOLD-CHF,Gold (CHF),1062.06
2015-12-23,GOLD-USD,Gold (USD),1069.4
2015-12-23,GOLD-CHF,Gold (CHF),1062.29
2015-12-24,GOLD-USD,Gold (USD),1077.2
2015-12-24,GOLD-CHF,Gold (CHF),1063.52
2015-12-28,GOLD-USD,Gold (USD),1070.5
2015-12-28,GOLD-CHF,Gold (CHF),1058.19
2015-12-29,GOLD-USD,Gold (USD),1077.5
2015-12-29,GOLD-CHF,Gold (CHF),1070.01
2015-12-30,GOLD-USD,Gold (USD),1060.1
2015-12-30,GOLD-CHF,Gold (CHF),1049.76
2015-12-31,GOLD-USD,Gold (USD),1060.3
2015-12-31,GOLD-CHF,Gold (CHF),1061.36
2016-01-04,GOLD-USD,Gold (USD),1075.1
2016-01-04,GOLD-CHF,Gold (CHF),1080.8
2016-01-05,GOLD-USD,Gold (USD),1078.4
2016-01-05,GOLD-CHF,Gold (CHF),1090.96
2016-01-06,GOLD-USD,Gold (USD),1091.9
2016-01-06,GOLD-CHF,Gold (CHF),1101.51
2016-01-07,GOLD-USD,Gold (USD),1107.7
2016-01-07,GOLD-CHF,Gold (CHF),1111.24
2016-01-08,GOLD-USD,Gold (USD),1097.8
2016-01-08,GOLD-CHF,Gold (CHF),1092.59
2016-01-11,GOLD-USD,Gold (USD),1096.5
2016-01-11,GOLD-CHF,Gold (CHF),1098.31
2016-01-12,GOLD-USD,Gold (USD),1085.6
2016-01-12,GOLD-CHF,Gold (CHF),1089.45
2016-01-13,GOLD-USD,Gold (USD),1087.5
2016-01-13,GOLD-CHF,Gold (CHF),1097.67
2016-01-14,GOLD-USD,Gold (USD),1073.9
2016-01-14,GOLD-CHF,Gold (CHF),1083.19
2016-01-15,GOLD-USD,Gold (USD),1091.5
2016-01-15,GOLD-CHF,Gold (CHF),1090.14
2016-01-19,GOLD-USD,Gold (USD),1089.9
2016-01-19,GOLD-CHF,Gold (CHF),1093.77
2016-01-20,GOLD-USD,Gold (USD),1107.1
2016-01-20,GOLD-CHF,Gold (CHF),1110.97
2016-01-21,GOLD-USD,Gold (USD),1099.1
2016-01-21,GOLD-CHF,Gold (CHF),1111.79
2016-01-22,GOLD-USD,Gold (USD),1097.2
2016-01-22,GOLD-CHF,Gold (CHF),1112.62
2016-01-25,GOLD-USD,Gold (USD),1106.2
2016-01-25,GOLD-CHF,Gold (CHF),1123.73
2016-01-26,GOLD-USD,Gold (USD),1121.7
2016-01-26,GOLD-CHF,Gold (CHF),1141.67
2016-01-27,GOLD-USD,Gold (USD),1116.1
2016-01-27,GOLD-CHF,Gold (CHF),1135.35
2016-01-28,GOLD-USD,Gold (USD),1115.6
2016-01-28,GOLD-CHF,Gold (CHF),1131.0
2016-01-29,GOLD-USD,Gold (USD),1116.4
2016-01-29,GOLD-CHF,Gold (CHF),1143.92
2016-02-01,GOLD-USD,Gold (USD),1127.9
2016-02-01,GOLD-CHF,Gold (CHF),1147.81
2016-02-02,GOLD-USD,Gold (USD),1127.3
2016-02-02,GOLD-CHF,Gold (CHF),1150.35
2016-02-03,GOLD-USD,Gold (USD),1141.3
2016-02-03,GOLD-CHF,Gold (CHF),1150.49
2016-02-04,GOLD-USD,Gold (USD),1157.6
2016-02-04,GOLD-CHF,Gold (CHF),1154.82
2016-02-05,GOLD-USD,Gold (USD),1157.8
2016-02-05,GOLD-CHF,Gold (CHF),1149.87
2016-02-08,GOLD-USD,Gold (USD),1197.9
2016-02-08,GOLD-CHF,Gold (CHF),1185.74
2016-02-09,GOLD-USD,Gold (USD),1198.7
2016-02-09,GOLD-CHF,Gold (CHF),1162.8
2016-02-10,GOLD-USD,Gold (USD),1194.7
2016-02-10,GOLD-CHF,Gold (CHF),1169.73
2016-02-11,GOLD-USD,Gold (USD),1247.9
2016-02-11,GOLD-CHF,Gold (CHF),1214.46
2016-02-12,GOLD-USD,Gold (USD),1239.1
2016-02-12,GOLD-CHF,Gold (CHF),1210.41
2016-02-16,GOLD-USD,Gold (USD),1207.9
2016-02-16,GOLD-CHF,Gold (CHF),1193.95
2016-02-17,GOLD-USD,Gold (USD),1211.1
2016-02-17,GOLD-CHF,Gold (CHF),1202.74
2016-02-18,GOLD-USD,Gold (USD),1226.1
2016-02-18,GOLD-CHF,Gold (CHF),1218.74
2016-02-19,GOLD-USD,Gold (USD),1230.4
2016-02-19,GOLD-CHF,Gold (CHF),1219.94
2016-02-22,GOLD-USD,Gold (USD),1209.5
2016-02-22,GOLD-CHF,Gold (CHF),1207.56
2016-02-23,GOLD-USD,Gold (USD),1222.3
2016-02-23,GOLD-CHF,Gold (CHF),1210.93
2016-02-24,GOLD-USD,Gold (USD),1238.7
2016-02-24,GOLD-CHF,Gold (CHF),1223.28
2016-02-25,GOLD-USD,Gold (USD),1238.2
2016-02-25,GOLD-CHF,Gold (CHF),1224.77
2016-02-26,GOLD-USD,Gold (USD),1219.8
2016-02-26,GOLD-CHF,Gold (CHF),1218.03
2016-02-29,GOLD-USD,Gold (USD),1233.9
2016-02-29,GOLD-CHF,Gold (CHF),1228.96
2016-03-01,GOLD-USD,Gold (USD),1230.3
2016-03-01,GOLD-CHF,Gold (CHF),1228.02
2016-03-02,GOLD-USD,Gold (USD),1241.1
2016-03-02,GOLD-CHF,Gold (CHF),1241.6
2016-03-03,GOLD-USD,Gold (USD),1257.4
2016-03-03,GOLD-CHF,Gold (CHF),1248.35
2016-03-04,GOLD-USD,Gold (USD),1269.9
2016-03-04,GOLD-CHF,Gold (CHF),1261.65
2016-03-07,GOLD-USD,Gold (USD),1263.2
2016-03-07,GOLD-CHF,Gold (CHF),1261.18
2016-03-08,GOLD-USD,Gold (USD),1262.1
2016-03-08,GOLD-CHF,Gold (CHF),1251.69
2016-03-09,GOLD-USD,Gold (USD),1256.6
2016-03-09,GOLD-CHF,Gold (CHF),1251.89
2016-03-10,GOLD-USD,Gold (USD),1272.0
2016-03-10,GOLD-CHF,Gold (CHF),1256.35
2016-03-11,GOLD-USD,Gold (USD),1258.7
2016-03-11,GOLD-CHF,Gold (CHF),1238.25
2016-03-14,GOLD-USD,Gold (USD),1244.4
2016-03-14,GOLD-CHF,Gold (CHF),1226.67
2016-03-15,GOLD-USD,Gold (USD),1230.4
2016-03-15,GOLD-CHF,Gold (CHF),1212.31
2016-03-16,GOLD-USD,Gold (USD),1229.3
2016-03-16,GOLD-CHF,Gold (CHF),1214.67
2016-03-17,GOLD-USD,Gold (USD),1264.5
2016-03-17,GOLD-CHF,Gold (CHF),1223.91
2016-03-18,GOLD-USD,Gold (USD),1253.8
2016-03-18,GOLD-CHF,Gold (CHF),1214.05
2016-03-21,GOLD-USD,Gold (USD),1243.8
2016-03-21,GOLD-CHF,Gold (CHF),1203.75
2016-03-22,GOLD-USD,Gold (USD),1248.2
2016-03-22,GOLD-CHF,Gold (CHF),1211.5
2016-03-23,GOLD-USD,Gold (USD),1223.7
2016-03-23,GOLD-CHF,Gold (CHF),1191.15
2016-03-24,GOLD-USD,Gold (USD),1221.4
2016-03-24,GOLD-CHF,Gold (CHF),1192.88
2016-03-28,GOLD-USD,Gold (USD),1219.9
2016-03-28,GOLD-CHF,Gold (CHF),1186.96
2016-03-29,GOLD-USD,Gold (USD),1235.6
2016-03-29,GOLD-CHF,Gold (CHF),1205.64
2016-03-30,GOLD-USD,Gold (USD),1226.9
2016-03-30,GOLD-CHF,Gold (CHF),1180.22
2016-03-31,GOLD-USD,Gold (USD),1234.2
2016-03-31,GOLD-CHF,Gold (CHF),1181.93
2016-04-01,GOLD-USD,Gold (USD),1222.2
2016-04-01,GOLD-CHF,Gold (CHF),1176.12
2016-04-04,GOLD-USD,Gold (USD),1218.0
2016-04-04,GOLD-CHF,Gold (CHF),1168.91
2016-04-05,GOLD-USD,Gold (USD),1228.4
2016-04-05,GOLD-CHF,Gold (CHF),1176.13
2016-04-06,GOLD-USD,Gold (USD),1222.5
2016-04-06,GOLD-CHF,Gold (CHF),1170.05
2016-04-07,GOLD-USD,Gold (USD),1236.2
2016-04-07,GOLD-CHF,Gold (CHF),1180.39
2016-04-08,GOLD-USD,Gold (USD),1242.5
2016-04-08,GOLD-CHF,Gold (CHF),1184.23
2016-04-11,GOLD-USD,Gold (USD),1256.7
2016-04-11,GOLD-CHF,Gold (CHF),1195.5
2016-04-12,GOLD-USD,Gold (USD),1259.4
2016-04-12,GOLD-CHF,Gold (CHF),1205.37
2016-04-13,GOLD-USD,Gold (USD),1246.8
2016-04-13,GOLD-CHF,Gold (CHF),1203.16
2016-04-14,GOLD-USD,Gold (USD),1225.0
2016-04-14,GOLD-CHF,Gold (CHF),1184.58
2016-04-15,GOLD-USD,Gold (USD),1233.1
2016-04-15,GOLD-CHF,Gold (CHF),1191.98
2016-04-18,GOLD-USD,Gold (USD),1233.6
2016-04-18,GOLD-CHF,Gold (CHF),1188.27
2016-04-19,GOLD-USD,Gold (USD),1253.0
2016-04-19,GOLD-CHF,Gold (CHF),1202.75
2016-04-20,GOLD-USD,Gold (USD),1253.2
2016-04-20,GOLD-CHF,Gold (CHF),1210.03
2016-04-21,GOLD-USD,Gold (USD),1249.0
2016-04-21,GOLD-CHF,Gold (CHF),1214.9
2016-04-22,GOLD-USD,Gold (USD),1228.7
2016-04-22,GOLD-CHF,Gold (CHF),1200.75
2016-04-25,GOLD-USD,Gold (USD),1238.9
2016-04-25,GOLD-CHF,Gold (CHF),1207.0
2016-04-26,GOLD-USD,Gold (USD),1242.2
2016-04-26,GOLD-CHF,Gold (CHF),1208.29
2016-04-27,GOLD-USD,Gold (USD),1249.2
2016-04-27,GOLD-CHF,Gold (CHF),1215.28
2016-04-28,GOLD-USD,Gold (USD),1265.5
2016-04-28,GOLD-CHF,Gold (CHF),1227.09
2016-04-29,GOLD-USD,Gold (USD),1289.2
2016-04-29,GOLD-CHF,Gold (CHF),1235.7
2016-05-02,GOLD-USD,Gold (USD),1294.7
2016-05-02,GOLD-CHF,Gold (CHF),1236.76
2016-05-03,GOLD-USD,Gold (USD),1290.7
2016-05-03,GOLD-CHF,Gold (CHF),1229.84
2016-05-04,GOLD-USD,Gold (USD),1273.3
2016-05-04,GOLD-CHF,Gold (CHF),1218.87
2016-05-05,GOLD-USD,Gold (USD),1271.4
2016-05-05,GOLD-CHF,Gold (CHF),1230.65
2016-05-06,GOLD-USD,Gold (USD),1292.9
2016-05-06,GOLD-CHF,Gold (CHF),1253.79
2016-05-09,GOLD-USD,Gold (USD),1265.6
2016-05-09,GOLD-CHF,Gold (CHF),1228.33
2016-05-10,GOLD-USD,Gold (USD),1263.9
2016-05-10,GOLD-CHF,Gold (CHF),1230.47
2016-05-11,GOLD-USD,Gold (USD),1274.6
2016-05-11,GOLD-CHF,Gold (CHF),1237.38
2016-05-12,GOLD-USD,Gold (USD),1270.3
2016-05-12,GOLD-CHF,Gold (CHF),1228.57
2016-05-13,GOLD-USD,Gold (USD),1271.9
2016-05-13,GOLD-CHF,Gold (CHF),1241.18
2016-05-16,GOLD-USD,Gold (USD),1273.4
2016-05-16,GOLD-CHF,Gold (CHF),1243.6
2016-05-17,GOLD-USD,Gold (USD),1276.2
2016-05-17,GOLD-CHF,Gold (CHF),1245.44
2016-05-18,GOLD-USD,Gold (USD),1273.7
2016-05-18,GOLD-CHF,Gold (CHF),1250.2
2016-05-19,GOLD-USD,Gold (USD),1254.2
2016-05-19,GOLD-CHF,Gold (CHF),1241.6
2016-05-20,GOLD-USD,Gold (USD),1252.4
2016-05-20,GOLD-CHF,Gold (CHF),1242.76
2016-05-23,GOLD-USD,Gold (USD),1251.1
2016-05-23,GOLD-CHF,Gold (CHF),1241.03
2016-05-24,GOLD-USD,Gold (USD),1228.9
2016-05-24,GOLD-CHF,Gold (CHF),1219.68
2016-05-25,GOLD-USD,Gold (USD),1223.5
2016-05-25,GOLD-CHF,Gold (CHF),1212.86
2016-05-26,GOLD-USD,Gold (USD),1220.1
2016-05-26,GOLD-CHF,Gold (CHF),1207.59
2016-05-27,GOLD-USD,Gold (USD),1213.8
2016-05-27,GOLD-CHF,Gold (CHF),1205.06
2016-05-31,GOLD-USD,Gold (USD),1214.8
2016-05-31,GOLD-CHF,Gold (CHF),1207.75
2016-06-01,GOLD-USD,Gold (USD),1211.9
2016-06-01,GOLD-CHF,Gold (CHF),1197.18
2016-06-02,GOLD-USD,Gold (USD),1209.8
2016-06-02,GOLD-CHF,Gold (CHF),1197.46
2016-06-03,GOLD-USD,Gold (USD),1240.1
2016-06-03,GOLD-CHF,Gold (CHF),1213.19
2016-06-06,GOLD-USD,Gold (USD),1244.6
2016-06-06,GOLD-CHF,Gold (CHF),1209.32
2016-06-07,GOLD-USD,Gold (USD),1244.4
2016-06-07,GOLD-CHF,Gold (CHF),1202.9
2016-06-08,GOLD-USD,Gold (USD),1259.8
2016-06-08,GOLD-CHF,Gold (CHF),1208.84
2016-06-09,GOLD-USD,Gold (USD),1270.2
2016-06-09,GOLD-CHF,Gold (CHF),1225.04
2016-06-10,GOLD-USD,Gold (USD),1273.4
2016-06-10,GOLD-CHF,Gold (CHF),1225.97
2016-06-13,GOLD-USD,Gold (USD),1284.4
2016-06-13,GOLD-CHF,Gold (CHF),1240.86
2016-06-14,GOLD-USD,Gold (USD),1285.6
2016-06-14,GOLD-CHF,Gold (CHF),1238.87
2016-06-15,GOLD-USD,Gold (USD),1285.8
2016-06-15,GOLD-CHF,Gold (CHF),1237.13
2016-06-16,GOLD-USD,Gold (USD),1296.1
2016-06-16,GOLD-CHF,Gold (CHF),1253.78
2016-06-17,GOLD-USD,Gold (USD),1292.5
2016-06-17,GOLD-CHF,Gold (CHF),1242.54
2016-06-20,GOLD-USD,Gold (USD),1290.0
2016-06-20,GOLD-CHF,Gold (CHF),1237.63
2016-06-21,GOLD-USD,Gold (USD),1270.5
2016-06-21,GOLD-CHF,Gold (CHF),1217.65
2016-06-22,GOLD-USD,Gold (USD),1268.0
2016-06-22,GOLD-CHF,Gold (CHF),1216.9
2016-06-23,GOLD-USD,Gold (USD),1261.2
2016-06-23,GOLD-CHF,Gold (CHF),1206.59
2016-06-24,GOLD-USD,Gold (USD),1320.0
2016-06-24,GOLD-CHF,Gold (CHF),1276.77
2016-06-27,GOLD-USD,Gold (USD),1322.5
2016-06-27,GOLD-CHF,Gold (CHF),1297.17
2016-06-28,GOLD-USD,Gold (USD),1315.3
2016-06-28,GOLD-CHF,Gold (CHF),1289.72
2016-06-29,GOLD-USD,Gold (USD),1323.9
2016-06-29,GOLD-CHF,Gold (CHF),1297.42
2016-06-30,GOLD-USD,Gold (USD),1318.4
2016-06-30,GOLD-CHF,Gold (CHF),1284.39
2016-07-01,GOLD-USD,Gold (USD),1336.7
2016-07-01,GOLD-CHF,Gold (CHF),1301.81
2016-07-05,GOLD-USD,Gold (USD),1356.4
2016-07-05,GOLD-CHF,Gold (CHF),1321.2
2016-07-06,GOLD-USD,Gold (USD),1364.9
2016-07-06,GOLD-CHF,Gold (CHF),1334.39
2016-07-07,GOLD-USD,Gold (USD),1360.1
2016-07-07,GOLD-CHF,Gold (CHF),1329.23
2016-07-08,GOLD-USD,Gold (USD),1356.6
2016-07-08,GOLD-CHF,Gold (CHF),1334.76
2016-07-11,GOLD-USD,Gold (USD),1355.0
2016-07-11,GOLD-CHF,Gold (CHF),1332.03
2016-07-12,GOLD-USD,Gold (USD),1334.1
2016-07-12,GOLD-CHF,Gold (CHF),1317.69
2016-07-13,GOLD-USD,Gold (USD),1342.4
2016-07-13,GOLD-CHF,Gold (CHF),1320.92
2016-07-14,GOLD-USD,Gold (USD),1331.3
2016-07-14,GOLD-CHF,Gold (CHF),1307.47
2016-07-15,GOLD-USD,Gold (USD),1326.5
2016-07-15,GOLD-CHF,Gold (CHF),1304.08
2016-07-18,GOLD-USD,Gold (USD),1328.4
2016-07-18,GOLD-CHF,Gold (CHF),1307.41
2016-07-19,GOLD-USD,Gold (USD),1331.5
2016-07-19,GOLD-CHF,Gold (CHF),1311.53
2016-07-20,GOLD-USD,Gold (USD),1318.8
2016-07-20,GOLD-CHF,Gold (CHF),1300.47
2016-07-21,GOLD-USD,Gold (USD),1330.5
2016-07-21,GOLD-CHF,Gold (CHF),1315.53
2016-07-22,GOLD-USD,Gold (USD),1323.1
2016-07-22,GOLD-CHF,Gold (CHF),1307.88
2016-07-25,GOLD-USD,Gold (USD),1319.3
2016-07-25,GOLD-CHF,Gold (CHF),1302.54
2016-07-26,GOLD-USD,Gold (USD),1320.7
2016-07-26,GOLD-CHF,Gold (CHF),1310.79
2016-07-27,GOLD-USD,Gold (USD),1326.6
2016-07-27,GOLD-CHF,Gold (CHF),1317.78
2016-07-28,GOLD-USD,Gold (USD),1332.3
2016-07-28,GOLD-CHF,Gold (CHF),1307.92
2016-07-29,GOLD-USD,Gold (USD),1349.0
2016-07-29,GOLD-CHF,Gold (CHF),1303.74
2016-08-01,GOLD-USD,Gold (USD),1351.4
2016-08-01,GOLD-CHF,Gold (CHF),1306.53
2016-08-02,GOLD-USD,Gold (USD),1364.4
2016-08-02,GOLD-CHF,Gold (CHF),1315.49
2016-08-03,GOLD-USD,Gold (USD),1356.1
2016-08-03,GOLD-CHF,Gold (CHF),1317.59
2016-08-04,GOLD-USD,Gold (USD),1358.8
2016-08-04,GOLD-CHF,Gold (CHF),1322.66
2016-08-05,GOLD-USD,Gold (USD),1336.4
2016-08-05,GOLD-CHF,Gold (CHF),1310.94
2016-08-08,GOLD-USD,Gold (USD),1333.4
2016-08-08,GOLD-CHF,Gold (CHF),1311.33
2016-08-09,GOLD-USD,Gold (USD),1339.0
2016-08-09,GOLD-CHF,Gold (CHF),1315.17
2016-08-10,GOLD-USD,Gold (USD),1344.3
2016-08-10,GOLD-CHF,Gold (CHF),1313.31
2016-08-11,GOLD-USD,Gold (USD),1342.5
2016-08-11,GOLD-CHF,Gold (CHF),1304.04
2016-08-12,GOLD-USD,Gold (USD),1335.8
2016-08-12,GOLD-CHF,Gold (CHF),1300.13
2016-08-15,GOLD-USD,Gold (USD),1340.3
2016-08-15,GOLD-CHF,Gold (CHF),1302.84
2016-08-16,GOLD-USD,Gold (USD),1350.5
2016-08-16,GOLD-CHF,Gold (CHF),1301.27
2016-08-17,GOLD-USD,Gold (USD),1342.7
2016-08-17,GOLD-CHF,Gold (CHF),1292.48
2016-08-18,GOLD-USD,Gold (USD),1351.2
2016-08-18,GOLD-CHF,Gold (CHF),1294.18
2016-08-19,GOLD-USD,Gold (USD),1340.4
2016-08-19,GOLD-CHF,Gold (CHF),1286.05
2016-08-22,GOLD-USD,Gold (USD),1337.7
2016-08-22,GOLD-CHF,Gold (CHF),1286.27
2016-08-23,GOLD-USD,Gold (USD),1340.6
2016-08-23,GOLD-CHF,Gold (CHF),1288.52
2016-08-24,GOLD-USD,Gold (USD),1324.4
2016-08-24,GOLD-CHF,Gold (CHF),1281.49
2016-08-25,GOLD-USD,Gold (USD),1320.1
2016-08-25,GOLD-CHF,Gold (CHF),1277.46
2016-08-26,GOLD-USD,Gold (USD),1321.5
2016-08-26,GOLD-CHF,Gold (CHF),1279.67
2016-08-29,GOLD-USD,Gold (USD),1322.9
2016-08-29,GOLD-CHF,Gold (CHF),1295.85
2016-08-30,GOLD-USD,Gold (USD),1311.7
2016-08-30,GOLD-CHF,Gold (CHF),1287.76
2016-08-31,GOLD-USD,Gold (USD),1306.9
2016-08-31,GOLD-CHF,Gold (CHF),1284.09
2016-09-01,GOLD-USD,Gold (USD),1312.2
2016-09-01,GOLD-CHF,Gold (CHF),1286.22
2016-09-02,GOLD-USD,Gold (USD),1322.1
2016-09-02,GOLD-CHF,Gold (CHF),1296.05
2016-09-06,GOLD-USD,Gold (USD),1349.4
2016-09-06,GOLD-CHF,Gold (CHF),1312.16
2016-09-07,GOLD-USD,Gold (USD),1344.3
2016-09-07,GOLD-CHF,Gold (CHF),1302.69
2016-09-08,GOLD-USD,Gold (USD),1336.8
2016-09-08,GOLD-CHF,Gold (CHF),1295.69
2016-09-09,GOLD-USD,Gold (USD),1330.1
2016-09-09,GOLD-CHF,Gold (CHF),1299.11
2016-09-12,GOLD-USD,Gold (USD),1321.0
2016-09-12,GOLD-CHF,Gold (CHF),1286.39
2016-09-13,GOLD-USD,Gold (USD),1319.0
2016-09-13,GOLD-CHF,Gold (CHF),1283.98
2016-09-14,GOLD-USD,Gold (USD),1321.5
2016-09-14,GOLD-CHF,Gold (CHF),1286.22
2016-09-15,GOLD-USD,Gold (USD),1313.5
2016-09-15,GOLD-CHF,Gold (CHF),1277.58
2016-09-16,GOLD-USD,Gold (USD),1305.8
2016-09-16,GOLD-CHF,Gold (CHF),1278.51
2016-09-19,GOLD-USD,Gold (USD),1313.5
2016-09-19,GOLD-CHF,Gold (CHF),1286.84
2016-09-20,GOLD-USD,Gold (USD),1313.7
2016-09-20,GOLD-CHF,Gold (CHF),1285.85
2016-09-21,GOLD-USD,Gold (USD),1326.9
2016-09-21,GOLD-CHF,Gold (CHF),1296.12
2016-09-22,GOLD-USD,Gold (USD),1340.4
2016-09-22,GOLD-CHF,Gold (CHF),1296.23
2016-09-23,GOLD-USD,Gold (USD),1337.2
2016-09-23,GOLD-CHF,Gold (CHF),1298.35
2016-09-26,GOLD-USD,Gold (USD),1339.7
2016-09-26,GOLD-CHF,Gold (CHF),1295.96
2016-09-27,GOLD-USD,Gold (USD),1325.9
2016-09-27,GOLD-CHF,Gold (CHF),1289.11
2016-09-28,GOLD-USD,Gold (USD),1319.4
2016-09-28,GOLD-CHF,Gold (CHF),1283.91
2016-09-29,GOLD-USD,Gold (USD),1321.7
2016-09-29,GOLD-CHF,Gold (CHF),1278.61
2016-09-30,GOLD-USD,Gold (USD),1313.3
2016-09-30,GOLD-CHF,Gold (CHF),1273.11
2016-10-03,GOLD-USD,Gold (USD),1309.0
2016-10-03,GOLD-CHF,Gold (CHF),1272.61
2016-10-04,GOLD-USD,Gold (USD),1266.3
2016-10-04,GOLD-CHF,Gold (CHF),1242.05
2016-10-05,GOLD-USD,Gold (USD),1265.2
2016-10-05,GOLD-CHF,Gold (CHF),1236.23
2016-10-06,GOLD-USD,Gold (USD),1249.8
2016-10-06,GOLD-CHF,Gold (CHF),1224.87
2016-10-07,GOLD-USD,Gold (USD),1248.9
2016-10-07,GOLD-CHF,Gold (CHF),1223.3
2016-10-10,GOLD-USD,Gold (USD),1257.5
2016-10-10,GOLD-CHF,Gold (CHF),1236.63
2016-10-11,GOLD-USD,Gold (USD),1253.0
2016-10-11,GOLD-CHF,Gold (CHF),1238.09
2016-10-12,GOLD-USD,Gold (USD),1251.1
2016-10-12,GOLD-CHF,Gold (CHF),1238.96
2016-10-13,GOLD-USD,Gold (USD),1255.0
2016-10-13,GOLD-CHF,Gold (CHF),1240.07
2016-10-14,GOLD-USD,Gold (USD),1253.1
2016-10-14,GOLD-CHF,Gold (CHF),1238.63
2016-10-17,GOLD-USD,Gold (USD),1254.4
2016-10-17,GOLD-CHF,Gold (CHF),1242.04
2016-10-18,GOLD-USD,Gold (USD),1260.8
2016-10-18,GOLD-CHF,Gold (CHF),1249.7
2016-10-19,GOLD-USD,Gold (USD),1267.9
2016-10-19,GOLD-CHF,Gold (CHF),1254.27
2016-10-20,GOLD-USD,Gold (USD),1265.6
2016-10-20,GOLD-CHF,Gold (CHF),1255.22
2016-10-21,GOLD-USD,Gold (USD),1265.9
2016-10-21,GOLD-CHF,Gold (CHF),1260.27
2016-10-24,GOLD-USD,Gold (USD),1262.0
2016-10-24,GOLD-CHF,Gold (CHF),1253.23
2016-10-25,GOLD-USD,Gold (USD),1271.9
2016-10-25,GOLD-CHF,Gold (CHF),1267.32
2016-10-26,GOLD-USD,Gold (USD),1264.8
2016-10-26,GOLD-CHF,Gold (CHF),1256.01
2016-10-27,GOLD-USD,Gold (USD),1267.9
2016-10-27,GOLD-CHF,Gold (CHF),1259.28
2016-10-28,GOLD-USD,Gold (USD),1275.5
2016-10-28,GOLD-CHF,Gold (CHF),1267.15
2016-10-31,GOLD-USD,Gold (USD),1271.5
2016-10-31,GOLD-CHF,Gold (CHF),1257.39
2016-11-01,GOLD-USD,Gold (USD),1286.4
2016-11-01,GOLD-CHF,Gold (CHF),1259.39
2016-11-02,GOLD-USD,Gold (USD),1306.8
2016-11-02,GOLD-CHF,Gold (CHF),1267.99
2016-11-03,GOLD-USD,Gold (USD),1302.1
2016-11-03,GOLD-CHF,Gold (CHF),1268.96
2016-11-04,GOLD-USD,Gold (USD),1303.3
2016-11-04,GOLD-CHF,Gold (CHF),1262.12
2016-11-07,GOLD-USD,Gold (USD),1278.3
2016-11-07,GOLD-CHF,Gold (CHF),1249.22
2016-11-08,GOLD-USD,Gold (USD),1273.4
2016-11-08,GOLD-CHF,Gold (CHF),1241.18
2016-11-09,GOLD-USD,Gold (USD),1272.6
2016-11-09,GOLD-CHF,Gold (CHF),1249.57
2016-11-10,GOLD-USD,Gold (USD),1265.5
2016-11-10,GOLD-CHF,Gold (CHF),1250.06
2016-11-11,GOLD-USD,Gold (USD),1223.5
2016-11-11,GOLD-CHF,Gold (CHF),1208.7
2016-11-14,GOLD-USD,Gold (USD),1221.2
2016-11-14,GOLD-CHF,Gold (CHF),1219.43
2016-11-15,GOLD-USD,Gold (USD),1224.0
2016-11-15,GOLD-CHF,Gold (CHF),1225.04
2016-11-16,GOLD-USD,Gold (USD),1223.4
2016-11-16,GOLD-CHF,Gold (CHF),1229.39
2016-11-17,GOLD-USD,Gold (USD),1216.5
2016-11-17,GOLD-CHF,Gold (CHF),1221.31
2016-11-18,GOLD-USD,Gold (USD),1208.5
2016-11-18,GOLD-CHF,Gold (CHF),1222.46
2016-11-21,GOLD-USD,Gold (USD),1209.6
2016-11-21,GOLD-CHF,Gold (CHF),1220.61
2016-11-22,GOLD-USD,Gold (USD),1211.0
2016-11-22,GOLD-CHF,Gold (CHF),1226.32
2016-11-23,GOLD-USD,Gold (USD),1189.1
2016-11-23,GOLD-CHF,Gold (CHF),1210.15
2016-11-25,GOLD-USD,Gold (USD),1178.2
2016-11-25,GOLD-CHF,Gold (CHF),1193.75
2016-11-28,GOLD-USD,Gold (USD),1190.6
2016-11-28,GOLD-CHF,Gold (CHF),1208.22
2016-11-29,GOLD-USD,Gold (USD),1187.9
2016-11-29,GOLD-CHF,Gold (CHF),1204.53
2016-11-30,GOLD-USD,Gold (USD),1170.8
2016-11-30,GOLD-CHF,Gold (CHF),1192.64
2016-12-01,GOLD-USD,Gold (USD),1166.9
2016-12-01,GOLD-CHF,Gold (CHF),1182.65
2016-12-02,GOLD-USD,Gold (USD),1175.1
2016-12-02,GOLD-CHF,Gold (CHF),1188.67
2016-12-05,GOLD-USD,Gold (USD),1174.0
2016-12-05,GOLD-CHF,Gold (CHF),1186.97
2016-12-06,GOLD-USD,Gold (USD),1167.6
2016-12-06,GOLD-CHF,Gold (CHF),1178.46
2016-12-07,GOLD-USD,Gold (USD),1175.0
2016-12-07,GOLD-CHF,Gold (CHF),1182.99
2016-12-08,GOLD-USD,Gold (USD),1169.8
2016-12-08,GOLD-CHF,Gold (CHF),1189.57
2016-12-09,GOLD-USD,Gold (USD),1159.4
2016-12-09,GOLD-CHF,Gold (CHF),1182.94
2016-12-12,GOLD-USD,Gold (USD),1163.5
2016-12-12,GOLD-CHF,Gold (CHF),1182.23
2016-12-13,GOLD-USD,Gold (USD),1156.7
2016-12-13,GOLD-CHF,Gold (CHF),1169.83
2016-12-14,GOLD-USD,Gold (USD),1161.3
2016-12-14,GOLD-CHF,Gold (CHF),1172.8
2016-12-15,GOLD-USD,Gold (USD),1127.8
2016-12-15,GOLD-CHF,Gold (CHF),1162.93
2016-12-16,GOLD-USD,Gold (USD),1135.3
2016-12-16,GOLD-CHF,Gold (CHF),1168.34
2016-12-19,GOLD-USD,Gold (USD),1140.5
2016-12-19,GOLD-CHF,Gold (CHF),1167.7
2016-12-20,GOLD-USD,Gold (USD),1131.5
2016-12-20,GOLD-CHF,Gold (CHF),1164.6
2016-12-21,GOLD-USD,Gold (USD),1131.1
2016-12-21,GOLD-CHF,Gold (CHF),1160.68
2016-12-22,GOLD-USD,Gold (USD),1128.8
2016-12-22,GOLD-CHF,Gold (CHF),1157.08
2016-12-23,GOLD-USD,Gold (USD),1131.9
2016-12-23,GOLD-CHF,Gold (CHF),1160.54
2016-12-27,GOLD-USD,Gold (USD),1137.3
2016-12-27,GOLD-CHF,Gold (CHF),1169.83
2016-12-28,GOLD-USD,Gold (USD),1139.4
2016-12-28,GOLD-CHF,Gold (CHF),1173.92
2016-12-29,GOLD-USD,Gold (USD),1156.4
2016-12-29,GOLD-CHF,Gold (CHF),1183.75
2016-12-30,GOLD-USD,Gold (USD),1150.0
2016-12-30,GOLD-CHF,Gold (CHF),1168.8
2017-01-03,GOLD-USD,Gold (USD),1160.4
2017-01-03,GOLD-CHF,Gold (CHF),1193.99
2017-01-04,GOLD-USD,Gold (USD),1163.8
2017-01-04,GOLD-CHF,Gold (CHF),1191.44
2017-01-05,GOLD-USD,Gold (USD),1179.7
2017-01-05,GOLD-CHF,Gold (CHF),1191.61
2017-01-06,GOLD-USD,Gold (USD),1171.9
2017-01-06,GOLD-CHF,Gold (CHF),1187.84
2017-01-09,GOLD-USD,Gold (USD),1183.5
2017-01-09,GOLD-CHF,Gold (CHF),1203.15
2017-01-10,GOLD-USD,Gold (USD),1184.2
2017-01-10,GOLD-CHF,Gold (CHF),1200.42
2017-01-11,GOLD-USD,Gold (USD),1195.6
2017-01-11,GOLD-CHF,Gold (CHF),1223.82
2017-01-12,GOLD-USD,Gold (USD),1198.9
2017-01-12,GOLD-CHF,Gold (CHF),1208.61
2017-01-13,GOLD-USD,Gold (USD),1195.3
2017-01-13,GOLD-CHF,Gold (CHF),1207.07
2017-01-17,GOLD-USD,Gold (USD),1212.0
2017-01-17,GOLD-CHF,Gold (CHF),1215.27
2017-01-18,GOLD-USD,Gold (USD),1211.3
2017-01-18,GOLD-CHF,Gold (CHF),1213.24
2017-01-19,GOLD-USD,Gold (USD),1200.9
2017-01-19,GOLD-CHF,Gold (CHF),1213.69
2017-01-20,GOLD-USD,Gold (USD),1204.3
2017-01-20,GOLD-CHF,Gold (CHF),1210.68
2017-01-23,GOLD-USD,Gold (USD),1215.0
2017-01-23,GOLD-CHF,Gold (CHF),1213.42
2017-01-24,GOLD-USD,Gold (USD),1210.3
2017-01-24,GOLD-CHF,Gold (CHF),1209.15
2017-01-25,GOLD-USD,Gold (USD),1197.3
2017-01-25,GOLD-CHF,Gold (CHF),1196.22
2017-01-26,GOLD-USD,Gold (USD),1189.5
2017-01-26,GOLD-CHF,Gold (CHF),1190.39
2017-01-27,GOLD-USD,Gold (USD),1188.1
2017-01-27,GOLD-CHF,Gold (CHF),1185.9
2017-01-30,GOLD-USD,Gold (USD),1193.2
2017-01-30,GOLD-CHF,Gold (CHF),1189.8
2017-01-31,GOLD-USD,Gold (USD),1208.6
2017-01-31,GOLD-CHF,Gold (CHF),1192.4
2017-02-01,GOLD-USD,Gold (USD),1205.6
2017-02-01,GOLD-CHF,Gold (CHF),1196.38
2017-02-02,GOLD-USD,Gold (USD),1216.7
2017-02-02,GOLD-CHF,Gold (CHF),1203.62
2017-02-03,GOLD-USD,Gold (USD),1218.5
2017-02-03,GOLD-CHF,Gold (CHF),1207.84
2017-02-06,GOLD-USD,Gold (USD),1230.0
2017-02-06,GOLD-CHF,Gold (CHF),1221.02
2017-02-07,GOLD-USD,Gold (USD),1234.2
2017-02-07,GOLD-CHF,Gold (CHF),1231.11
2017-02-08,GOLD-USD,Gold (USD),1237.6
2017-02-08,GOLD-CHF,Gold (CHF),1229.43
2017-02-09,GOLD-USD,Gold (USD),1235.1
2017-02-09,GOLD-CHF,Gold (CHF),1236.03
2017-02-10,GOLD-USD,Gold (USD),1234.4
2017-02-10,GOLD-CHF,Gold (CHF),1240.45
2017-02-13,GOLD-USD,Gold (USD),1224.4
2017-02-13,GOLD-CHF,Gold (CHF),1230.64
2017-02-14,GOLD-USD,Gold (USD),1223.9
2017-02-14,GOLD-CHF,Gold (CHF),1233.81
2017-02-15,GOLD-USD,Gold (USD),1231.7
2017-02-15,GOLD-CHF,Gold (CHF),1242.05
2017-02-16,GOLD-USD,Gold (USD),1240.0
2017-02-16,GOLD-CHF,Gold (CHF),1238.33
2017-02-17,GOLD-USD,Gold (USD),1237.6
2017-02-17,GOLD-CHF,Gold (CHF),1238.9
2017-02-21,GOLD-USD,Gold (USD),1237.5
2017-02-21,GOLD-CHF,Gold (CHF),1249.38
2017-02-22,GOLD-USD,Gold (USD),1232.0
2017-02-22,GOLD-CHF,Gold (CHF),1246.48
2017-02-23,GOLD-USD,Gold (USD),1250.2
2017-02-23,GOLD-CHF,Gold (CHF),1257.39
2017-02-24,GOLD-USD,Gold (USD),1256.9
2017-02-24,GOLD-CHF,Gold (CHF),1265.26
2017-02-27,GOLD-USD,Gold (USD),1257.4
2017-02-27,GOLD-CHF,Gold (CHF),1264.44
2017-02-28,GOLD-USD,Gold (USD),1252.6
2017-02-28,GOLD-CHF,Gold (CHF),1254.42
2017-03-01,GOLD-USD,Gold (USD),1248.9
2017-03-01,GOLD-CHF,Gold (CHF),1260.02
2017-03-02,GOLD-USD,Gold (USD),1231.9
2017-03-02,GOLD-CHF,Gold (CHF),1245.27
2017-03-03,GOLD-USD,Gold (USD),1225.5
2017-03-03,GOLD-CHF,Gold (CHF),1238.49
2017-03-06,GOLD-USD,Gold (USD),1224.5
2017-03-06,GOLD-CHF,Gold (CHF),1238.28
2017-03-07,GOLD-USD,Gold (USD),1215.1
2017-03-07,GOLD-CHF,Gold (CHF),1231.44
2017-03-08,GOLD-USD,Gold (USD),1208.5
2017-03-08,GOLD-CHF,Gold (CHF),1226.14
2017-03-09,GOLD-USD,Gold (USD),1202.4
2017-03-09,GOLD-CHF,Gold (CHF),1219.83
2017-03-10,GOLD-USD,Gold (USD),1200.7
2017-03-10,GOLD-CHF,Gold (CHF),1212.95
2017-03-13,GOLD-USD,Gold (USD),1202.4
2017-03-13,GOLD-CHF,Gold (CHF),1210.64
2017-03-14,GOLD-USD,Gold (USD),1201.9
2017-03-14,GOLD-CHF,Gold (CHF),1211.21
2017-03-15,GOLD-USD,Gold (USD),1200.1
2017-03-15,GOLD-CHF,Gold (CHF),1209.82
2017-03-16,GOLD-USD,Gold (USD),1226.5
2017-03-16,GOLD-CHF,Gold (CHF),1220.86
2017-03-17,GOLD-USD,Gold (USD),1229.8
2017-03-17,GOLD-CHF,Gold (CHF),1227.28
2017-03-20,GOLD-USD,Gold (USD),1233.6
2017-03-20,GOLD-CHF,Gold (CHF),1229.47
2017-03-21,GOLD-USD,Gold (USD),1246.1
2017-03-21,GOLD-CHF,Gold (CHF),1237.94
2017-03-22,GOLD-USD,Gold (USD),1249.3
2017-03-22,GOLD-CHF,Gold (CHF),1236.56
2017-03-23,GOLD-USD,Gold (USD),1246.9
2017-03-23,GOLD-CHF,Gold (CHF),1237.49
2017-03-24,GOLD-USD,Gold (USD),1248.2
2017-03-24,GOLD-CHF,Gold (CHF),1237.22
2017-03-27,GOLD-USD,Gold (USD),1255.4
2017-03-27,GOLD-CHF,Gold (CHF),1234.5
2017-03-28,GOLD-USD,Gold (USD),1255.3
2017-03-28,GOLD-CHF,Gold (CHF),1234.71
2017-03-29,GOLD-USD,Gold (USD),1253.4
2017-03-29,GOLD-CHF,Gold (CHF),1249.7
2017-03-30,GOLD-USD,Gold (USD),1245.0
2017-03-30,GOLD-CHF,Gold (CHF),1240.21
2017-03-31,GOLD-USD,Gold (USD),1247.3
2017-03-31,GOLD-CHF,Gold (CHF),1248.48
2017-04-03,GOLD-USD,Gold (USD),1250.8
2017-04-03,GOLD-CHF,Gold (CHF),1254.61
2017-04-04,GOLD-USD,Gold (USD),1255.0
2017-04-04,GOLD-CHF,Gold (CHF),1256.95
2017-04-05,GOLD-USD,Gold (USD),1245.4
2017-04-05,GOLD-CHF,Gold (CHF),1250.38
2017-04-06,GOLD-USD,Gold (USD),1250.3
2017-04-06,GOLD-CHF,Gold (CHF),1255.36
2017-04-07,GOLD-USD,Gold (USD),1254.3
2017-04-07,GOLD-CHF,Gold (CHF),1262.77
2017-04-10,GOLD-USD,Gold (USD),1251.1
2017-04-10,GOLD-CHF,Gold (CHF),1261.17
2017-04-11,GOLD-USD,Gold (USD),1271.2
2017-04-11,GOLD-CHF,Gold (CHF),1279.02
2017-04-12,GOLD-USD,Gold (USD),1275.3
2017-04-12,GOLD-CHF,Gold (CHF),1281.55
2017-04-13,GOLD-USD,Gold (USD),1285.9
2017-04-13,GOLD-CHF,Gold (CHF),1292.07
2017-04-17,GOLD-USD,Gold (USD),1289.4
2017-04-17,GOLD-CHF,Gold (CHF),1291.53
2017-04-18,GOLD-USD,Gold (USD),1291.7
2017-04-18,GOLD-CHF,Gold (CHF),1289.96
2017-04-19,GOLD-USD,Gold (USD),1281.4
2017-04-19,GOLD-CHF,Gold (CHF),1278.9
2017-04-20,GOLD-USD,Gold (USD),1281.9
2017-04-20,GOLD-CHF,Gold (CHF),1275.55
2017-04-21,GOLD-USD,Gold (USD),1287.4
2017-04-21,GOLD-CHF,Gold (CHF),1285.79
2017-04-24,GOLD-USD,Gold (USD),1275.8
2017-04-24,GOLD-CHF,Gold (CHF),1270.12
2017-04-25,GOLD-USD,Gold (USD),1265.6
2017-04-25,GOLD-CHF,Gold (CHF),1257.12
2017-04-26,GOLD-USD,Gold (USD),1262.1
2017-04-26,GOLD-CHF,Gold (CHF),1255.35
2017-04-27,GOLD-USD,Gold (USD),1263.7
2017-04-27,GOLD-CHF,Gold (CHF),1256.94
2017-04-28,GOLD-USD,Gold (USD),1266.1
2017-04-28,GOLD-CHF,Gold (CHF),1260.34
2017-05-01,GOLD-USD,Gold (USD),1253.3
2017-05-01,GOLD-CHF,Gold (CHF),1245.72
2017-05-02,GOLD-USD,Gold (USD),1255.1
2017-05-02,GOLD-CHF,Gold (CHF),1247.44
2017-05-03,GOLD-USD,Gold (USD),1246.4
2017-05-03,GOLD-CHF,Gold (CHF),1235.43
2017-05-04,GOLD-USD,Gold (USD),1226.5
2017-05-04,GOLD-CHF,Gold (CHF),1215.22
2017-05-05,GOLD-USD,Gold (USD),1224.8
2017-05-05,GOLD-CHF,Gold (CHF),1210.29
2017-05-08,GOLD-USD,Gold (USD),1225.3
2017-05-08,GOLD-CHF,Gold (CHF),1222.11
2017-05-09,GOLD-USD,Gold (USD),1214.3
2017-05-09,GOLD-CHF,Gold (CHF),1220.8
2017-05-10,GOLD-USD,Gold (USD),1217.3
2017-05-10,GOLD-CHF,Gold (CHF),1227.53
2017-05-11,GOLD-USD,Gold (USD),1222.7
2017-05-11,GOLD-CHF,Gold (CHF),1231.2
2017-05-12,GOLD-USD,Gold (USD),1226.2
2017-05-12,GOLD-CHF,Gold (CHF),1229.51
2017-05-15,GOLD-USD,Gold (USD),1228.6
2017-05-15,GOLD-CHF,Gold (CHF),1224.48
2017-05-16,GOLD-USD,Gold (USD),1235.0
2017-05-16,GOLD-CHF,Gold (CHF),1219.19
2017-05-17,GOLD-USD,Gold (USD),1257.5
2017-05-17,GOLD-CHF,Gold (CHF),1231.09
2017-05-18,GOLD-USD,Gold (USD),1251.7
2017-05-18,GOLD-CHF,Gold (CHF),1224.73
2017-05-19,GOLD-USD,Gold (USD),1252.7
2017-05-19,GOLD-CHF,Gold (CHF),1220.76
2017-05-22,GOLD-USD,Gold (USD),1260.7
2017-05-22,GOLD-CHF,Gold (CHF),1226.28
2017-05-23,GOLD-USD,Gold (USD),1254.8
2017-05-23,GOLD-CHF,Gold (CHF),1219.16
2017-05-24,GOLD-USD,Gold (USD),1252.4
2017-05-24,GOLD-CHF,Gold (CHF),1223.22
2017-05-25,GOLD-USD,Gold (USD),1255.8
2017-05-25,GOLD-CHF,Gold (CHF),1220.89
2017-05-26,GOLD-USD,Gold (USD),1267.6
2017-05-26,GOLD-CHF,Gold (CHF),1235.02
2017-05-30,GOLD-USD,Gold (USD),1262.1
2017-05-30,GOLD-CHF,Gold (CHF),1230.93
2017-05-31,GOLD-USD,Gold (USD),1272.0
2017-05-31,GOLD-CHF,Gold (CHF),1230.72
2017-06-01,GOLD-USD,Gold (USD),1267.0
2017-06-01,GOLD-CHF,Gold (CHF),1228.29
2017-06-02,GOLD-USD,Gold (USD),1276.8
2017-06-02,GOLD-CHF,Gold (CHF),1230.64
2017-06-05,GOLD-USD,Gold (USD),1279.3
2017-06-05,GOLD-CHF,Gold (CHF),1234.01
2017-06-06,GOLD-USD,Gold (USD),1294.4
2017-06-06,GOLD-CHF,Gold (CHF),1247.28
2017-06-07,GOLD-USD,Gold (USD),1290.1
2017-06-07,GOLD-CHF,Gold (CHF),1243.33
2017-06-08,GOLD-USD,Gold (USD),1276.3
2017-06-08,GOLD-CHF,Gold (CHF),1234.37
2017-06-09,GOLD-USD,Gold (USD),1268.5
2017-06-09,GOLD-CHF,Gold (CHF),1230.76
2017-06-12,GOLD-USD,Gold (USD),1266.1
2017-06-12,GOLD-CHF,Gold (CHF),1227.04
2017-06-13,GOLD-USD,Gold (USD),1265.8
2017-06-13,GOLD-CHF,Gold (CHF),1225.61
2017-06-14,GOLD-USD,Gold (USD),1272.8
2017-06-14,GOLD-CHF,Gold (CHF),1230.03
2017-06-15,GOLD-USD,Gold (USD),1252.2
2017-06-15,GOLD-CHF,Gold (CHF),1220.71
2017-06-16,GOLD-USD,Gold (USD),1254.0
2017-06-16,GOLD-CHF,Gold (CHF),1220.2
2017-06-19,GOLD-USD,Gold (USD),1244.2
2017-06-19,GOLD-CHF,Gold (CHF),1211.73
2017-06-20,GOLD-USD,Gold (USD),1241.0
2017-06-20,GOLD-CHF,Gold (CHF),1211.09
2017-06-21,GOLD-USD,Gold (USD),1243.4
2017-06-21,GOLD-CHF,Gold (CHF),1212.0
2017-06-22,GOLD-USD,Gold (USD),1247.6
2017-06-22,GOLD-CHF,Gold (CHF),1212.98
2017-06-23,GOLD-USD,Gold (USD),1256.2
2017-06-23,GOLD-CHF,Gold (CHF),1217.01
2017-06-26,GOLD-USD,Gold (USD),1246.3
2017-06-26,GOLD-CHF,Gold (CHF),1209.41
2017-06-27,GOLD-USD,Gold (USD),1246.4
2017-06-27,GOLD-CHF,Gold (CHF),1202.71
2017-06-28,GOLD-USD,Gold (USD),1248.0
2017-06-28,GOLD-CHF,Gold (CHF),1198.33
2017-06-29,GOLD-USD,Gold (USD),1244.2
2017-06-29,GOLD-CHF,Gold (CHF),1190.51
2017-06-30,GOLD-USD,Gold (USD),1240.7
2017-06-30,GOLD-CHF,Gold (CHF),1188.16
2017-07-03,GOLD-USD,Gold (USD),1217.9
2017-07-03,GOLD-CHF,Gold (CHF),1172.96
2017-07-05,GOLD-USD,Gold (USD),1220.4
2017-07-05,GOLD-CHF,Gold (CHF),1178.91
2017-07-06,GOLD-USD,Gold (USD),1222.2
2017-07-06,GOLD-CHF,Gold (CHF),1176.92
2017-07-07,GOLD-USD,Gold (USD),1208.6
2017-07-07,GOLD-CHF,Gold (CHF),1165.69
2017-07-10,GOLD-USD,Gold (USD),1212.1
2017-07-10,GOLD-CHF,Gold (CHF),1171.86
2017-07-11,GOLD-USD,Gold (USD),1213.6
2017-07-11,GOLD-CHF,Gold (CHF),1175.25
2017-07-12,GOLD-USD,Gold (USD),1218.1
2017-07-12,GOLD-CHF,Gold (CHF),1174.43
2017-07-13,GOLD-USD,Gold (USD),1216.3
2017-07-13,GOLD-CHF,Gold (CHF),1177.01
2017-07-14,GOLD-USD,Gold (USD),1226.6
2017-07-14,GOLD-CHF,Gold (CHF),1184.1
2017-07-17,GOLD-USD,Gold (USD),1232.8
2017-07-17,GOLD-CHF,Gold (CHF),1187.19
2017-07-18,GOLD-USD,Gold (USD),1241.1
2017-07-18,GOLD-CHF,Gold (CHF),1182.77
2017-07-19,GOLD-USD,Gold (USD),1241.2
2017-07-19,GOLD-CHF,Gold (CHF),1184.54
2017-07-20,GOLD-USD,Gold (USD),1244.8
2017-07-20,GOLD-CHF,Gold (CHF),1184.24
2017-07-21,GOLD-USD,Gold (USD),1254.3
2017-07-21,GOLD-CHF,Gold (CHF),1188.39
2017-07-24,GOLD-USD,Gold (USD),1253.9
2017-07-24,GOLD-CHF,Gold (CHF),1186.19
2017-07-25,GOLD-USD,Gold (USD),1251.7
2017-07-25,GOLD-CHF,Gold (CHF),1187.68
2017-07-26,GOLD-USD,Gold (USD),1249.0
2017-07-26,GOLD-CHF,Gold (CHF),1197.67
2017-07-27,GOLD-USD,Gold (USD),1259.6
2017-07-27,GOLD-CHF,Gold (CHF),1213.25
2017-07-28,GOLD-USD,Gold (USD),1268.4
2017-07-28,GOLD-CHF,Gold (CHF),1228.7
2017-07-31,GOLD-USD,Gold (USD),1266.6
2017-07-31,GOLD-CHF,Gold (CHF),1222.08
2017-08-01,GOLD-USD,Gold (USD),1272.6
2017-08-01,GOLD-CHF,Gold (CHF),1228.95
2017-08-02,GOLD-USD,Gold (USD),1271.8
2017-08-02,GOLD-CHF,Gold (CHF),1230.21
2017-08-03,GOLD-USD,Gold (USD),1267.8
2017-08-03,GOLD-CHF,Gold (CHF),1227.55
2017-08-04,GOLD-USD,Gold (USD),1258.3
2017-08-04,GOLD-CHF,Gold (CHF),1224.26
2017-08-07,GOLD-USD,Gold (USD),1258.2
2017-08-07,GOLD-CHF,Gold (CHF),1223.47
2017-08-08,GOLD-USD,Gold (USD),1256.4
2017-08-08,GOLD-CHF,Gold (CHF),1226.5
2017-08-09,GOLD-USD,Gold (USD),1273.0
2017-08-09,GOLD-CHF,Gold (CHF),1229.59
2017-08-10,GOLD-USD,Gold (USD),1283.7
2017-08-10,GOLD-CHF,Gold (CHF),1237.42
2017-08-11,GOLD-USD,Gold (USD),1287.7
2017-08-11,GOLD-CHF,Gold (CHF),1239.73
2017-08-14,GOLD-USD,Gold (USD),1284.2
2017-08-14,GOLD-CHF,Gold (CHF),1245.87
2017-08-15,GOLD-USD,Gold (USD),1273.7
2017-08-15,GOLD-CHF,Gold (CHF),1239.12
2017-08-16,GOLD-USD,Gold (USD),1276.9
2017-08-16,GOLD-CHF,Gold (CHF),1245.36
2017-08-17,GOLD-USD,Gold (USD),1286.4
2017-08-17,GOLD-CHF,Gold (CHF),1240.28
2017-08-18,GOLD-USD,Gold (USD),1285.7
2017-08-18,GOLD-CHF,Gold (CHF),1236.46
2017-08-21,GOLD-USD,Gold (USD),1290.8
2017-08-21,GOLD-CHF,Gold (CHF),1239.62
2017-08-22,GOLD-USD,Gold (USD),1285.1
2017-08-22,GOLD-CHF,Gold (CHF),1243.85
2017-08-23,GOLD-USD,Gold (USD),1288.9
2017-08-23,GOLD-CHF,Gold (CHF),1243.66
2017-08-24,GOLD-USD,Gold (USD),1286.5
2017-08-24,GOLD-CHF,Gold (CHF),1240.89
2017-08-25,GOLD-USD,Gold (USD),1292.5
2017-08-25,GOLD-CHF,Gold (CHF),1238.67
2017-08-28,GOLD-USD,Gold (USD),1309.7
2017-08-28,GOLD-CHF,Gold (CHF),1250.83
2017-08-29,GOLD-USD,Gold (USD),1313.1
2017-08-29,GOLD-CHF,Gold (CHF),1243.77
2017-08-30,GOLD-USD,Gold (USD),1308.1
2017-08-30,GOLD-CHF,Gold (CHF),1254.79
2017-08-31,GOLD-USD,Gold (USD),1316.2
2017-08-31,GOLD-CHF,Gold (CHF),1264.87
2017-09-01,GOLD-USD,Gold (USD),1324.5
2017-09-01,GOLD-CHF,Gold (CHF),1275.03
2017-09-05,GOLD-USD,Gold (USD),1339.2
2017-09-05,GOLD-CHF,Gold (CHF),1280.21
2017-09-06,GOLD-USD,Gold (USD),1333.9
2017-09-06,GOLD-CHF,Gold (CHF),1272.21
2017-09-07,GOLD-USD,Gold (USD),1345.1
2017-09-07,GOLD-CHF,Gold (CHF),1281.48
2017-09-08,GOLD-USD,Gold (USD),1346.0
2017-09-08,GOLD-CHF,Gold (CHF),1275.67
2017-09-11,GOLD-USD,Gold (USD),1331.0
2017-09-11,GOLD-CHF,Gold (CHF),1267.18
2017-09-12,GOLD-USD,Gold (USD),1328.0
2017-09-12,GOLD-CHF,Gold (CHF),1274.42
2017-09-13,GOLD-USD,Gold (USD),1323.4
2017-09-13,GOLD-CHF,Gold (CHF),1274.77
2017-09-14,GOLD-USD,Gold (USD),1324.7
2017-09-14,GOLD-CHF,Gold (CHF),1280.79
2017-09-15,GOLD-USD,Gold (USD),1320.4
2017-09-15,GOLD-CHF,Gold (CHF),1267.98
2017-09-18,GOLD-USD,Gold (USD),1306.3
2017-09-18,GOLD-CHF,Gold (CHF),1254.37
2017-09-19,GOLD-USD,Gold (USD),1306.2
2017-09-19,GOLD-CHF,Gold (CHF),1257.54
2017-09-20,GOLD-USD,Gold (USD),1312.0
2017-09-20,GOLD-CHF,Gold (CHF),1261.95
2017-09-21,GOLD-USD,Gold (USD),1290.6
2017-09-21,GOLD-CHF,Gold (CHF),1255.75
2017-09-22,GOLD-USD,Gold (USD),1293.3
2017-09-22,GOLD-CHF,Gold (CHF),1253.08
2017-09-25,GOLD-USD,Gold (USD),1306.8
2017-09-25,GOLD-CHF,Gold (CHF),1266.35
2017-09-26,GOLD-USD,Gold (USD),1297.0
2017-09-26,GOLD-CHF,Gold (CHF),1259.0
2017-09-27,GOLD-USD,Gold (USD),1283.4
2017-09-27,GOLD-CHF,Gold (CHF),1250.93
2017-09-28,GOLD-USD,Gold (USD),1285.5
2017-09-28,GOLD-CHF,Gold (CHF),1248.8
2017-09-29,GOLD-USD,Gold (USD),1281.5
2017-09-29,GOLD-CHF,Gold (CHF),1239.98
2017-10-02,GOLD-USD,Gold (USD),1272.7
2017-10-02,GOLD-CHF,Gold (CHF),1238.91
2017-10-03,GOLD-USD,Gold (USD),1271.5
2017-10-03,GOLD-CHF,Gold (CHF),1238.19
2017-10-04,GOLD-USD,Gold (USD),1273.7
2017-10-04,GOLD-CHF,Gold (CHF),1240.84
2017-10-05,GOLD-USD,Gold (USD),1269.9
2017-10-05,GOLD-CHF,Gold (CHF),1241.84
2017-10-06,GOLD-USD,Gold (USD),1271.6
2017-10-06,GOLD-CHF,Gold (CHF),1243.69
2017-10-09,GOLD-USD,Gold (USD),1281.8
2017-10-09,GOLD-CHF,Gold (CHF),1255.65
2017-10-10,GOLD-USD,Gold (USD),1290.6
2017-10-10,GOLD-CHF,Gold (CHF),1257.3
2017-10-11,GOLD-USD,Gold (USD),1285.8
2017-10-11,GOLD-CHF,Gold (CHF),1250.5
2017-10-12,GOLD-USD,Gold (USD),1293.3
2017-10-12,GOLD-CHF,Gold (CHF),1262.45
2017-10-13,GOLD-USD,Gold (USD),1301.5
2017-10-13,GOLD-CHF,Gold (CHF),1268.18
2017-10-16,GOLD-USD,Gold (USD),1299.9
2017-10-16,GOLD-CHF,Gold (CHF),1267.6
2017-10-17,GOLD-USD,Gold (USD),1283.0
2017-10-17,GOLD-CHF,Gold (CHF),1257.4
2017-10-18,GOLD-USD,Gold (USD),1279.9
2017-10-18,GOLD-CHF,Gold (CHF),1256.54
2017-10-19,GOLD-USD,Gold (USD),1286.9
2017-10-19,GOLD-CHF,Gold (CHF),1253.96
2017-10-20,GOLD-USD,Gold (USD),1277.4
2017-10-20,GOLD-CHF,Gold (CHF),1256.32
2017-10-23,GOLD-USD,Gold (USD),1277.7
2017-10-23,GOLD-CHF,Gold (CHF),1259.62
2017-10-24,GOLD-USD,Gold (USD),1275.0
2017-10-24,GOLD-CHF,Gold (CHF),1261.99
2017-10-25,GOLD-USD,Gold (USD),1275.4
2017-10-25,GOLD-CHF,Gold (CHF),1262.71
2017-10-26,GOLD-USD,Gold (USD),1266.3
2017-10-26,GOLD-CHF,Gold (CHF),1261.87
2017-10-27,GOLD-USD,Gold (USD),1268.5
2017-10-27,GOLD-CHF,Gold (CHF),1267.74
2017-10-30,GOLD-USD,Gold (USD),1274.1
2017-10-30,GOLD-CHF,Gold (CHF),1270.21
2017-10-31,GOLD-USD,Gold (USD),1267.0
2017-10-31,GOLD-CHF,Gold (CHF),1262.95
2017-11-01,GOLD-USD,Gold (USD),1274.1
2017-11-01,GOLD-CHF,Gold (CHF),1275.76
2017-11-02,GOLD-USD,Gold (USD),1274.9
2017-11-02,GOLD-CHF,Gold (CHF),1271.84
2017-11-03,GOLD-USD,Gold (USD),1266.5
2017-11-03,GOLD-CHF,Gold (CHF),1266.82
2017-11-06,GOLD-USD,Gold (USD),1279.4
2017-11-06,GOLD-CHF,Gold (CHF),1280.1
2017-11-07,GOLD-USD,Gold (USD),1273.7
2017-11-07,GOLD-CHF,Gold (CHF),1272.36
2017-11-08,GOLD-USD,Gold (USD),1281.6
2017-11-08,GOLD-CHF,Gold (CHF),1281.6
2017-11-09,GOLD-USD,Gold (USD),1285.6
2017-11-09,GOLD-CHF,Gold (CHF),1283.35
2017-11-10,GOLD-USD,Gold (USD),1272.4
2017-11-10,GOLD-CHF,Gold (CHF),1265.66
2017-11-13,GOLD-USD,Gold (USD),1277.3
2017-11-13,GOLD-CHF,Gold (CHF),1271.55
2017-11-14,GOLD-USD,Gold (USD),1281.5
2017-11-14,GOLD-CHF,Gold (CHF),1270.93
2017-11-15,GOLD-USD,Gold (USD),1276.5
2017-11-15,GOLD-CHF,Gold (CHF),1263.35
2017-11-16,GOLD-USD,Gold (USD),1277.4
2017-11-16,GOLD-CHF,Gold (CHF),1268.78
2017-11-17,GOLD-USD,Gold (USD),1295.8
2017-11-17,GOLD-CHF,Gold (CHF),1284.07
2017-11-20,GOLD-USD,Gold (USD),1274.6
2017-11-20,GOLD-CHF,Gold (CHF),1263.19
2017-11-21,GOLD-USD,Gold (USD),1281.1
2017-11-21,GOLD-CHF,Gold (CHF),1271.3
2017-11-22,GOLD-USD,Gold (USD),1291.6
2017-11-22,GOLD-CHF,Gold (CHF),1270.03
2017-11-24,GOLD-USD,Gold (USD),1286.7
2017-11-24,GOLD-CHF,Gold (CHF),1259.55
2017-11-27,GOLD-USD,Gold (USD),1293.8
2017-11-27,GOLD-CHF,Gold (CHF),1269.09
2017-11-28,GOLD-USD,Gold (USD),1294.7
2017-11-28,GOLD-CHF,Gold (CHF),1274.24
2017-11-29,GOLD-USD,Gold (USD),1282.1
2017-11-29,GOLD-CHF,Gold (CHF),1261.84
2017-11-30,GOLD-USD,Gold (USD),1273.2
2017-11-30,GOLD-CHF,Gold (CHF),1250.22
2017-12-01,GOLD-USD,Gold (USD),1278.8
2017-12-01,GOLD-CHF,Gold (CHF),1258.53
2017-12-04,GOLD-USD,Gold (USD),1274.3
2017-12-04,GOLD-CHF,Gold (CHF),1254.93
2017-12-05,GOLD-USD,Gold (USD),1261.6
2017-12-05,GOLD-CHF,Gold (CHF),1245.7
2017-12-06,GOLD-USD,Gold (USD),1262.8
2017-12-06,GOLD-CHF,Gold (CHF),1249.92
2017-12-07,GOLD-USD,Gold (USD),1249.8
2017-12-07,GOLD-CHF,Gold (CHF),1241.11
2017-12-08,GOLD-USD,Gold (USD),1245.2
2017-12-08,GOLD-CHF,Gold (CHF),1238.23
2017-12-11,GOLD-USD,Gold (USD),1243.7
2017-12-11,GOLD-CHF,Gold (CHF),1231.95
2017-12-12,GOLD-USD,Gold (USD),1238.5
2017-12-12,GOLD-CHF,Gold (CHF),1229.27
2017-12-13,GOLD-USD,Gold (USD),1245.4
2017-12-13,GOLD-CHF,Gold (CHF),1231.89
2017-12-14,GOLD-USD,Gold (USD),1253.8
2017-12-14,GOLD-CHF,Gold (CHF),1241.39
2017-12-15,GOLD-USD,Gold (USD),1254.3
2017-12-15,GOLD-CHF,Gold (CHF),1244.08
2017-12-18,GOLD-USD,Gold (USD),1262.2
2017-12-18,GOLD-CHF,Gold (CHF),1243.96
2017-12-19,GOLD-USD,Gold (USD),1260.7
2017-12-19,GOLD-CHF,Gold (CHF),1244.88
2017-12-20,GOLD-USD,Gold (USD),1266.1
2017-12-20,GOLD-CHF,Gold (CHF),1246.67
2017-12-21,GOLD-USD,Gold (USD),1267.3
2017-12-21,GOLD-CHF,Gold (CHF),1253.55
2017-12-22,GOLD-USD,Gold (USD),1275.4
2017-12-22,GOLD-CHF,Gold (CHF),1262.39
2017-12-26,GOLD-USD,Gold (USD),1284.1
2017-12-26,GOLD-CHF,Gold (CHF),1270.75
2017-12-27,GOLD-USD,Gold (USD),1287.0
2017-12-27,GOLD-CHF,Gold (CHF),1271.94
2017-12-28,GOLD-USD,Gold (USD),1294.1
2017-12-28,GOLD-CHF,Gold (CHF),1266.92
2017-12-29,GOLD-USD,Gold (USD),1306.3
2017-12-29,GOLD-CHF,Gold (CHF),1272.99
2018-01-02,GOLD-USD,Gold (USD),1313.7
2018-01-02,GOLD-CHF,Gold (CHF),1277.18
2018-01-03,GOLD-USD,Gold (USD),1316.2
2018-01-03,GOLD-CHF,Gold (CHF),1285.99
2018-01-04,GOLD-USD,Gold (USD),1319.4
2018-01-04,GOLD-CHF,Gold (CHF),1286.09
2018-01-05,GOLD-USD,Gold (USD),1320.3
2018-01-05,GOLD-CHF,Gold (CHF),1287.75
2018-01-08,GOLD-USD,Gold (USD),1318.6
2018-01-08,GOLD-CHF,Gold (CHF),1287.42
2018-01-09,GOLD-USD,Gold (USD),1311.7
2018-01-09,GOLD-CHF,Gold (CHF),1289.2
2018-01-10,GOLD-USD,Gold (USD),1317.4
2018-01-10,GOLD-CHF,Gold (CHF),1286.77
2018-01-11,GOLD-USD,Gold (USD),1320.6
2018-01-11,GOLD-CHF,Gold (CHF),1287.52
2018-01-12,GOLD-USD,Gold (USD),1333.4
2018-01-12,GOLD-CHF,Gold (CHF),1295.13
2018-01-16,GOLD-USD,Gold (USD),1335.4
2018-01-16,GOLD-CHF,Gold (CHF),1284.99
2018-01-17,GOLD-USD,Gold (USD),1338.0
2018-01-17,GOLD-CHF,Gold (CHF),1285.62
2018-01-18,GOLD-USD,Gold (USD),1326.0
2018-01-18,GOLD-CHF,Gold (CHF),1272.03
2018-01-19,GOLD-USD,Gold (USD),1331.9
2018-01-19,GOLD-CHF,Gold (CHF),1280.89
2018-01-22,GOLD-USD,Gold (USD),1330.9
2018-01-22,GOLD-CHF,Gold (CHF),1278.53
2018-01-23,GOLD-USD,Gold (USD),1335.7
2018-01-23,GOLD-CHF,Gold (CHF),1279.07
2018-01-24,GOLD-USD,Gold (USD),1355.9
2018-01-24,GOLD-CHF,Gold (CHF),1282.41
2018-01-25,GOLD-USD,Gold (USD),1362.4
2018-01-25,GOLD-CHF,Gold (CHF),1269.35
2018-01-26,GOLD-USD,Gold (USD),1351.6
2018-01-26,GOLD-CHF,Gold (CHF),1263.95
2018-01-29,GOLD-USD,Gold (USD),1339.8
2018-01-29,GOLD-CHF,Gold (CHF),1254.52
2018-01-30,GOLD-USD,Gold (USD),1335.4
2018-01-30,GOLD-CHF,Gold (CHF),1248.13
2018-01-31,GOLD-USD,Gold (USD),1339.0
2018-01-31,GOLD-CHF,Gold (CHF),1244.73
2018-02-01,GOLD-USD,Gold (USD),1344.3
2018-02-01,GOLD-CHF,Gold (CHF),1247.71
2018-02-02,GOLD-USD,Gold (USD),1333.7
2018-02-02,GOLD-CHF,Gold (CHF),1243.01
2018-02-05,GOLD-USD,Gold (USD),1333.0
2018-02-05,GOLD-CHF,Gold (CHF),1248.95
2018-02-06,GOLD-USD,Gold (USD),1326.1
2018-02-06,GOLD-CHF,Gold (CHF),1244.94
2018-02-07,GOLD-USD,Gold (USD),1311.6
2018-02-07,GOLD-CHF,Gold (CHF),1239.13
2018-02-08,GOLD-USD,Gold (USD),1316.9
2018-02-08,GOLD-CHF,Gold (CHF),1237.29
2018-02-09,GOLD-USD,Gold (USD),1313.1
2018-02-09,GOLD-CHF,Gold (CHF),1234.64
2018-02-12,GOLD-USD,Gold (USD),1324.2
2018-02-12,GOLD-CHF,Gold (CHF),1243.56
2018-02-13,GOLD-USD,Gold (USD),1328.1
2018-02-13,GOLD-CHF,Gold (CHF),1239.91
2018-02-14,GOLD-USD,Gold (USD),1355.5
2018-02-14,GOLD-CHF,Gold (CHF),1261.83
2018-02-15,GOLD-USD,Gold (USD),1352.1
2018-02-15,GOLD-CHF,Gold (CHF),1249.0
2018-02-16,GOLD-USD,Gold (USD),1353.2
2018-02-16,GOLD-CHF,Gold (CHF),1251.85
2018-02-20,GOLD-USD,Gold (USD),1328.8
2018-02-20,GOLD-CHF,Gold (CHF),1241.9
2018-02-21,GOLD-USD,Gold (USD),1330.0
2018-02-21,GOLD-CHF,Gold (CHF),1246.14
2018-02-22,GOLD-USD,Gold (USD),1330.6
2018-02-22,GOLD-CHF,Gold (CHF),1244.18
2018-02-23,GOLD-USD,Gold (USD),1328.2
2018-02-23,GOLD-CHF,Gold (CHF),1243.33
2018-02-26,GOLD-USD,Gold (USD),1330.7
2018-02-26,GOLD-CHF,Gold (CHF),1248.6
2018-02-27,GOLD-USD,Gold (USD),1315.5
2018-02-27,GOLD-CHF,Gold (CHF),1236.96
2018-02-28,GOLD-USD,Gold (USD),1315.5
2018-02-28,GOLD-CHF,Gold (CHF),1243.21
2018-03-01,GOLD-USD,Gold (USD),1302.9
2018-03-01,GOLD-CHF,Gold (CHF),1235.67
2018-03-02,GOLD-USD,Gold (USD),1321.1
2018-03-02,GOLD-CHF,Gold (CHF),1239.13
2018-03-05,GOLD-USD,Gold (USD),1318.1
2018-03-05,GOLD-CHF,Gold (CHF),1237.04
2018-03-06,GOLD-USD,Gold (USD),1333.6
2018-03-06,GOLD-CHF,Gold (CHF),1252.38
2018-03-07,GOLD-USD,Gold (USD),1326.0
2018-03-07,GOLD-CHF,Gold (CHF),1249.42
2018-03-08,GOLD-USD,Gold (USD),1319.9
2018-03-08,GOLD-CHF,Gold (CHF),1252.45
2018-03-09,GOLD-USD,Gold (USD),1322.4
2018-03-09,GOLD-CHF,Gold (CHF),1256.48
2018-03-12,GOLD-USD,Gold (USD),1319.4
2018-03-12,GOLD-CHF,Gold (CHF),1251.91
2018-03-13,GOLD-USD,Gold (USD),1325.9
2018-03-13,GOLD-CHF,Gold (CHF),1251.38
2018-03-14,GOLD-USD,Gold (USD),1324.4
2018-03-14,GOLD-CHF,Gold (CHF),1253.41
2018-03-15,GOLD-USD,Gold (USD),1316.8
2018-03-15,GOLD-CHF,Gold (CHF),1251.42
2018-03-16,GOLD-USD,Gold (USD),1311.3
2018-03-16,GOLD-CHF,Gold (CHF),1249.93
2018-03-19,GOLD-USD,Gold (USD),1316.8
2018-03-19,GOLD-CHF,Gold (CHF),1252.15
2018-03-20,GOLD-USD,Gold (USD),1311.1
2018-03-20,GOLD-CHF,Gold (CHF),1251.9
2018-03-21,GOLD-USD,Gold (USD),1320.7
2018-03-21,GOLD-CHF,Gold (CHF),1260.08
2018-03-22,GOLD-USD,Gold (USD),1326.6
2018-03-22,GOLD-CHF,Gold (CHF),1259.14
2018-03-23,GOLD-USD,Gold (USD),1349.3
2018-03-23,GOLD-CHF,Gold (CHF),1277.25
2018-03-26,GOLD-USD,Gold (USD),1354.4
2018-03-26,GOLD-CHF,Gold (CHF),1278.69
2018-03-27,GOLD-USD,Gold (USD),1341.3
2018-03-27,GOLD-CHF,Gold (CHF),1271.82
2018-03-28,GOLD-USD,Gold (USD),1324.2
2018-03-28,GOLD-CHF,Gold (CHF),1262.76
2018-03-29,GOLD-USD,Gold (USD),1322.8
2018-03-29,GOLD-CHF,Gold (CHF),1266.71
2018-04-02,GOLD-USD,Gold (USD),1342.1
2018-04-02,GOLD-CHF,Gold (CHF),1281.64
2018-04-03,GOLD-USD,Gold (USD),1332.8
2018-04-03,GOLD-CHF,Gold (CHF),1277.82
2018-04-04,GOLD-USD,Gold (USD),1335.8
2018-04-04,GOLD-CHF,Gold (CHF),1281.7
2018-04-05,GOLD-USD,Gold (USD),1324.3
2018-04-05,GOLD-CHF,Gold (CHF),1275.5
2018-04-06,GOLD-USD,Gold (USD),1331.9
2018-04-06,GOLD-CHF,Gold (CHF),1279.89
2018-04-09,GOLD-USD,Gold (USD),1336.3
2018-04-09,GOLD-CHF,Gold (CHF),1279.77
2018-04-10,GOLD-USD,Gold (USD),1342.0
2018-04-10,GOLD-CHF,Gold (CHF),1283.22
2018-04-11,GOLD-USD,Gold (USD),1356.5
2018-04-11,GOLD-CHF,Gold (CHF),1298.37
2018-04-12,GOLD-USD,Gold (USD),1338.4
2018-04-12,GOLD-CHF,Gold (CHF),1288.28
2018-04-13,GOLD-USD,Gold (USD),1344.8
2018-04-13,GOLD-CHF,Gold (CHF),1294.1
2018-04-16,GOLD-USD,Gold (USD),1347.5
2018-04-16,GOLD-CHF,Gold (CHF),1293.6
2018-04-17,GOLD-USD,Gold (USD),1347.2
2018-04-17,GOLD-CHF,Gold (CHF),1301.06
2018-04-18,GOLD-USD,Gold (USD),1351.2
2018-04-18,GOLD-CHF,Gold (CHF),1306.81
2018-04-19,GOLD-USD,Gold (USD),1346.8
2018-04-19,GOLD-CHF,Gold (CHF),1306.4
2018-04-20,GOLD-USD,Gold (USD),1336.7
2018-04-20,GOLD-CHF,Gold (CHF),1302.15
2018-04-23,GOLD-USD,Gold (USD),1322.5
2018-04-23,GOLD-CHF,Gold (CHF),1292.55
2018-04-24,GOLD-USD,Gold (USD),1331.4
2018-04-24,GOLD-CHF,Gold (CHF),1306.04
2018-04-25,GOLD-USD,Gold (USD),1321.2
2018-04-25,GOLD-CHF,Gold (CHF),1299.93
2018-04-26,GOLD-USD,Gold (USD),1316.3
2018-04-26,GOLD-CHF,Gold (CHF),1300.11
2018-04-27,GOLD-USD,Gold (USD),1320.3
2018-04-27,GOLD-CHF,Gold (CHF),1304.92
2018-04-30,GOLD-USD,Gold (USD),1316.2
2018-04-30,GOLD-CHF,Gold (CHF),1302.91
2018-05-01,GOLD-USD,Gold (USD),1303.8
2018-05-01,GOLD-CHF,Gold (CHF),1298.45
2018-05-02,GOLD-USD,Gold (USD),1302.6
2018-05-02,GOLD-CHF,Gold (CHF),1300.58
2018-05-03,GOLD-USD,Gold (USD),1310.7
2018-05-03,GOLD-CHF,Gold (CHF),1309.85
2018-05-04,GOLD-USD,Gold (USD),1312.7
2018-05-04,GOLD-CHF,Gold (CHF),1314.21
2018-05-07,GOLD-USD,Gold (USD),1312.2
2018-05-07,GOLD-CHF,Gold (CHF),1316.46
2018-05-08,GOLD-USD,Gold (USD),1312.0
2018-05-08,GOLD-CHF,Gold (CHF),1314.36
2018-05-09,GOLD-USD,Gold (USD),1311.3
2018-05-09,GOLD-CHF,Gold (CHF),1316.94
2018-05-10,GOLD-USD,Gold (USD),1320.8
2018-05-10,GOLD-CHF,Gold (CHF),1326.02
2018-05-11,GOLD-USD,Gold (USD),1319.0
2018-05-11,GOLD-CHF,Gold (CHF),1318.93
2018-05-14,GOLD-USD,Gold (USD),1316.5
2018-05-14,GOLD-CHF,Gold (CHF),1313.87
2018-05-15,GOLD-USD,Gold (USD),1288.9
2018-05-15,GOLD-CHF,Gold (CHF),1291.09
2018-05-16,GOLD-USD,Gold (USD),1290.2
2018-05-16,GOLD-CHF,Gold (CHF),1291.04
2018-05-17,GOLD-USD,Gold (USD),1288.2
2018-05-17,GOLD-CHF,Gold (CHF),1291.1
2018-05-18,GOLD-USD,Gold (USD),1290.2
2018-05-18,GOLD-CHF,Gold (CHF),1288.52
2018-05-21,GOLD-USD,Gold (USD),1290.2
2018-05-21,GOLD-CHF,Gold (CHF),1287.81
2018-05-22,GOLD-USD,Gold (USD),1291.7
2018-05-22,GOLD-CHF,Gold (CHF),1282.79
2018-05-23,GOLD-USD,Gold (USD),1289.3
2018-05-23,GOLD-CHF,Gold (CHF),1281.31
2018-05-24,GOLD-USD,Gold (USD),1303.7
2018-05-24,GOLD-CHF,Gold (CHF),1292.1
2018-05-25,GOLD-USD,Gold (USD),1303.3
2018-05-25,GOLD-CHF,Gold (CHF),1292.16
2018-05-29,GOLD-USD,Gold (USD),1298.7
2018-05-29,GOLD-CHF,Gold (CHF),1292.01
2018-05-30,GOLD-USD,Gold (USD),1301.5
2018-05-30,GOLD-CHF,Gold (CHF),1288.09
2018-05-31,GOLD-USD,Gold (USD),1300.1
2018-05-31,GOLD-CHF,Gold (CHF),1278.13
2018-06-01,GOLD-USD,Gold (USD),1294.8
2018-06-01,GOLD-CHF,Gold (CHF),1279.39
2018-06-04,GOLD-USD,Gold (USD),1293.1
2018-06-04,GOLD-CHF,Gold (CHF),1277.32
2018-06-05,GOLD-USD,Gold (USD),1297.5
2018-06-05,GOLD-CHF,Gold (CHF),1281.87
2018-06-06,GOLD-USD,Gold (USD),1297.1
2018-06-06,GOLD-CHF,Gold (CHF),1278.03
2018-06-07,GOLD-USD,Gold (USD),1298.7
2018-06-07,GOLD-CHF,Gold (CHF),1275.91
2018-06-08,GOLD-USD,Gold (USD),1298.1
2018-06-08,GOLD-CHF,Gold (CHF),1278.95
2018-06-11,GOLD-USD,Gold (USD),1298.9
2018-06-11,GOLD-CHF,Gold (CHF),1278.83
2018-06-12,GOLD-USD,Gold (USD),1295.1
2018-06-12,GOLD-CHF,Gold (CHF),1275.16
2018-06-13,GOLD-USD,Gold (USD),1296.9
2018-06-13,GOLD-CHF,Gold (CHF),1277.9
2018-06-14,GOLD-USD,Gold (USD),1304.0
2018-06-14,GOLD-CHF,Gold (CHF),1294.15
2018-06-15,GOLD-USD,Gold (USD),1274.6
2018-06-15,GOLD-CHF,Gold (CHF),1268.29
2018-06-18,GOLD-USD,Gold (USD),1276.2
2018-06-18,GOLD-CHF,Gold (CHF),1269.31
2018-06-19,GOLD-USD,Gold (USD),1275.6
2018-06-19,GOLD-CHF,Gold (CHF),1269.86
2018-06-20,GOLD-USD,Gold (USD),1271.2
2018-06-20,GOLD-CHF,Gold (CHF),1264.65
2018-06-21,GOLD-USD,Gold (USD),1267.2
2018-06-21,GOLD-CHF,Gold (CHF),1256.56
2018-06-22,GOLD-USD,Gold (USD),1267.4
2018-06-22,GOLD-CHF,Gold (CHF),1254.6
2018-06-25,GOLD-USD,Gold (USD),1265.6
2018-06-25,GOLD-CHF,Gold (CHF),1250.79
2018-06-26,GOLD-USD,Gold (USD),1256.6
2018-06-26,GOLD-CHF,Gold (CHF),1244.35
2018-06-27,GOLD-USD,Gold (USD),1252.8
2018-06-27,GOLD-CHF,Gold (CHF),1246.66
2018-06-28,GOLD-USD,Gold (USD),1247.8
2018-06-28,GOLD-CHF,Gold (CHF),1245.24
2018-06-29,GOLD-USD,Gold (USD),1251.3
2018-06-29,GOLD-CHF,Gold (CHF),1242.48
2018-07-02,GOLD-USD,Gold (USD),1239.8
2018-07-02,GOLD-CHF,Gold (CHF),1233.54
2018-07-03,GOLD-USD,Gold (USD),1251.6
2018-07-03,GOLD-CHF,Gold (CHF),1242.53
2018-07-05,GOLD-USD,Gold (USD),1257.3
2018-07-05,GOLD-CHF,Gold (CHF),1247.24
2018-07-06,GOLD-USD,Gold (USD),1254.3
2018-07-06,GOLD-CHF,Gold (CHF),1240.69
2018-07-09,GOLD-USD,Gold (USD),1258.1
2018-07-09,GOLD-CHF,Gold (CHF),1246.15
2018-07-10,GOLD-USD,Gold (USD),1253.8
2018-07-10,GOLD-CHF,Gold (CHF),1245.34
2018-07-11,GOLD-USD,Gold (USD),1242.8
2018-07-11,GOLD-CHF,Gold (CHF),1234.04
2018-07-12,GOLD-USD,Gold (USD),1245.0
2018-07-12,GOLD-CHF,Gold (CHF),1244.94
2018-07-13,GOLD-USD,Gold (USD),1239.6
2018-07-13,GOLD-CHF,Gold (CHF),1243.88
2018-07-16,GOLD-USD,Gold (USD),1238.1
2018-07-16,GOLD-CHF,Gold (CHF),1236.55
2018-07-17,GOLD-USD,Gold (USD),1225.7
2018-07-17,GOLD-CHF,Gold (CHF),1223.74
2018-07-18,GOLD-USD,Gold (USD),1226.3
2018-07-18,GOLD-CHF,Gold (CHF),1225.99
2018-07-19,GOLD-USD,Gold (USD),1222.4
2018-07-19,GOLD-CHF,Gold (CHF),1224.05
2018-07-20,GOLD-USD,Gold (USD),1229.5
2018-07-20,GOLD-CHF,Gold (CHF),1223.48
2018-07-23,GOLD-USD,Gold (USD),1224.0
2018-07-23,GOLD-CHF,Gold (CHF),1215.13
2018-07-24,GOLD-USD,Gold (USD),1223.9
2018-07-24,GOLD-CHF,Gold (CHF),1215.82
2018-07-25,GOLD-USD,Gold (USD),1231.4
2018-07-25,GOLD-CHF,Gold (CHF),1223.7
2018-07-26,GOLD-USD,Gold (USD),1225.3
2018-07-26,GOLD-CHF,Gold (CHF),1217.4
2018-07-27,GOLD-USD,Gold (USD),1222.6
2018-07-27,GOLD-CHF,Gold (CHF),1215.57
2018-07-30,GOLD-USD,Gold (USD),1221.3
2018-07-30,GOLD-CHF,Gold (CHF),1207.62
2018-07-31,GOLD-USD,Gold (USD),1223.7
2018-07-31,GOLD-CHF,Gold (CHF),1211.46
2018-08-01,GOLD-USD,Gold (USD),1217.9
2018-08-01,GOLD-CHF,Gold (CHF),1209.13
2018-08-02,GOLD-USD,Gold (USD),1210.6
2018-08-02,GOLD-CHF,Gold (CHF),1203.46
2018-08-03,GOLD-USD,Gold (USD),1214.2
2018-08-03,GOLD-CHF,Gold (CHF),1205.76
2018-08-06,GOLD-USD,Gold (USD),1208.6
2018-08-06,GOLD-CHF,Gold (CHF),1204.49
2018-08-07,GOLD-USD,Gold (USD),1209.6
2018-08-07,GOLD-CHF,Gold (CHF),1203.49
2018-08-08,GOLD-USD,Gold (USD),1212.6
2018-08-08,GOLD-CHF,Gold (CHF),1205.81
2018-08-09,GOLD-USD,Gold (USD),1211.9
2018-08-09,GOLD-CHF,Gold (CHF),1201.05
2018-08-10,GOLD-USD,Gold (USD),1211.1
2018-08-10,GOLD-CHF,Gold (CHF),1203.17
2018-08-13,GOLD-USD,Gold (USD),1191.3
2018-08-13,GOLD-CHF,Gold (CHF),1183.91
2018-08-14,GOLD-USD,Gold (USD),1193.0
2018-08-14,GOLD-CHF,Gold (CHF),1184.41
2018-08-15,GOLD-USD,Gold (USD),1177.5
2018-08-15,GOLD-CHF,Gold (CHF),1170.61
2018-08-16,GOLD-USD,Gold (USD),1176.2
2018-08-16,GOLD-CHF,Gold (CHF),1169.91
2018-08-17,GOLD-USD,Gold (USD),1176.5
2018-08-17,GOLD-CHF,Gold (CHF),1170.85
2018-08-20,GOLD-USD,Gold (USD),1186.8
2018-08-20,GOLD-CHF,Gold (CHF),1180.09
2018-08-21,GOLD-USD,Gold (USD),1192.6
2018-08-21,GOLD-CHF,Gold (CHF),1179.12
2018-08-22,GOLD-USD,Gold (USD),1196.3
2018-08-22,GOLD-CHF,Gold (CHF),1175.9
2018-08-23,GOLD-USD,Gold (USD),1187.0
2018-08-23,GOLD-CHF,Gold (CHF),1168.78
2018-08-24,GOLD-USD,Gold (USD),1206.3
2018-08-24,GOLD-CHF,Gold (CHF),1185.19
2018-08-27,GOLD-USD,Gold (USD),1209.0
2018-08-27,GOLD-CHF,Gold (CHF),1185.48
2018-08-28,GOLD-USD,Gold (USD),1207.4
2018-08-28,GOLD-CHF,Gold (CHF),1178.72
2018-08-29,GOLD-USD,Gold (USD),1204.5
2018-08-29,GOLD-CHF,Gold (CHF),1172.58
2018-08-30,GOLD-USD,Gold (USD),1197.7
2018-08-30,GOLD-CHF,Gold (CHF),1163.03
2018-08-31,GOLD-USD,Gold (USD),1200.3
2018-08-31,GOLD-CHF,Gold (CHF),1160.81
2018-09-04,GOLD-USD,Gold (USD),1192.7
2018-09-04,GOLD-CHF,Gold (CHF),1163.06
2018-09-05,GOLD-USD,Gold (USD),1194.9
2018-09-05,GOLD-CHF,Gold (CHF),1160.79
2018-09-06,GOLD-USD,Gold (USD),1197.9
2018-09-06,GOLD-CHF,Gold (CHF),1159.51
2018-09-07,GOLD-USD,Gold (USD),1193.6
2018-09-07,GOLD-CHF,Gold (CHF),1154.87
2018-09-10,GOLD-USD,Gold (USD),1193.0
2018-09-10,GOLD-CHF,Gold (CHF),1160.37
2018-09-11,GOLD-USD,Gold (USD),1195.4
2018-09-11,GOLD-CHF,Gold (CHF),1164.38
2018-09-12,GOLD-USD,Gold (USD),1204.7
2018-09-12,GOLD-CHF,Gold (CHF),1169.82
2018-09-13,GOLD-USD,Gold (USD),1202.0
2018-09-13,GOLD-CHF,Gold (CHF),1163.36
2018-09-14,GOLD-USD,Gold (USD),1195.0
2018-09-14,GOLD-CHF,Gold (CHF),1154.43
2018-09-17,GOLD-USD,Gold (USD),1199.7
2018-09-17,GOLD-CHF,Gold (CHF),1154.47
2018-09-18,GOLD-USD,Gold (USD),1196.8
2018-09-18,GOLD-CHF,Gold (CHF),1151.38
2018-09-19,GOLD-USD,Gold (USD),1202.2
2018-09-19,GOLD-CHF,Gold (CHF),1163.43
2018-09-20,GOLD-USD,Gold (USD),1206.2
2018-09-20,GOLD-CHF,Gold (CHF),1159.04
2018-09-21,GOLD-USD,Gold (USD),1196.2
2018-09-21,GOLD-CHF,Gold (CHF),1145.84
2018-09-24,GOLD-USD,Gold (USD),1199.3
2018-09-24,GOLD-CHF,Gold (CHF),1151.39
2018-09-25,GOLD-USD,Gold (USD),1200.0
2018-09-25,GOLD-CHF,Gold (CHF),1156.68
2018-09-26,GOLD-USD,Gold (USD),1194.0
2018-09-26,GOLD-CHF,Gold (CHF),1155.79
2018-09-27,GOLD-USD,Gold (USD),1182.3
2018-09-27,GOLD-CHF,Gold (CHF),1153.45
2018-09-28,GOLD-USD,Gold (USD),1191.5
2018-09-28,GOLD-CHF,Gold (CHF),1163.86
2018-10-01,GOLD-USD,Gold (USD),1187.1
2018-10-01,GOLD-CHF,Gold (CHF),1167.63
2018-10-02,GOLD-USD,Gold (USD),1202.4
2018-10-02,GOLD-CHF,Gold (CHF),1182.86
2018-10-03,GOLD-USD,Gold (USD),1198.3
2018-10-03,GOLD-CHF,Gold (CHF),1184.88
2018-10-04,GOLD-USD,Gold (USD),1197.2
2018-10-04,GOLD-CHF,Gold (CHF),1186.43
2018-10-05,GOLD-USD,Gold (USD),1201.2
2018-10-05,GOLD-CHF,Gold (CHF),1191.65
2018-10-08,GOLD-USD,Gold (USD),1184.4
2018-10-08,GOLD-CHF,Gold (CHF),1176.29
2018-10-09,GOLD-USD,Gold (USD),1187.2
2018-10-09,GOLD-CHF,Gold (CHF),1179.84
2018-10-10,GOLD-USD,Gold (USD),1189.3
2018-10-10,GOLD-CHF,Gold (CHF),1177.59
2018-10-11,GOLD-USD,Gold (USD),1223.5
2018-10-11,GOLD-CHF,Gold (CHF),1211.14
2018-10-12,GOLD-USD,Gold (USD),1218.1
2018-10-12,GOLD-CHF,Gold (CHF),1208.48
2018-10-15,GOLD-USD,Gold (USD),1226.4
2018-10-15,GOLD-CHF,Gold (CHF),1211.25
2018-10-16,GOLD-USD,Gold (USD),1227.3
2018-10-16,GOLD-CHF,Gold (CHF),1214.72
2018-10-17,GOLD-USD,Gold (USD),1223.7
2018-10-17,GOLD-CHF,Gold (CHF),1214.58
2018-10-18,GOLD-USD,Gold (USD),1226.5
2018-10-18,GOLD-CHF,Gold (CHF),1220.92
2018-10-19,GOLD-USD,Gold (USD),1225.3
2018-10-19,GOLD-CHF,Gold (CHF),1221.01
2018-10-22,GOLD-USD,Gold (USD),1221.2
2018-10-22,GOLD-CHF,Gold (CHF),1217.48
2018-10-23,GOLD-USD,Gold (USD),1233.4
2018-10-23,GOLD-CHF,Gold (CHF),1227.48
2018-10-24,GOLD-USD,Gold (USD),1227.8
2018-10-24,GOLD-CHF,Gold (CHF),1225.28
2018-10-25,GOLD-USD,Gold (USD),1229.1
2018-10-25,GOLD-CHF,Gold (CHF),1230.88
2018-10-26,GOLD-USD,Gold (USD),1232.5
2018-10-26,GOLD-CHF,Gold (CHF),1230.22
2018-10-29,GOLD-USD,Gold (USD),1224.5
2018-10-29,GOLD-CHF,Gold (CHF),1225.36
2018-10-30,GOLD-USD,Gold (USD),1222.6
2018-10-30,GOLD-CHF,Gold (CHF),1228.41
2018-10-31,GOLD-USD,Gold (USD),1212.3
2018-10-31,GOLD-CHF,Gold (CHF),1219.45
2018-11-01,GOLD-USD,Gold (USD),1236.0
2018-11-01,GOLD-CHF,Gold (CHF),1240.08
2018-11-02,GOLD-USD,Gold (USD),1230.9
2018-11-02,GOLD-CHF,Gold (CHF),1235.27
2018-11-05,GOLD-USD,Gold (USD),1229.8
2018-11-05,GOLD-CHF,Gold (CHF),1236.07
2018-11-06,GOLD-USD,Gold (USD),1223.8
2018-11-06,GOLD-CHF,Gold (CHF),1228.33
2018-11-07,GOLD-USD,Gold (USD),1226.2
2018-11-07,GOLD-CHF,Gold (CHF),1225.59
2018-11-08,GOLD-USD,Gold (USD),1222.9
2018-11-08,GOLD-CHF,Gold (CHF),1226.14
2018-11-09,GOLD-USD,Gold (USD),1206.4
2018-11-09,GOLD-CHF,Gold (CHF),1212.13
2018-11-12,GOLD-USD,Gold (USD),1201.3
2018-11-12,GOLD-CHF,Gold (CHF),1212.29
2018-11-13,GOLD-USD,Gold (USD),1199.2
2018-11-13,GOLD-CHF,Gold (CHF),1209.81
2018-11-14,GOLD-USD,Gold (USD),1207.9
2018-11-14,GOLD-CHF,Gold (CHF),1217.2
2018-11-15,GOLD-USD,Gold (USD),1212.8
2018-11-15,GOLD-CHF,Gold (CHF),1220.14
2018-11-16,GOLD-USD,Gold (USD),1220.8
2018-11-16,GOLD-CHF,Gold (CHF),1223.97
2018-11-19,GOLD-USD,Gold (USD),1223.1
2018-11-19,GOLD-CHF,Gold (CHF),1215.7
2018-11-20,GOLD-USD,Gold (USD),1219.0
2018-11-20,GOLD-CHF,Gold (CHF),1211.32
2018-11-21,GOLD-USD,Gold (USD),1225.8
2018-11-21,GOLD-CHF,Gold (CHF),1220.22
2018-11-23,GOLD-USD,Gold (USD),1221.0
2018-11-23,GOLD-CHF,Gold (CHF),1217.64
2018-11-26,GOLD-USD,Gold (USD),1220.2
2018-11-26,GOLD-CHF,Gold (CHF),1218.8
2018-11-27,GOLD-USD,Gold (USD),1211.2
2018-11-27,GOLD-CHF,Gold (CHF),1210.17
2018-11-28,GOLD-USD,Gold (USD),1221.4
2018-11-28,GOLD-CHF,Gold (CHF),1221.95
2018-11-29,GOLD-USD,Gold (USD),1224.1
2018-11-29,GOLD-CHF,Gold (CHF),1219.26
2018-11-30,GOLD-USD,Gold (USD),1220.2
2018-11-30,GOLD-CHF,Gold (CHF),1219.41
2018-12-03,GOLD-USD,Gold (USD),1233.9
2018-12-03,GOLD-CHF,Gold (CHF),1231.62
2018-12-04,GOLD-USD,Gold (USD),1241.1
2018-12-04,GOLD-CHF,Gold (CHF),1237.56
2018-12-06,GOLD-USD,Gold (USD),1238.1
2018-12-06,GOLD-CHF,Gold (CHF),1228.13
2018-12-07,GOLD-USD,Gold (USD),1246.8
2018-12-07,GOLD-CHF,Gold (CHF),1236.76
2018-12-10,GOLD-USD,Gold (USD),1243.7
2018-12-10,GOLD-CHF,Gold (CHF),1230.58
2018-12-11,GOLD-USD,Gold (USD),1241.9
2018-12-11,GOLD-CHF,Gold (CHF),1231.96
2018-12-12,GOLD-USD,Gold (USD),1244.4
2018-12-12,GOLD-CHF,Gold (CHF),1234.57
2018-12-13,GOLD-USD,Gold (USD),1242.7
2018-12-13,GOLD-CHF,Gold (CHF),1234.81
2018-12-14,GOLD-USD,Gold (USD),1237.0
2018-12-14,GOLD-CHF,Gold (CHF),1232.73
2018-12-17,GOLD-USD,Gold (USD),1247.4
2018-12-17,GOLD-CHF,Gold (CHF),1240.23
2018-12-18,GOLD-USD,Gold (USD),1249.2
2018-12-18,GOLD-CHF,Gold (CHF),1240.27
2018-12-19,GOLD-USD,Gold (USD),1252.1
2018-12-19,GOLD-CHF,Gold (CHF),1242.96
2018-12-20,GOLD-USD,Gold (USD),1263.6
2018-12-20,GOLD-CHF,Gold (CHF),1255.26
2018-12-21,GOLD-USD,Gold (USD),1253.8
2018-12-21,GOLD-CHF,Gold (CHF),1242.14
2018-12-24,GOLD-USD,Gold (USD),1267.5
2018-12-24,GOLD-CHF,Gold (CHF),1253.75
2018-12-26,GOLD-USD,Gold (USD),1269.2
2018-12-26,GOLD-CHF,Gold (CHF),1255.87
2018-12-27,GOLD-USD,Gold (USD),1277.3
2018-12-27,GOLD-CHF,Gold (CHF),1264.08
2018-12-28,GOLD-USD,Gold (USD),1279.9
2018-12-28,GOLD-CHF,Gold (CHF),1259.87
2018-12-31,GOLD-USD,Gold (USD),1278.3
2018-12-31,GOLD-CHF,Gold (CHF),1260.15
2019-01-02,GOLD-USD,Gold (USD),1281.0
2019-01-02,GOLD-CHF,Gold (CHF),1266.08
2019-01-03,GOLD-USD,Gold (USD),1291.8
2019-01-03,GOLD-CHF,Gold (CHF),1278.11
2019-01-04,GOLD-USD,Gold (USD),1282.7
2019-01-04,GOLD-CHF,Gold (CHF),1264.68
2019-01-07,GOLD-USD,Gold (USD),1286.8
2019-01-07,GOLD-CHF,Gold (CHF),1263.19
2019-01-08,GOLD-USD,Gold (USD),1283.2
2019-01-08,GOLD-CHF,Gold (CHF),1259.4
2019-01-09,GOLD-USD,Gold (USD),1289.3
2019-01-09,GOLD-CHF,Gold (CHF),1259.71
2019-01-10,GOLD-USD,Gold (USD),1284.7
2019-01-10,GOLD-CHF,Gold (CHF),1259.39
2019-01-11,GOLD-USD,Gold (USD),1287.1
2019-01-11,GOLD-CHF,Gold (CHF),1265.03
2019-01-14,GOLD-USD,Gold (USD),1289.1
2019-01-14,GOLD-CHF,Gold (CHF),1264.61
2019-01-15,GOLD-USD,Gold (USD),1286.2
2019-01-15,GOLD-CHF,Gold (CHF),1268.9
2019-01-16,GOLD-USD,Gold (USD),1291.6
2019-01-16,GOLD-CHF,Gold (CHF),1279.2
2019-01-17,GOLD-USD,Gold (USD),1291.0
2019-01-17,GOLD-CHF,Gold (CHF),1284.09
2019-01-18,GOLD-USD,Gold (USD),1281.3
2019-01-18,GOLD-CHF,Gold (CHF),1275.6
2019-01-22,GOLD-USD,Gold (USD),1282.5
2019-01-22,GOLD-CHF,Gold (CHF),1279.42
2019-01-23,GOLD-USD,Gold (USD),1283.1
2019-01-23,GOLD-CHF,Gold (CHF),1277.65
2019-01-24,GOLD-USD,Gold (USD),1279.1
2019-01-24,GOLD-CHF,Gold (CHF),1272.58
2019-01-25,GOLD-USD,Gold (USD),1297.4
2019-01-25,GOLD-CHF,Gold (CHF),1288.77
2019-01-28,GOLD-USD,Gold (USD),1302.4
2019-01-28,GOLD-CHF,Gold (CHF),1291.13
2019-01-29,GOLD-USD,Gold (USD),1308.2
2019-01-29,GOLD-CHF,Gold (CHF),1301.59
2019-01-30,GOLD-USD,Gold (USD),1309.9
2019-01-30,GOLD-CHF,Gold (CHF),1307.61
2019-01-31,GOLD-USD,Gold (USD),1319.7
2019-01-31,GOLD-CHF,Gold (CHF),1309.27
2019-02-01,GOLD-USD,Gold (USD),1316.9
2019-02-01,GOLD-CHF,Gold (CHF),1309.0
2019-02-04,GOLD-USD,Gold (USD),1314.3
2019-02-04,GOLD-CHF,Gold (CHF),1311.34
2019-02-05,GOLD-USD,Gold (USD),1314.2
2019-02-05,GOLD-CHF,Gold (CHF),1314.2
2019-02-06,GOLD-USD,Gold (USD),1309.5
2019-02-06,GOLD-CHF,Gold (CHF),1310.61
2019-02-07,GOLD-USD,Gold (USD),1309.4
2019-02-07,GOLD-CHF,Gold (CHF),1310.58
2019-02-08,GOLD-USD,Gold (USD),1313.7
2019-02-08,GOLD-CHF,Gold (CHF),1314.36
2019-02-11,GOLD-USD,Gold (USD),1307.0
2019-02-11,GOLD-CHF,Gold (CHF),1312.36
2019-02-12,GOLD-USD,Gold (USD),1309.2
2019-02-12,GOLD-CHF,Gold (CHF),1318.76
2019-02-13,GOLD-USD,Gold (USD),1310.8
2019-02-13,GOLD-CHF,Gold (CHF),1320.57
2019-02-14,GOLD-USD,Gold (USD),1309.8
2019-02-14,GOLD-CHF,Gold (CHF),1319.17
2019-02-15,GOLD-USD,Gold (USD),1318.1
2019-02-15,GOLD-CHF,Gold (CHF),1327.26
2019-02-19,GOLD-USD,Gold (USD),1340.1
2019-02-19,GOLD-CHF,Gold (CHF),1342.31
2019-02-20,GOLD-USD,Gold (USD),1343.3
2019-02-20,GOLD-CHF,Gold (CHF),1342.76
2019-02-21,GOLD-USD,Gold (USD),1323.5
2019-02-21,GOLD-CHF,Gold (CHF),1323.04
2019-02-22,GOLD-USD,Gold (USD),1329.2
2019-02-22,GOLD-CHF,Gold (CHF),1329.0
2019-02-25,GOLD-USD,Gold (USD),1325.9
2019-02-25,GOLD-CHF,Gold (CHF),1326.1
2019-02-26,GOLD-USD,Gold (USD),1325.1
2019-02-26,GOLD-CHF,Gold (CHF),1326.16
2019-02-27,GOLD-USD,Gold (USD),1317.7
2019-02-27,GOLD-CHF,Gold (CHF),1315.86
2019-02-28,GOLD-USD,Gold (USD),1312.8
2019-02-28,GOLD-CHF,Gold (CHF),1307.81
2019-03-01,GOLD-USD,Gold (USD),1296.4
2019-03-01,GOLD-CHF,Gold (CHF),1293.87
2019-03-04,GOLD-USD,Gold (USD),1284.8
2019-03-04,GOLD-CHF,Gold (CHF),1284.67
2019-03-05,GOLD-USD,Gold (USD),1282.0
2019-03-05,GOLD-CHF,Gold (CHF),1286.68
2019-03-06,GOLD-USD,Gold (USD),1284.9
2019-03-06,GOLD-CHF,Gold (CHF),1290.49
2019-03-07,GOLD-USD,Gold (USD),1283.8
2019-03-07,GOLD-CHF,Gold (CHF),1294.33
2019-03-08,GOLD-USD,Gold (USD),1297.0
2019-03-08,GOLD-CHF,Gold (CHF),1307.05
2019-03-11,GOLD-USD,Gold (USD),1288.8
2019-03-11,GOLD-CHF,Gold (CHF),1303.11
2019-03-12,GOLD-USD,Gold (USD),1294.7
2019-03-12,GOLD-CHF,Gold (CHF),1304.93
2019-03-13,GOLD-USD,Gold (USD),1307.5
2019-03-13,GOLD-CHF,Gold (CHF),1313.65
2019-03-14,GOLD-USD,Gold (USD),1293.4
2019-03-14,GOLD-CHF,Gold (CHF),1299.16
2019-03-15,GOLD-USD,Gold (USD),1301.8
2019-03-15,GOLD-CHF,Gold (CHF),1305.45
2019-03-18,GOLD-USD,Gold (USD),1300.3
2019-03-18,GOLD-CHF,Gold (CHF),1300.76
2019-03-19,GOLD-USD,Gold (USD),1305.0
2019-03-19,GOLD-CHF,Gold (CHF),1305.2
2019-03-20,GOLD-USD,Gold (USD),1300.5
2019-03-20,GOLD-CHF,Gold (CHF),1297.38
2019-03-21,GOLD-USD,Gold (USD),1306.1
2019-03-21,GOLD-CHF,Gold (CHF),1296.24
2019-03-22,GOLD-USD,Gold (USD),1311.6
2019-03-22,GOLD-CHF,Gold (CHF),1303.6
2019-03-25,GOLD-USD,Gold (USD),1321.9
2019-03-25,GOLD-CHF,Gold (CHF),1311.26
2019-03-26,GOLD-USD,Gold (USD),1314.3
2019-03-26,GOLD-CHF,Gold (CHF),1306.35
2019-03-27,GOLD-USD,Gold (USD),1309.9
2019-03-27,GOLD-CHF,Gold (CHF),1302.83
2019-03-28,GOLD-USD,Gold (USD),1289.8
2019-03-28,GOLD-CHF,Gold (CHF),1283.54
2019-03-29,GOLD-USD,Gold (USD),1293.0
2019-03-29,GOLD-CHF,Gold (CHF),1287.7
2019-04-01,GOLD-USD,Gold (USD),1288.4
2019-04-01,GOLD-CHF,Gold (CHF),1285.18
2019-04-02,GOLD-USD,Gold (USD),1290.0
2019-04-02,GOLD-CHF,Gold (CHF),1288.26
2019-04-03,GOLD-USD,Gold (USD),1289.9
2019-04-03,GOLD-CHF,Gold (CHF),1285.84
2019-04-04,GOLD-USD,Gold (USD),1289.0
2019-04-04,GOLD-CHF,Gold (CHF),1288.68
2019-04-05,GOLD-USD,Gold (USD),1290.4
2019-04-05,GOLD-CHF,Gold (CHF),1290.79
2019-04-08,GOLD-USD,Gold (USD),1297.1
2019-04-08,GOLD-CHF,Gold (CHF),1295.93
2019-04-09,GOLD-USD,Gold (USD),1303.5
2019-04-09,GOLD-CHF,Gold (CHF),1303.89
2019-04-10,GOLD-USD,Gold (USD),1309.1
2019-04-10,GOLD-CHF,Gold (CHF),1312.31
2019-04-11,GOLD-USD,Gold (USD),1288.6
2019-04-11,GOLD-CHF,Gold (CHF),1292.08
2019-04-12,GOLD-USD,Gold (USD),1290.6
2019-04-12,GOLD-CHF,Gold (CHF),1292.02
2019-04-15,GOLD-USD,Gold (USD),1286.8
2019-04-15,GOLD-CHF,Gold (CHF),1291.05
2019-04-16,GOLD-USD,Gold (USD),1272.6
2019-04-16,GOLD-CHF,Gold (CHF),1280.94
2019-04-17,GOLD-USD,Gold (USD),1272.2
2019-04-17,GOLD-CHF,Gold (CHF),1283.59
2019-04-18,GOLD-USD,Gold (USD),1271.9
2019-04-18,GOLD-CHF,Gold (CHF),1289.13
2019-04-22,GOLD-USD,Gold (USD),1273.5
2019-04-22,GOLD-CHF,Gold (CHF),1293.62
2019-04-23,GOLD-USD,Gold (USD),1269.3
2019-04-23,GOLD-CHF,Gold (CHF),1296.4
2019-04-24,GOLD-USD,Gold (USD),1275.5
2019-04-24,GOLD-CHF,Gold (CHF),1298.14
2019-04-25,GOLD-USD,Gold (USD),1275.8
2019-04-25,GOLD-CHF,Gold (CHF),1301.83
2019-04-26,GOLD-USD,Gold (USD),1284.9
2019-04-26,GOLD-CHF,Gold (CHF),1309.76
2019-04-29,GOLD-USD,Gold (USD),1278.6
2019-04-29,GOLD-CHF,Gold (CHF),1303.85
2019-04-30,GOLD-USD,Gold (USD),1282.8
2019-04-30,GOLD-CHF,Gold (CHF),1307.17
2019-05-01,GOLD-USD,Gold (USD),1281.4
2019-05-01,GOLD-CHF,Gold (CHF),1300.43
2019-05-02,GOLD-USD,Gold (USD),1269.7
2019-05-02,GOLD-CHF,Gold (CHF),1294.08
2019-05-03,GOLD-USD,Gold (USD),1279.2
2019-05-03,GOLD-CHF,Gold (CHF),1301.84
2019-05-06,GOLD-USD,Gold (USD),1281.7
2019-05-06,GOLD-CHF,Gold (CHF),1305.03
2019-05-07,GOLD-USD,Gold (USD),1283.5
2019-05-07,GOLD-CHF,Gold (CHF),1311.8
2019-05-08,GOLD-USD,Gold (USD),1279.4
2019-05-08,GOLD-CHF,Gold (CHF),1302.62
2019-05-09,GOLD-USD,Gold (USD),1283.5
2019-05-09,GOLD-CHF,Gold (CHF),1301.08
2019-05-10,GOLD-USD,Gold (USD),1285.7
2019-05-10,GOLD-CHF,Gold (CHF),1299.84
2019-05-13,GOLD-USD,Gold (USD),1300.1
2019-05-13,GOLD-CHF,Gold (CHF),1308.23
2019-05-14,GOLD-USD,Gold (USD),1294.7
2019-05-14,GOLD-CHF,Gold (CHF),1305.7
2019-05-15,GOLD-USD,Gold (USD),1296.3
2019-05-15,GOLD-CHF,Gold (CHF),1307.38
2019-05-16,GOLD-USD,Gold (USD),1285.0
2019-05-16,GOLD-CHF,Gold (CHF),1297.34
2019-05-17,GOLD-USD,Gold (USD),1274.5
2019-05-17,GOLD-CHF,Gold (CHF),1289.09
2019-05-20,GOLD-USD,Gold (USD),1276.1
2019-05-20,GOLD-CHF,Gold (CHF),1287.01
2019-05-21,GOLD-USD,Gold (USD),1272.0
2019-05-21,GOLD-CHF,Gold (CHF),1284.02
2019-05-22,GOLD-USD,Gold (USD),1273.6
2019-05-22,GOLD-CHF,Gold (CHF),1285.32
2019-05-23,GOLD-USD,Gold (USD),1284.8
2019-05-23,GOLD-CHF,Gold (CHF),1293.22
2019-05-24,GOLD-USD,Gold (USD),1283.0
2019-05-24,GOLD-CHF,Gold (CHF),1285.57
2019-05-28,GOLD-USD,Gold (USD),1276.5
2019-05-28,GOLD-CHF,Gold (CHF),1287.73
2019-05-29,GOLD-USD,Gold (USD),1280.6
2019-05-29,GOLD-CHF,Gold (CHF),1290.4
2019-05-30,GOLD-USD,Gold (USD),1287.1
2019-05-30,GOLD-CHF,Gold (CHF),1298.1
2019-05-31,GOLD-USD,Gold (USD),1305.8
2019-05-31,GOLD-CHF,Gold (CHF),1313.44
2019-06-03,GOLD-USD,Gold (USD),1322.7
2019-06-03,GOLD-CHF,Gold (CHF),1321.51
2019-06-04,GOLD-USD,Gold (USD),1323.4
2019-06-04,GOLD-CHF,Gold (CHF),1316.12
2019-06-05,GOLD-USD,Gold (USD),1328.3
2019-06-05,GOLD-CHF,Gold (CHF),1314.42
2019-06-06,GOLD-USD,Gold (USD),1337.6
2019-06-06,GOLD-CHF,Gold (CHF),1323.22
2019-06-07,GOLD-USD,Gold (USD),1341.2
2019-06-07,GOLD-CHF,Gold (CHF),1323.97
2019-06-10,GOLD-USD,Gold (USD),1324.7
2019-06-10,GOLD-CHF,Gold (CHF),1311.39
2019-06-11,GOLD-USD,Gold (USD),1326.4
2019-06-11,GOLD-CHF,Gold (CHF),1316.39
2019-06-12,GOLD-USD,Gold (USD),1331.9
2019-06-12,GOLD-CHF,Gold (CHF),1323.71
2019-06-13,GOLD-USD,Gold (USD),1339.2
2019-06-13,GOLD-CHF,Gold (CHF),1332.04
2019-06-14,GOLD-USD,Gold (USD),1340.1
2019-06-14,GOLD-CHF,Gold (CHF),1337.75
2019-06-17,GOLD-USD,Gold (USD),1338.7
2019-06-17,GOLD-CHF,Gold (CHF),1338.03
2019-06-18,GOLD-USD,Gold (USD),1346.6
2019-06-18,GOLD-CHF,Gold (CHF),1347.68
2019-06-19,GOLD-USD,Gold (USD),1344.6
2019-06-19,GOLD-CHF,Gold (CHF),1338.48
2019-06-20,GOLD-USD,Gold (USD),1392.9
2019-06-20,GOLD-CHF,Gold (CHF),1367.97
2019-06-21,GOLD-USD,Gold (USD),1396.2
2019-06-21,GOLD-CHF,Gold (CHF),1370.23
2019-06-24,GOLD-USD,Gold (USD),1414.3
2019-06-24,GOLD-CHF,Gold (CHF),1374.7
2019-06-25,GOLD-USD,Gold (USD),1414.9
2019-06-25,GOLD-CHF,Gold (CHF),1376.34
2019-06-26,GOLD-USD,Gold (USD),1411.6
2019-06-26,GOLD-CHF,Gold (CHF),1376.8
2019-06-27,GOLD-USD,Gold (USD),1408.4
2019-06-27,GOLD-CHF,Gold (CHF),1376.64
2019-06-28,GOLD-USD,Gold (USD),1409.7
2019-06-28,GOLD-CHF,Gold (CHF),1374.46
2019-07-01,GOLD-USD,Gold (USD),1385.6
2019-07-01,GOLD-CHF,Gold (CHF),1364.19
2019-07-02,GOLD-USD,Gold (USD),1404.6
2019-07-02,GOLD-CHF,Gold (CHF),1387.04
2019-07-03,GOLD-USD,Gold (USD),1417.7
2019-07-03,GOLD-CHF,Gold (CHF),1397.92
2019-07-05,GOLD-USD,Gold (USD),1396.7
2019-07-05,GOLD-CHF,Gold (CHF),1385.04
2019-07-08,GOLD-USD,Gold (USD),1397.0
2019-07-08,GOLD-CHF,Gold (CHF),1387.92
2019-07-09,GOLD-USD,Gold (USD),1397.5
2019-07-09,GOLD-CHF,Gold (CHF),1388.49
2019-07-10,GOLD-USD,Gold (USD),1410.1
2019-07-10,GOLD-CHF,Gold (CHF),1396.28
2019-07-11,GOLD-USD,Gold (USD),1404.3
2019-07-11,GOLD-CHF,Gold (CHF),1388.99
2019-07-12,GOLD-USD,Gold (USD),1409.9
2019-07-12,GOLD-CHF,Gold (CHF),1389.1
2019-07-15,GOLD-USD,Gold (USD),1411.4
2019-07-15,GOLD-CHF,Gold (CHF),1389.95
2019-07-16,GOLD-USD,Gold (USD),1409.2
2019-07-16,GOLD-CHF,Gold (CHF),1391.51
2019-07-17,GOLD-USD,Gold (USD),1421.3
2019-07-17,GOLD-CHF,Gold (CHF),1404.1
2019-07-18,GOLD-USD,Gold (USD),1426.1
2019-07-18,GOLD-CHF,Gold (CHF),1407.77
2019-07-19,GOLD-USD,Gold (USD),1425.1
2019-07-19,GOLD-CHF,Gold (CHF),1399.88
2019-07-22,GOLD-USD,Gold (USD),1425.3
2019-07-22,GOLD-CHF,Gold (CHF),1397.51
2019-07-23,GOLD-USD,Gold (USD),1420.1
2019-07-23,GOLD-CHF,Gold (CHF),1398.8
2019-07-24,GOLD-USD,Gold (USD),1422.8
2019-07-24,GOLD-CHF,Gold (CHF),1401.81
2019-07-25,GOLD-USD,Gold (USD),1413.9
2019-07-25,GOLD-CHF,Gold (CHF),1399.55
2019-07-26,GOLD-USD,Gold (USD),1418.5
2019-07-26,GOLD-CHF,Gold (CHF),1409.07
2019-07-29,GOLD-USD,Gold (USD),1419.6
2019-07-29,GOLD-CHF,Gold (CHF),1409.17
2019-07-30,GOLD-USD,Gold (USD),1429.7
2019-07-30,GOLD-CHF,Gold (CHF),1417.4
2019-07-31,GOLD-USD,Gold (USD),1426.1
2019-07-31,GOLD-CHF,Gold (CHF),1411.84
2019-08-01,GOLD-USD,Gold (USD),1420.9
2019-08-01,GOLD-CHF,Gold (CHF),1412.73
2019-08-02,GOLD-USD,Gold (USD),1445.6
2019-08-02,GOLD-CHF,Gold (CHF),1421.24
2019-08-05,GOLD-USD,Gold (USD),1464.6
2019-08-05,GOLD-CHF,Gold (CHF),1426.01
2019-08-06,GOLD-USD,Gold (USD),1472.4
2019-08-06,GOLD-CHF,Gold (CHF),1440.15
2019-08-07,GOLD-USD,Gold (USD),1507.3
2019-08-07,GOLD-CHF,Gold (CHF),1466.98
2019-08-08,GOLD-USD,Gold (USD),1497.7
2019-08-08,GOLD-CHF,Gold (CHF),1464.0
2019-08-09,GOLD-USD,Gold (USD),1496.6
2019-08-09,GOLD-CHF,Gold (CHF),1457.54
2019-08-12,GOLD-USD,Gold (USD),1505.3
2019-08-12,GOLD-CHF,Gold (CHF),1460.14
2019-08-13,GOLD-USD,Gold (USD),1502.2
2019-08-13,GOLD-CHF,Gold (CHF),1463.14
2019-08-14,GOLD-USD,Gold (USD),1515.9
2019-08-14,GOLD-CHF,Gold (CHF),1473.99
2019-08-15,GOLD-USD,Gold (USD),1519.6
2019-08-15,GOLD-CHF,Gold (CHF),1482.9
2019-08-16,GOLD-USD,Gold (USD),1512.5
2019-08-16,GOLD-CHF,Gold (CHF),1481.27
2019-08-19,GOLD-USD,Gold (USD),1500.4
2019-08-19,GOLD-CHF,Gold (CHF),1471.44
2019-08-20,GOLD-USD,Gold (USD),1504.6
2019-08-20,GOLD-CHF,Gold (CHF),1473.3
2019-08-21,GOLD-USD,Gold (USD),1504.6
2019-08-21,GOLD-CHF,Gold (CHF),1476.01
2019-08-22,GOLD-USD,Gold (USD),1497.3
2019-08-22,GOLD-CHF,Gold (CHF),1473.27
2019-08-23,GOLD-USD,Gold (USD),1526.6
2019-08-23,GOLD-CHF,Gold (CHF),1497.75
2019-08-26,GOLD-USD,Gold (USD),1526.3
2019-08-26,GOLD-CHF,Gold (CHF),1492.95
2019-08-27,GOLD-USD,Gold (USD),1541.0
2019-08-27,GOLD-CHF,Gold (CHF),1512.8
2019-08-28,GOLD-USD,Gold (USD),1537.8
2019-08-28,GOLD-CHF,Gold (CHF),1509.2
2019-08-29,GOLD-USD,Gold (USD),1526.5
2019-08-29,GOLD-CHF,Gold (CHF),1503.07
2019-08-30,GOLD-USD,Gold (USD),1519.1
2019-08-30,GOLD-CHF,Gold (CHF),1503.07
2019-09-03,GOLD-USD,Gold (USD),1545.9
2019-09-03,GOLD-CHF,Gold (CHF),1526.58
2019-09-04,GOLD-USD,Gold (USD),1550.3
2019-09-04,GOLD-CHF,Gold (CHF),1521.39
2019-09-05,GOLD-USD,Gold (USD),1515.4
2019-09-05,GOLD-CHF,Gold (CHF),1494.56
2019-09-06,GOLD-USD,Gold (USD),1506.2
2019-09-06,GOLD-CHF,Gold (CHF),1485.87
2019-09-09,GOLD-USD,Gold (USD),1502.2
2019-09-09,GOLD-CHF,Gold (CHF),1487.7
2019-09-10,GOLD-USD,Gold (USD),1490.3
2019-09-10,GOLD-CHF,Gold (CHF),1474.58
2019-09-11,GOLD-USD,Gold (USD),1494.4
2019-09-11,GOLD-CHF,Gold (CHF),1484.99
2019-09-12,GOLD-USD,Gold (USD),1498.7
2019-09-12,GOLD-CHF,Gold (CHF),1485.59
2019-09-13,GOLD-USD,Gold (USD),1490.9
2019-09-13,GOLD-CHF,Gold (CHF),1472.34
2019-09-16,GOLD-USD,Gold (USD),1503.1
2019-09-16,GOLD-CHF,Gold (CHF),1492.73
2019-09-17,GOLD-USD,Gold (USD),1505.1
2019-09-17,GOLD-CHF,Gold (CHF),1496.6
2019-09-18,GOLD-USD,Gold (USD),1507.5
2019-09-18,GOLD-CHF,Gold (CHF),1500.57
2019-09-19,GOLD-USD,Gold (USD),1498.4
2019-09-19,GOLD-CHF,Gold (CHF),1487.69
2019-09-20,GOLD-USD,Gold (USD),1507.3
2019-09-20,GOLD-CHF,Gold (CHF),1496.07
2019-09-23,GOLD-USD,Gold (USD),1523.7
2019-09-23,GOLD-CHF,Gold (CHF),1507.62
2019-09-24,GOLD-USD,Gold (USD),1532.1
2019-09-24,GOLD-CHF,Gold (CHF),1513.87
2019-09-25,GOLD-USD,Gold (USD),1504.6
2019-09-25,GOLD-CHF,Gold (CHF),1488.12
2019-09-26,GOLD-USD,Gold (USD),1507.5
2019-09-26,GOLD-CHF,Gold (CHF),1496.19
2019-09-27,GOLD-USD,Gold (USD),1499.1
2019-09-27,GOLD-CHF,Gold (CHF),1486.96
2019-09-30,GOLD-USD,Gold (USD),1465.7
2019-09-30,GOLD-CHF,Gold (CHF),1461.52
2019-10-01,GOLD-USD,Gold (USD),1482.0
2019-10-01,GOLD-CHF,Gold (CHF),1476.59
2019-10-02,GOLD-USD,Gold (USD),1501.0
2019-10-02,GOLD-CHF,Gold (CHF),1498.97
2019-10-03,GOLD-USD,Gold (USD),1507.1
2019-10-03,GOLD-CHF,Gold (CHF),1502.43
2019-10-04,GOLD-USD,Gold (USD),1506.2
2019-10-04,GOLD-CHF,Gold (CHF),1498.97
2019-10-07,GOLD-USD,Gold (USD),1497.7
2019-10-07,GOLD-CHF,Gold (CHF),1487.96
2019-10-08,GOLD-USD,Gold (USD),1497.2
2019-10-08,GOLD-CHF,Gold (CHF),1486.87
2019-10-09,GOLD-USD,Gold (USD),1506.1
2019-10-09,GOLD-CHF,Gold (CHF),1498.87
2019-10-10,GOLD-USD,Gold (USD),1494.8
2019-10-10,GOLD-CHF,Gold (CHF),1488.82
2019-10-11,GOLD-USD,Gold (USD),1482.7
2019-10-11,GOLD-CHF,Gold (CHF),1480.25
2019-10-14,GOLD-USD,Gold (USD),1491.7
2019-10-14,GOLD-CHF,Gold (CHF),1486.26
2019-10-15,GOLD-USD,Gold (USD),1477.6
2019-10-15,GOLD-CHF,Gold (CHF),1475.46
2019-10-16,GOLD-USD,Gold (USD),1488.0
2019-10-16,GOLD-CHF,Gold (CHF),1483.54
2019-10-17,GOLD-USD,Gold (USD),1492.3
2019-10-17,GOLD-CHF,Gold (CHF),1473.72
2019-10-18,GOLD-USD,Gold (USD),1488.2
2019-10-18,GOLD-CHF,Gold (CHF),1468.33
2019-10-21,GOLD-USD,Gold (USD),1482.4
2019-10-21,GOLD-CHF,Gold (CHF),1462.46
2019-10-22,GOLD-USD,Gold (USD),1481.7
2019-10-22,GOLD-CHF,Gold (CHF),1464.88
2019-10-23,GOLD-USD,Gold (USD),1489.9
2019-10-23,GOLD-CHF,Gold (CHF),1475.52
2019-10-24,GOLD-USD,Gold (USD),1498.9
2019-10-24,GOLD-CHF,Gold (CHF),1486.31
2019-10-25,GOLD-USD,Gold (USD),1499.5
2019-10-25,GOLD-CHF,Gold (CHF),1489.68
2019-10-28,GOLD-USD,Gold (USD),1490.0
2019-10-28,GOLD-CHF,Gold (CHF),1484.19
2019-10-29,GOLD-USD,Gold (USD),1487.0
2019-10-29,GOLD-CHF,Gold (CHF),1477.63
2019-10-30,GOLD-USD,Gold (USD),1493.2
2019-10-30,GOLD-CHF,Gold (CHF),1479.69
2019-10-31,GOLD-USD,Gold (USD),1511.4
2019-10-31,GOLD-CHF,Gold (CHF),1491.37
2019-11-01,GOLD-USD,Gold (USD),1508.0
2019-11-01,GOLD-CHF,Gold (CHF),1486.13
2019-11-04,GOLD-USD,Gold (USD),1508.0
2019-11-04,GOLD-CHF,Gold (CHF),1487.34
2019-11-05,GOLD-USD,Gold (USD),1480.8
2019-11-05,GOLD-CHF,Gold (CHF),1468.51
2019-11-06,GOLD-USD,Gold (USD),1490.2
2019-11-06,GOLD-CHF,Gold (CHF),1478.73
2019-11-07,GOLD-USD,Gold (USD),1464.2
2019-11-07,GOLD-CHF,Gold (CHF),1456.81
2019-11-08,GOLD-USD,Gold (USD),1461.3
2019-11-08,GOLD-CHF,Gold (CHF),1456.62
2019-11-11,GOLD-USD,Gold (USD),1455.5
2019-11-11,GOLD-CHF,Gold (CHF),1447.57
2019-11-12,GOLD-USD,Gold (USD),1452.1
2019-11-12,GOLD-CHF,Gold (CHF),1443.53
2019-11-13,GOLD-USD,Gold (USD),1461.7
2019-11-13,GOLD-CHF,Gold (CHF),1446.28
2019-11-14,GOLD-USD,Gold (USD),1471.8
2019-11-14,GOLD-CHF,Gold (CHF),1454.65
2019-11-15,GOLD-USD,Gold (USD),1467.3
2019-11-15,GOLD-CHF,Gold (CHF),1451.67
2019-11-18,GOLD-USD,Gold (USD),1470.9
2019-11-18,GOLD-CHF,Gold (CHF),1452.81
2019-11-19,GOLD-USD,Gold (USD),1473.3
2019-11-19,GOLD-CHF,Gold (CHF),1458.13
2019-11-20,GOLD-USD,Gold (USD),1473.3
2019-11-20,GOLD-CHF,Gold (CHF),1462.18
2019-11-21,GOLD-USD,Gold (USD),1463.1
2019-11-21,GOLD-CHF,Gold (CHF),1450.37
2019-11-22,GOLD-USD,Gold (USD),1463.1
2019-11-22,GOLD-CHF,Gold (CHF),1456.96
2019-11-25,GOLD-USD,Gold (USD),1456.6
2019-11-25,GOLD-CHF,Gold (CHF),1452.59
2019-11-26,GOLD-USD,Gold (USD),1459.8
2019-11-26,GOLD-CHF,Gold (CHF),1457.25
2019-11-27,GOLD-USD,Gold (USD),1453.4
2019-11-27,GOLD-CHF,Gold (CHF),1451.87
2019-11-29,GOLD-USD,Gold (USD),1465.6
2019-11-29,GOLD-CHF,Gold (CHF),1464.65
2019-12-02,GOLD-USD,Gold (USD),1462.3
2019-12-02,GOLD-CHF,Gold (CHF),1451.84
2019-12-03,GOLD-USD,Gold (USD),1478.2
2019-12-03,GOLD-CHF,Gold (CHF),1458.17
2019-12-04,GOLD-USD,Gold (USD),1474.0
2019-12-04,GOLD-CHF,Gold (CHF),1457.64
2019-12-05,GOLD-USD,Gold (USD),1476.9
2019-12-05,GOLD-CHF,Gold (CHF),1459.55
2019-12-06,GOLD-USD,Gold (USD),1459.1
2019-12-06,GOLD-CHF,Gold (CHF),1446.11
2019-12-09,GOLD-USD,Gold (USD),1459.3
2019-12-09,GOLD-CHF,Gold (CHF),1442.3
2019-12-10,GOLD-USD,Gold (USD),1462.6
2019-12-10,GOLD-CHF,Gold (CHF),1442.42
2019-12-11,GOLD-USD,Gold (USD),1469.4
2019-12-11,GOLD-CHF,Gold (CHF),1449.27
2019-12-12,GOLD-USD,Gold (USD),1466.7
2019-12-12,GOLD-CHF,Gold (CHF),1447.71
2019-12-13,GOLD-USD,Gold (USD),1475.6
2019-12-13,GOLD-CHF,Gold (CHF),1450.22
2019-12-16,GOLD-USD,Gold (USD),1475.0
2019-12-16,GOLD-CHF,Gold (CHF),1451.18
2019-12-17,GOLD-USD,Gold (USD),1474.6
2019-12-17,GOLD-CHF,Gold (CHF),1444.74
2019-12-18,GOLD-USD,Gold (USD),1472.6
2019-12-18,GOLD-CHF,Gold (CHF),1444.99
2019-12-19,GOLD-USD,Gold (USD),1478.2
2019-12-19,GOLD-CHF,Gold (CHF),1446.27
2019-12-20,GOLD-USD,Gold (USD),1474.7
2019-12-20,GOLD-CHF,Gold (CHF),1447.86
2019-12-23,GOLD-USD,Gold (USD),1482.5
2019-12-23,GOLD-CHF,Gold (CHF),1456.04
2019-12-24,GOLD-USD,Gold (USD),1499.1
2019-12-24,GOLD-CHF,Gold (CHF),1469.87
2019-12-26,GOLD-USD,Gold (USD),1509.3
2019-12-26,GOLD-CHF,Gold (CHF),1481.23
2019-12-27,GOLD-USD,Gold (USD),1513.8
2019-12-27,GOLD-CHF,Gold (CHF),1477.24
2019-12-30,GOLD-USD,Gold (USD),1514.5
2019-12-30,GOLD-CHF,Gold (CHF),1467.78
2019-12-31,GOLD-USD,Gold (USD),1519.5
2019-12-31,GOLD-CHF,Gold (CHF),1471.41
2020-01-02,GOLD-USD,Gold (USD),1524.5
2020-01-02,GOLD-CHF,Gold (CHF),1477.39
2020-01-03,GOLD-USD,Gold (USD),1549.2
2020-01-03,GOLD-CHF,Gold (CHF),1503.65
2020-01-06,GOLD-USD,Gold (USD),1566.2
2020-01-06,GOLD-CHF,Gold (CHF),1517.26
2020-01-07,GOLD-USD,Gold (USD),1571.8
2020-01-07,GOLD-CHF,Gold (CHF),1527.55
2020-01-08,GOLD-USD,Gold (USD),1557.4
2020-01-08,GOLD-CHF,Gold (CHF),1511.3
2020-01-09,GOLD-USD,Gold (USD),1551.7
2020-01-09,GOLD-CHF,Gold (CHF),1509.73
2020-01-10,GOLD-USD,Gold (USD),1557.5
2020-01-10,GOLD-CHF,Gold (CHF),1515.84
2020-01-13,GOLD-USD,Gold (USD),1548.4
2020-01-13,GOLD-CHF,Gold (CHF),1503.26
2020-01-14,GOLD-USD,Gold (USD),1542.4
2020-01-14,GOLD-CHF,Gold (CHF),1493.43
2020-01-15,GOLD-USD,Gold (USD),1552.1
2020-01-15,GOLD-CHF,Gold (CHF),1497.85
2020-01-16,GOLD-USD,Gold (USD),1549.0
2020-01-16,GOLD-CHF,Gold (CHF),1493.47
2020-01-17,GOLD-USD,Gold (USD),1558.8
2020-01-17,GOLD-CHF,Gold (CHF),1508.68
2020-01-21,GOLD-USD,Gold (USD),1556.4
2020-01-21,GOLD-CHF,Gold (CHF),1506.13
2020-01-22,GOLD-USD,Gold (USD),1555.3
2020-01-22,GOLD-CHF,Gold (CHF),1508.8
2020-01-23,GOLD-USD,Gold (USD),1564.6
2020-01-23,GOLD-CHF,Gold (CHF),1516.57
2020-01-24,GOLD-USD,Gold (USD),1571.1
2020-01-24,GOLD-CHF,Gold (CHF),1525.22
2020-01-27,GOLD-USD,Gold (USD),1576.8
2020-01-27,GOLD-CHF,Gold (CHF),1529.1
2020-01-28,GOLD-USD,Gold (USD),1569.2
2020-01-28,GOLD-CHF,Gold (CHF),1528.17
2020-01-29,GOLD-USD,Gold (USD),1569.8
2020-01-29,GOLD-CHF,Gold (CHF),1530.71
2020-01-30,GOLD-USD,Gold (USD),1583.5
2020-01-30,GOLD-CHF,Gold (CHF),1533.38
2020-01-31,GOLD-USD,Gold (USD),1582.9
2020-01-31,GOLD-CHF,Gold (CHF),1526.63
2020-02-03,GOLD-USD,Gold (USD),1577.2
2020-02-03,GOLD-CHF,Gold (CHF),1523.42
2020-02-04,GOLD-USD,Gold (USD),1550.4
2020-02-04,GOLD-CHF,Gold (CHF),1503.66
2020-02-05,GOLD-USD,Gold (USD),1557.8
2020-02-05,GOLD-CHF,Gold (CHF),1515.9
2020-02-06,GOLD-USD,Gold (USD),1565.1
2020-02-06,GOLD-CHF,Gold (CHF),1525.58
2020-02-07,GOLD-USD,Gold (USD),1568.6
2020-02-07,GOLD-CHF,Gold (CHF),1531.35
2020-02-10,GOLD-USD,Gold (USD),1574.7
2020-02-10,GOLD-CHF,Gold (CHF),1538.56
2020-02-11,GOLD-USD,Gold (USD),1565.6
2020-02-11,GOLD-CHF,Gold (CHF),1529.83
2020-02-12,GOLD-USD,Gold (USD),1567.4
2020-02-12,GOLD-CHF,Gold (CHF),1530.72
2020-02-13,GOLD-USD,Gold (USD),1575.1
2020-02-13,GOLD-CHF,Gold (CHF),1541.0
2020-02-14,GOLD-USD,Gold (USD),1582.7
2020-02-14,GOLD-CHF,Gold (CHF),1553.34
2020-02-18,GOLD-USD,Gold (USD),1600.0
2020-02-18,GOLD-CHF,Gold (CHF),1570.24
2020-02-19,GOLD-USD,Gold (USD),1607.5
2020-02-19,GOLD-CHF,Gold (CHF),1580.82
2020-02-20,GOLD-USD,Gold (USD),1616.6
2020-02-20,GOLD-CHF,Gold (CHF),1588.15
2020-02-21,GOLD-USD,Gold (USD),1644.6
2020-02-21,GOLD-CHF,Gold (CHF),1609.16
2020-02-24,GOLD-USD,Gold (USD),1672.4
2020-02-24,GOLD-CHF,Gold (CHF),1635.27
2020-02-25,GOLD-USD,Gold (USD),1646.9
2020-02-25,GOLD-CHF,Gold (CHF),1608.36
2020-02-26,GOLD-USD,Gold (USD),1640.0
2020-02-26,GOLD-CHF,Gold (CHF),1603.18
2020-02-27,GOLD-USD,Gold (USD),1640.0
2020-02-27,GOLD-CHF,Gold (CHF),1590.64
2020-02-28,GOLD-USD,Gold (USD),1564.1
2020-02-28,GOLD-CHF,Gold (CHF),1513.97
2020-03-02,GOLD-USD,Gold (USD),1592.3
2020-03-02,GOLD-CHF,Gold (CHF),1528.21
2020-03-03,GOLD-USD,Gold (USD),1642.1
2020-03-03,GOLD-CHF,Gold (CHF),1569.11
2020-03-04,GOLD-USD,Gold (USD),1641.1
2020-03-04,GOLD-CHF,Gold (CHF),1568.15
2020-03-05,GOLD-USD,Gold (USD),1666.4
2020-03-05,GOLD-CHF,Gold (CHF),1584.0
2020-03-06,GOLD-USD,Gold (USD),1670.8
2020-03-06,GOLD-CHF,Gold (CHF),1566.88
2020-03-09,GOLD-USD,Gold (USD),1674.5
2020-03-09,GOLD-CHF,Gold (CHF),1556.78
2020-03-10,GOLD-USD,Gold (USD),1659.1
2020-03-10,GOLD-CHF,Gold (CHF),1548.44
2020-03-11,GOLD-USD,Gold (USD),1641.4
2020-03-11,GOLD-CHF,Gold (CHF),1540.21
2020-03-12,GOLD-USD,Gold (USD),1589.3
2020-03-12,GOLD-CHF,Gold (CHF),1515.87
2020-03-13,GOLD-USD,Gold (USD),1515.7
2020-03-13,GOLD-CHF,Gold (CHF),1446.36
2020-03-16,GOLD-USD,Gold (USD),1485.9
2020-03-16,GOLD-CHF,Gold (CHF),1406.63
2020-03-17,GOLD-USD,Gold (USD),1524.9
2020-03-17,GOLD-CHF,Gold (CHF),1470.99
2020-03-18,GOLD-USD,Gold (USD),1477.3
2020-03-18,GOLD-CHF,Gold (CHF),1437.56
2020-03-19,GOLD-USD,Gold (USD),1478.6
2020-03-19,GOLD-CHF,Gold (CHF),1455.53
2020-03-20,GOLD-USD,Gold (USD),1484.0
2020-03-20,GOLD-CHF,Gold (CHF),1463.45
2020-03-23,GOLD-USD,Gold (USD),1567.0
2020-03-23,GOLD-CHF,Gold (CHF),1539.73
2020-03-24,GOLD-USD,Gold (USD),1660.2
2020-03-24,GOLD-CHF,Gold (CHF),1628.99
2020-03-25,GOLD-USD,Gold (USD),1632.3
2020-03-25,GOLD-CHF,Gold (CHF),1596.88
2020-03-26,GOLD-USD,Gold (USD),1650.1
2020-03-26,GOLD-CHF,Gold (CHF),1591.6
2020-03-27,GOLD-USD,Gold (USD),1623.9
2020-03-27,GOLD-CHF,Gold (CHF),1552.53
2020-03-30,GOLD-USD,Gold (USD),1622.0
2020-03-30,GOLD-CHF,Gold (CHF),1556.88
2020-03-31,GOLD-USD,Gold (USD),1583.4
2020-03-31,GOLD-CHF,Gold (CHF),1532.02
2020-04-01,GOLD-USD,Gold (USD),1578.2
2020-04-01,GOLD-CHF,Gold (CHF),1528.57
2020-04-02,GOLD-USD,Gold (USD),1625.7
2020-04-02,GOLD-CHF,Gold (CHF),1580.83
2020-04-03,GOLD-USD,Gold (USD),1633.7
2020-04-03,GOLD-CHF,Gold (CHF),1597.11
2020-04-06,GOLD-USD,Gold (USD),1677.0
2020-04-06,GOLD-CHF,Gold (CHF),1641.11
2020-04-07,GOLD-USD,Gold (USD),1664.8
2020-04-07,GOLD-CHF,Gold (CHF),1617.1
2020-04-08,GOLD-USD,Gold (USD),1665.4
2020-04-08,GOLD-CHF,Gold (CHF),1617.44
2020-04-09,GOLD-USD,Gold (USD),1736.2
2020-04-09,GOLD-CHF,Gold (CHF),1676.91
2020-04-13,GOLD-USD,Gold (USD),1744.8
2020-04-13,GOLD-CHF,Gold (CHF),1689.23
2020-04-14,GOLD-USD,Gold (USD),1756.7
2020-04-14,GOLD-CHF,Gold (CHF),1687.75
2020-04-15,GOLD-USD,Gold (USD),1727.2
2020-04-15,GOLD-CHF,Gold (CHF),1667.53
2020-04-16,GOLD-USD,Gold (USD),1720.4
2020-04-16,GOLD-CHF,Gold (CHF),1666.98
2020-04-17,GOLD-USD,Gold (USD),1689.2
2020-04-17,GOLD-CHF,Gold (CHF),1631.68
2020-04-20,GOLD-USD,Gold (USD),1701.6
2020-04-20,GOLD-CHF,Gold (CHF),1644.26
2020-04-21,GOLD-USD,Gold (USD),1678.2
2020-04-21,GOLD-CHF,Gold (CHF),1625.5
2020-04-22,GOLD-USD,Gold (USD),1728.7
2020-04-22,GOLD-CHF,Gold (CHF),1679.17
2020-04-23,GOLD-USD,Gold (USD),1733.3
2020-04-23,GOLD-CHF,Gold (CHF),1685.03
2020-04-24,GOLD-USD,Gold (USD),1723.5
2020-04-24,GOLD-CHF,Gold (CHF),1678.34
2020-04-27,GOLD-USD,Gold (USD),1711.9
2020-04-27,GOLD-CHF,Gold (CHF),1670.39
2020-04-28,GOLD-USD,Gold (USD),1710.5
2020-04-28,GOLD-CHF,Gold (CHF),1667.82
2020-04-29,GOLD-USD,Gold (USD),1703.4
2020-04-29,GOLD-CHF,Gold (CHF),1658.35
2020-04-30,GOLD-USD,Gold (USD),1684.2
2020-04-30,GOLD-CHF,Gold (CHF),1625.51
2020-05-01,GOLD-USD,Gold (USD),1694.5
2020-05-01,GOLD-CHF,Gold (CHF),1625.87
2020-05-04,GOLD-USD,Gold (USD),1706.9
2020-05-04,GOLD-CHF,Gold (CHF),1646.48
2020-05-05,GOLD-USD,Gold (USD),1704.4
2020-05-05,GOLD-CHF,Gold (CHF),1657.36
2020-05-06,GOLD-USD,Gold (USD),1684.2
2020-05-06,GOLD-CHF,Gold (CHF),1642.1
2020-05-07,GOLD-USD,Gold (USD),1721.8
2020-05-07,GOLD-CHF,Gold (CHF),1683.49
2020-05-08,GOLD-USD,Gold (USD),1709.9
2020-05-08,GOLD-CHF,Gold (CHF),1655.78
2020-05-11,GOLD-USD,Gold (USD),1695.3
2020-05-11,GOLD-CHF,Gold (CHF),1647.24
2020-05-12,GOLD-USD,Gold (USD),1704.4
2020-05-12,GOLD-CHF,Gold (CHF),1648.15
2020-05-13,GOLD-USD,Gold (USD),1713.9
2020-05-13,GOLD-CHF,Gold (CHF),1663.51
2020-05-14,GOLD-USD,Gold (USD),1738.1
2020-05-14,GOLD-CHF,Gold (CHF),1688.74
2020-05-15,GOLD-USD,Gold (USD),1753.4
2020-05-15,GOLD-CHF,Gold (CHF),1705.62
2020-05-18,GOLD-USD,Gold (USD),1731.8
2020-05-18,GOLD-CHF,Gold (CHF),1679.15
2020-05-19,GOLD-USD,Gold (USD),1744.2
2020-05-19,GOLD-CHF,Gold (CHF),1694.32
2020-05-20,GOLD-USD,Gold (USD),1750.6
2020-05-20,GOLD-CHF,Gold (CHF),1687.84
2020-05-21,GOLD-USD,Gold (USD),1720.5
2020-05-21,GOLD-CHF,Gold (CHF),1670.18
2020-05-22,GOLD-USD,Gold (USD),1734.6
2020-05-22,GOLD-CHF,Gold (CHF),1686.55
2020-05-26,GOLD-USD,Gold (USD),1704.8
2020-05-26,GOLD-CHF,Gold (CHF),1649.73
2020-05-27,GOLD-USD,Gold (USD),1710.3
2020-05-27,GOLD-CHF,Gold (CHF),1658.91
2020-05-28,GOLD-USD,Gold (USD),1713.3
2020-05-28,GOLD-CHF,Gold (CHF),1654.45
2020-05-29,GOLD-USD,Gold (USD),1736.9
2020-05-29,GOLD-CHF,Gold (CHF),1668.64
2020-06-01,GOLD-USD,Gold (USD),1737.8
2020-06-01,GOLD-CHF,Gold (CHF),1669.07
2020-06-02,GOLD-USD,Gold (USD),1725.2
2020-06-02,GOLD-CHF,Gold (CHF),1657.23
2020-06-03,GOLD-USD,Gold (USD),1697.8
2020-06-03,GOLD-CHF,Gold (CHF),1633.37
2020-06-04,GOLD-USD,Gold (USD),1718.9
2020-06-04,GOLD-CHF,Gold (CHF),1644.99
2020-06-05,GOLD-USD,Gold (USD),1676.2
2020-06-05,GOLD-CHF,Gold (CHF),1613.26
2020-06-08,GOLD-USD,Gold (USD),1698.3
2020-06-08,GOLD-CHF,Gold (CHF),1623.57
2020-06-09,GOLD-USD,Gold (USD),1714.7
2020-06-09,GOLD-CHF,Gold (CHF),1627.42
2020-06-10,GOLD-USD,Gold (USD),1713.3
2020-06-10,GOLD-CHF,Gold (CHF),1620.01
2020-06-11,GOLD-USD,Gold (USD),1732.0
2020-06-11,GOLD-CHF,Gold (CHF),1626.61
2020-06-12,GOLD-USD,Gold (USD),1729.3
2020-06-12,GOLD-CHF,Gold (CHF),1645.0
2020-06-15,GOLD-USD,Gold (USD),1720.3
2020-06-15,GOLD-CHF,Gold (CHF),1634.11
2020-06-16,GOLD-USD,Gold (USD),1729.6
2020-06-16,GOLD-CHF,Gold (CHF),1645.28
2020-06-17,GOLD-USD,Gold (USD),1729.2
2020-06-17,GOLD-CHF,Gold (CHF),1647.06
2020-06-18,GOLD-USD,Gold (USD),1724.8
2020-06-18,GOLD-CHF,Gold (CHF),1640.03
2020-06-19,GOLD-USD,Gold (USD),1745.9
2020-06-19,GOLD-CHF,Gold (CHF),1661.66
2020-06-22,GOLD-USD,Gold (USD),1756.7
2020-06-22,GOLD-CHF,Gold (CHF),1665.88
2020-06-23,GOLD-USD,Gold (USD),1772.1
2020-06-23,GOLD-CHF,Gold (CHF),1670.74
2020-06-24,GOLD-USD,Gold (USD),1765.8
2020-06-24,GOLD-CHF,Gold (CHF),1672.65
2020-06-25,GOLD-USD,Gold (USD),1762.1
2020-06-25,GOLD-CHF,Gold (CHF),1672.06
2020-06-26,GOLD-USD,Gold (USD),1772.5
2020-06-26,GOLD-CHF,Gold (CHF),1682.81
2020-06-29,GOLD-USD,Gold (USD),1774.8
2020-06-29,GOLD-CHF,Gold (CHF),1685.97
2020-06-30,GOLD-USD,Gold (USD),1793.0
2020-06-30,GOLD-CHF,Gold (CHF),1698.96
2020-07-01,GOLD-USD,Gold (USD),1773.2
2020-07-01,GOLD-CHF,Gold (CHF),1675.67
2020-07-02,GOLD-USD,Gold (USD),1784.0
2020-07-02,GOLD-CHF,Gold (CHF),1687.4
2020-07-06,GOLD-USD,Gold (USD),1788.5
2020-07-06,GOLD-CHF,Gold (CHF),1680.74
2020-07-07,GOLD-USD,Gold (USD),1804.2
2020-07-07,GOLD-CHF,Gold (CHF),1698.83
2020-07-08,GOLD-USD,Gold (USD),1815.5
2020-07-08,GOLD-CHF,Gold (CHF),1703.21
2020-07-09,GOLD-USD,Gold (USD),1799.2
2020-07-09,GOLD-CHF,Gold (CHF),1691.16
2020-07-10,GOLD-USD,Gold (USD),1798.2
2020-07-10,GOLD-CHF,Gold (CHF),1689.05
2020-07-13,GOLD-USD,Gold (USD),1811.0
2020-07-13,GOLD-CHF,Gold (CHF),1704.6
2020-07-14,GOLD-USD,Gold (USD),1810.6
2020-07-14,GOLD-CHF,Gold (CHF),1700.15
2020-07-15,GOLD-USD,Gold (USD),1811.4
2020-07-15,GOLD-CHF,Gold (CHF),1709.6
2020-07-16,GOLD-USD,Gold (USD),1798.7
2020-07-16,GOLD-CHF,Gold (CHF),1697.07
2020-07-17,GOLD-USD,Gold (USD),1808.3
2020-07-17,GOLD-CHF,Gold (CHF),1699.53
2020-07-20,GOLD-USD,Gold (USD),1815.9
2020-07-20,GOLD-CHF,Gold (CHF),1706.04
2020-07-21,GOLD-USD,Gold (USD),1842.4
2020-07-21,GOLD-CHF,Gold (CHF),1724.39
2020-07-22,GOLD-USD,Gold (USD),1864.1
2020-07-22,GOLD-CHF,Gold (CHF),1731.94
2020-07-23,GOLD-USD,Gold (USD),1889.1
2020-07-23,GOLD-CHF,Gold (CHF),1748.74
2020-07-24,GOLD-USD,Gold (USD),1897.3
2020-07-24,GOLD-CHF,Gold (CHF),1751.3
2020-07-27,GOLD-USD,Gold (USD),1931.0
2020-07-27,GOLD-CHF,Gold (CHF),1774.69
2020-07-28,GOLD-USD,Gold (USD),1944.7
2020-07-28,GOLD-CHF,Gold (CHF),1783.87
2020-07-29,GOLD-USD,Gold (USD),1953.5
2020-07-29,GOLD-CHF,Gold (CHF),1786.48
2020-07-30,GOLD-USD,Gold (USD),1942.3
2020-07-30,GOLD-CHF,Gold (CHF),1771.09
2020-07-31,GOLD-USD,Gold (USD),1962.8
2020-07-31,GOLD-CHF,Gold (CHF),1785.56
2020-08-03,GOLD-USD,Gold (USD),1966.0
2020-08-03,GOLD-CHF,Gold (CHF),1811.28
2020-08-04,GOLD-USD,Gold (USD),2001.2
2020-08-04,GOLD-CHF,Gold (CHF),1833.0
2020-08-05,GOLD-USD,Gold (USD),2031.1
2020-08-05,GOLD-CHF,Gold (CHF),1841.29
2020-08-06,GOLD-USD,Gold (USD),2051.5
2020-08-06,GOLD-CHF,Gold (CHF),1868.71
2020-08-07,GOLD-USD,Gold (USD),2010.1
2020-08-07,GOLD-CHF,Gold (CHF),1834.62
2020-08-10,GOLD-USD,Gold (USD),2024.4
2020-08-10,GOLD-CHF,Gold (CHF),1851.31
2020-08-11,GOLD-USD,Gold (USD),1932.6
2020-08-11,GOLD-CHF,Gold (CHF),1770.55
2020-08-12,GOLD-USD,Gold (USD),1934.9
2020-08-12,GOLD-CHF,Gold (CHF),1761.63
2020-08-13,GOLD-USD,Gold (USD),1956.7
2020-08-13,GOLD-CHF,Gold (CHF),1780.4
2020-08-14,GOLD-USD,Gold (USD),1937.0
2020-08-14,GOLD-CHF,Gold (CHF),1761.9
2020-08-17,GOLD-USD,Gold (USD),1985.0
2020-08-17,GOLD-CHF,Gold (CHF),1799.7
2020-08-18,GOLD-USD,Gold (USD),1999.4
2020-08-18,GOLD-CHF,Gold (CHF),1806.96
2020-08-19,GOLD-USD,Gold (USD),1958.7
2020-08-19,GOLD-CHF,Gold (CHF),1782.51
2020-08-20,GOLD-USD,Gold (USD),1933.8
2020-08-20,GOLD-CHF,Gold (CHF),1759.18
2020-08-21,GOLD-USD,Gold (USD),1934.6
2020-08-21,GOLD-CHF,Gold (CHF),1765.42
2020-08-24,GOLD-USD,Gold (USD),1927.7
2020-08-24,GOLD-CHF,Gold (CHF),1755.27
2020-08-25,GOLD-USD,Gold (USD),1911.8
2020-08-25,GOLD-CHF,Gold (CHF),1738.69
2020-08-26,GOLD-USD,Gold (USD),1940.7
2020-08-26,GOLD-CHF,Gold (CHF),1763.13
2020-08-27,GOLD-USD,Gold (USD),1921.6
2020-08-27,GOLD-CHF,Gold (CHF),1748.08
2020-08-28,GOLD-USD,Gold (USD),1964.6
2020-08-28,GOLD-CHF,Gold (CHF),1776.19
2020-08-31,GOLD-USD,Gold (USD),1967.6
2020-08-31,GOLD-CHF,Gold (CHF),1771.73
2020-09-01,GOLD-USD,Gold (USD),1968.2
2020-09-01,GOLD-CHF,Gold (CHF),1785.85
2020-09-02,GOLD-USD,Gold (USD),1934.4
2020-09-02,GOLD-CHF,Gold (CHF),1761.56
2020-09-03,GOLD-USD,Gold (USD),1927.6
2020-09-03,GOLD-CHF,Gold (CHF),1752.86
2020-09-04,GOLD-USD,Gold (USD),1923.9
2020-09-04,GOLD-CHF,Gold (CHF),1761.04
2020-09-08,GOLD-USD,Gold (USD),1933.0
2020-09-08,GOLD-CHF,Gold (CHF),1772.66
2020-09-09,GOLD-USD,Gold (USD),1944.7
2020-09-09,GOLD-CHF,Gold (CHF),1776.68
2020-09-10,GOLD-USD,Gold (USD),1954.2
2020-09-10,GOLD-CHF,Gold (CHF),1773.73
2020-09-11,GOLD-USD,Gold (USD),1937.8
2020-09-11,GOLD-CHF,Gold (CHF),1762.14
2020-09-14,GOLD-USD,Gold (USD),1953.1
2020-09-14,GOLD-CHF,Gold (CHF),1770.58
2020-09-15,GOLD-USD,Gold (USD),1956.3
2020-09-15,GOLD-CHF,Gold (CHF),1776.22
2020-09-16,GOLD-USD,Gold (USD),1960.2
2020-09-16,GOLD-CHF,Gold (CHF),1779.96
2020-09-17,GOLD-USD,Gold (USD),1940.0
2020-09-17,GOLD-CHF,Gold (CHF),1765.89
2020-09-18,GOLD-USD,Gold (USD),1952.1
2020-09-18,GOLD-CHF,Gold (CHF),1775.83
2020-09-21,GOLD-USD,Gold (USD),1901.2
2020-09-21,GOLD-CHF,Gold (CHF),1741.31
2020-09-22,GOLD-USD,Gold (USD),1898.6
2020-09-22,GOLD-CHF,Gold (CHF),1745.67
2020-09-23,GOLD-USD,Gold (USD),1859.9
2020-09-23,GOLD-CHF,Gold (CHF),1717.8
2020-09-24,GOLD-USD,Gold (USD),1868.3
2020-09-24,GOLD-CHF,Gold (CHF),1733.32
2020-09-25,GOLD-USD,Gold (USD),1857.7
2020-09-25,GOLD-CHF,Gold (CHF),1725.8
2020-09-28,GOLD-USD,Gold (USD),1872.8
2020-09-28,GOLD-CHF,Gold (CHF),1736.83
2020-09-29,GOLD-USD,Gold (USD),1894.3
2020-09-29,GOLD-CHF,Gold (CHF),1745.88
2020-09-30,GOLD-USD,Gold (USD),1887.5
2020-09-30,GOLD-CHF,Gold (CHF),1734.14
2020-10-01,GOLD-USD,Gold (USD),1908.4
2020-10-01,GOLD-CHF,Gold (CHF),1754.87
2020-10-02,GOLD-USD,Gold (USD),1900.2
2020-10-02,GOLD-CHF,Gold (CHF),1748.09
2020-10-05,GOLD-USD,Gold (USD),1912.5
2020-10-05,GOLD-CHF,Gold (CHF),1749.75
2020-10-06,GOLD-USD,Gold (USD),1901.1
2020-10-06,GOLD-CHF,Gold (CHF),1737.8
2020-10-07,GOLD-USD,Gold (USD),1883.6
2020-10-07,GOLD-CHF,Gold (CHF),1727.36
2020-10-08,GOLD-USD,Gold (USD),1888.6
2020-10-08,GOLD-CHF,Gold (CHF),1733.26
2020-10-09,GOLD-USD,Gold (USD),1919.5
2020-10-09,GOLD-CHF,Gold (CHF),1750.01
2020-10-12,GOLD-USD,Gold (USD),1922.5
2020-10-12,GOLD-CHF,Gold (CHF),1747.26
2020-10-13,GOLD-USD,Gold (USD),1888.5
2020-10-13,GOLD-CHF,Gold (CHF),1725.71
2020-10-14,GOLD-USD,Gold (USD),1901.3
2020-10-14,GOLD-CHF,Gold (CHF),1734.27
2020-10-15,GOLD-USD,Gold (USD),1903.2
2020-10-15,GOLD-CHF,Gold (CHF),1739.05
2020-10-16,GOLD-USD,Gold (USD),1900.8
2020-10-16,GOLD-CHF,Gold (CHF),1738.38
2020-10-19,GOLD-USD,Gold (USD),1906.4
2020-10-19,GOLD-CHF,Gold (CHF),1733.87
2020-10-20,GOLD-USD,Gold (USD),1910.4
2020-10-20,GOLD-CHF,Gold (CHF),1732.26
2020-10-21,GOLD-USD,Gold (USD),1924.6
2020-10-21,GOLD-CHF,Gold (CHF),1738.88
2020-10-22,GOLD-USD,Gold (USD),1901.1
2020-10-22,GOLD-CHF,Gold (CHF),1724.3
2020-10-23,GOLD-USD,Gold (USD),1902.0
2020-10-23,GOLD-CHF,Gold (CHF),1723.88
2020-10-26,GOLD-USD,Gold (USD),1902.7
2020-10-26,GOLD-CHF,Gold (CHF),1726.32
2020-10-27,GOLD-USD,Gold (USD),1908.8
2020-10-27,GOLD-CHF,Gold (CHF),1730.61
2020-10-28,GOLD-USD,Gold (USD),1876.2
2020-10-28,GOLD-CHF,Gold (CHF),1706.78
2020-10-29,GOLD-USD,Gold (USD),1865.6
2020-10-29,GOLD-CHF,Gold (CHF),1710.66
2020-10-30,GOLD-USD,Gold (USD),1877.4
2020-10-30,GOLD-CHF,Gold (CHF),1720.73
2020-11-02,GOLD-USD,Gold (USD),1890.4
2020-11-02,GOLD-CHF,Gold (CHF),1738.13
2020-11-03,GOLD-USD,Gold (USD),1908.5
2020-11-03,GOLD-CHF,Gold (CHF),1741.22
2020-11-04,GOLD-USD,Gold (USD),1894.6
2020-11-04,GOLD-CHF,Gold (CHF),1727.78
2020-11-05,GOLD-USD,Gold (USD),1945.3
2020-11-05,GOLD-CHF,Gold (CHF),1762.83
2020-11-06,GOLD-USD,Gold (USD),1950.3
2020-11-06,GOLD-CHF,Gold (CHF),1754.0
2020-11-09,GOLD-USD,Gold (USD),1853.2
2020-11-09,GOLD-CHF,Gold (CHF),1688.91
2020-11-10,GOLD-USD,Gold (USD),1875.4
2020-11-10,GOLD-CHF,Gold (CHF),1712.52
2020-11-11,GOLD-USD,Gold (USD),1860.7
2020-11-11,GOLD-CHF,Gold (CHF),1708.59
2020-11-12,GOLD-USD,Gold (USD),1872.6
2020-11-12,GOLD-CHF,Gold (CHF),1711.46
2020-11-13,GOLD-USD,Gold (USD),1885.7
2020-11-13,GOLD-CHF,Gold (CHF),1723.06
2020-11-16,GOLD-USD,Gold (USD),1887.3
2020-11-16,GOLD-CHF,Gold (CHF),1722.07
2020-11-17,GOLD-USD,Gold (USD),1884.5
2020-11-17,GOLD-CHF,Gold (CHF),1716.03
2020-11-18,GOLD-USD,Gold (USD),1873.5
2020-11-18,GOLD-CHF,Gold (CHF),1703.76
2020-11-19,GOLD-USD,Gold (USD),1861.1
2020-11-19,GOLD-CHF,Gold (CHF),1697.51
2020-11-20,GOLD-USD,Gold (USD),1872.6
2020-11-20,GOLD-CHF,Gold (CHF),1706.87
2020-11-23,GOLD-USD,Gold (USD),1837.8
2020-11-23,GOLD-CHF,Gold (CHF),1679.01
2020-11-24,GOLD-USD,Gold (USD),1804.8
2020-11-24,GOLD-CHF,Gold (CHF),1645.89
2020-11-25,GOLD-USD,Gold (USD),1805.7
2020-11-25,GOLD-CHF,Gold (CHF),1642.65
2020-11-27,GOLD-USD,Gold (USD),1781.9
2020-11-27,GOLD-CHF,Gold (CHF),1612.26
2020-11-30,GOLD-USD,Gold (USD),1775.7
2020-11-30,GOLD-CHF,Gold (CHF),1607.54
2020-12-01,GOLD-USD,Gold (USD),1814.1
2020-12-01,GOLD-CHF,Gold (CHF),1634.59
2020-12-02,GOLD-USD,Gold (USD),1825.7
2020-12-02,GOLD-CHF,Gold (CHF),1636.74
2020-12-03,GOLD-USD,Gold (USD),1836.8
2020-12-03,GOLD-CHF,Gold (CHF),1635.67
2020-12-04,GOLD-USD,Gold (USD),1835.9
2020-12-04,GOLD-CHF,Gold (CHF),1635.79
2020-12-07,GOLD-USD,Gold (USD),1861.8
2020-12-07,GOLD-CHF,Gold (CHF),1654.95
2020-12-08,GOLD-USD,Gold (USD),1870.8
2020-12-08,GOLD-CHF,Gold (CHF),1662.67
2020-12-09,GOLD-USD,Gold (USD),1834.6
2020-12-09,GOLD-CHF,Gold (CHF),1632.7
2020-12-10,GOLD-USD,Gold (USD),1833.6
2020-12-10,GOLD-CHF,Gold (CHF),1626.68
2020-12-11,GOLD-USD,Gold (USD),1839.8
2020-12-11,GOLD-CHF,Gold (CHF),1638.89
2020-12-14,GOLD-USD,Gold (USD),1828.7
2020-12-14,GOLD-CHF,Gold (CHF),1625.07
2020-12-15,GOLD-USD,Gold (USD),1852.3
2020-12-15,GOLD-CHF,Gold (CHF),1641.79
2020-12-16,GOLD-USD,Gold (USD),1856.1
2020-12-16,GOLD-CHF,Gold (CHF),1642.83
2020-12-17,GOLD-USD,Gold (USD),1887.2
2020-12-17,GOLD-CHF,Gold (CHF),1669.13
2020-12-18,GOLD-USD,Gold (USD),1885.7
2020-12-18,GOLD-CHF,Gold (CHF),1669.6
2020-12-21,GOLD-USD,Gold (USD),1879.2
2020-12-21,GOLD-CHF,Gold (CHF),1667.79
2020-12-22,GOLD-USD,Gold (USD),1866.6
2020-12-22,GOLD-CHF,Gold (CHF),1659.97
2020-12-23,GOLD-USD,Gold (USD),1874.7
2020-12-23,GOLD-CHF,Gold (CHF),1667.45
2020-12-24,GOLD-USD,Gold (USD),1879.9
2020-12-24,GOLD-CHF,Gold (CHF),1675.08
2020-12-28,GOLD-USD,Gold (USD),1877.2
2020-12-28,GOLD-CHF,Gold (CHF),1669.49
2020-12-29,GOLD-USD,Gold (USD),1879.7
2020-12-29,GOLD-CHF,Gold (CHF),1663.53
2020-12-30,GOLD-USD,Gold (USD),1891.0
2020-12-30,GOLD-CHF,Gold (CHF),1669.56
2020-12-31,GOLD-USD,Gold (USD),1893.1
2020-12-31,GOLD-CHF,Gold (CHF),1673.41
2021-01-04,GOLD-USD,Gold (USD),1944.7
2021-01-04,GOLD-CHF,Gold (CHF),1710.56
2021-01-05,GOLD-USD,Gold (USD),1952.7
2021-01-05,GOLD-CHF,Gold (CHF),1717.11
2021-01-06,GOLD-USD,Gold (USD),1906.9
2021-01-06,GOLD-CHF,Gold (CHF),1680.84
2021-01-07,GOLD-USD,Gold (USD),1912.3
2021-01-07,GOLD-CHF,Gold (CHF),1692.86
2021-01-08,GOLD-USD,Gold (USD),1834.1
2021-01-08,GOLD-CHF,Gold (CHF),1619.88
2021-01-11,GOLD-USD,Gold (USD),1849.6
2021-01-11,GOLD-CHF,Gold (CHF),1649.01
2021-01-12,GOLD-USD,Gold (USD),1842.9
2021-01-12,GOLD-CHF,Gold (CHF),1639.17
2021-01-13,GOLD-USD,Gold (USD),1853.6
2021-01-13,GOLD-CHF,Gold (CHF),1645.53
2021-01-14,GOLD-USD,Gold (USD),1850.3
2021-01-14,GOLD-CHF,Gold (CHF),1644.82
2021-01-15,GOLD-USD,Gold (USD),1829.3
2021-01-15,GOLD-CHF,Gold (CHF),1628.44
2021-01-19,GOLD-USD,Gold (USD),1839.5
2021-01-19,GOLD-CHF,Gold (CHF),1634.3
2021-01-20,GOLD-USD,Gold (USD),1865.9
2021-01-20,GOLD-CHF,Gold (CHF),1661.96
2021-01-21,GOLD-USD,Gold (USD),1865.3
2021-01-21,GOLD-CHF,Gold (CHF),1653.12
2021-01-22,GOLD-USD,Gold (USD),1855.7
2021-01-22,GOLD-CHF,Gold (CHF),1642.94
2021-01-25,GOLD-USD,Gold (USD),1854.9
2021-01-25,GOLD-CHF,Gold (CHF),1648.45
2021-01-26,GOLD-USD,Gold (USD),1850.7
2021-01-26,GOLD-CHF,Gold (CHF),1642.4
2021-01-27,GOLD-USD,Gold (USD),1844.9
2021-01-27,GOLD-CHF,Gold (CHF),1641.04
2021-01-28,GOLD-USD,Gold (USD),1837.9
2021-01-28,GOLD-CHF,Gold (CHF),1632.97
2021-01-29,GOLD-USD,Gold (USD),1847.3
2021-01-29,GOLD-CHF,Gold (CHF),1643.36
2021-02-01,GOLD-USD,Gold (USD),1860.8
2021-02-01,GOLD-CHF,Gold (CHF),1666.81
2021-02-02,GOLD-USD,Gold (USD),1830.5
2021-02-02,GOLD-CHF,Gold (CHF),1645.25
2021-02-03,GOLD-USD,Gold (USD),1832.2
2021-02-03,GOLD-CHF,Gold (CHF),1648.16
2021-02-04,GOLD-USD,Gold (USD),1788.9
2021-02-04,GOLD-CHF,Gold (CHF),1615.82
2021-02-05,GOLD-USD,Gold (USD),1810.9
2021-02-05,GOLD-CHF,Gold (CHF),1630.72
2021-02-08,GOLD-USD,Gold (USD),1831.9
2021-02-08,GOLD-CHF,Gold (CHF),1646.88
2021-02-09,GOLD-USD,Gold (USD),1835.3
2021-02-09,GOLD-CHF,Gold (CHF),1639.38
2021-02-10,GOLD-USD,Gold (USD),1840.6
2021-02-10,GOLD-CHF,Gold (CHF),1638.87
2021-02-11,GOLD-USD,Gold (USD),1824.9
2021-02-11,GOLD-CHF,Gold (CHF),1624.71
2021-02-12,GOLD-USD,Gold (USD),1821.6
2021-02-12,GOLD-CHF,Gold (CHF),1624.23
2021-02-16,GOLD-USD,Gold (USD),1797.2
2021-02-16,GOLD-CHF,Gold (CHF),1601.84
2021-02-17,GOLD-USD,Gold (USD),1771.1
2021-02-17,GOLD-CHF,Gold (CHF),1591.42
2021-02-18,GOLD-USD,Gold (USD),1773.4
2021-02-18,GOLD-CHF,Gold (CHF),1591.27
2021-02-19,GOLD-USD,Gold (USD),1775.8
2021-02-19,GOLD-CHF,Gold (CHF),1589.7
2021-02-22,GOLD-USD,Gold (USD),1806.7
2021-02-22,GOLD-CHF,Gold (CHF),1620.52
2021-02-23,GOLD-USD,Gold (USD),1804.4
2021-02-23,GOLD-CHF,Gold (CHF),1624.59
2021-02-24,GOLD-USD,Gold (USD),1796.4
2021-02-24,GOLD-CHF,Gold (CHF),1633.11
2021-02-25,GOLD-USD,Gold (USD),1774.4
2021-02-25,GOLD-CHF,Gold (CHF),1602.82
2021-02-26,GOLD-USD,Gold (USD),1728.1
2021-02-26,GOLD-CHF,Gold (CHF),1564.45
2021-03-01,GOLD-USD,Gold (USD),1722.5
2021-03-01,GOLD-CHF,Gold (CHF),1573.76
2021-03-02,GOLD-USD,Gold (USD),1733.1
2021-03-02,GOLD-CHF,Gold (CHF),1585.87
2021-03-03,GOLD-USD,Gold (USD),1715.3
2021-03-03,GOLD-CHF,Gold (CHF),1573.53
2021-03-04,GOLD-USD,Gold (USD),1700.2
2021-03-04,GOLD-CHF,Gold (CHF),1572.94
2021-03-05,GOLD-USD,Gold (USD),1698.0
2021-03-05,GOLD-CHF,Gold (CHF),1581.43
2021-03-08,GOLD-USD,Gold (USD),1677.7
2021-03-08,GOLD-CHF,Gold (CHF),1569.82
2021-03-09,GOLD-USD,Gold (USD),1716.6
2021-03-09,GOLD-CHF,Gold (CHF),1597.21
2021-03-10,GOLD-USD,Gold (USD),1721.5
2021-03-10,GOLD-CHF,Gold (CHF),1603.32
2021-03-11,GOLD-USD,Gold (USD),1722.3
2021-03-11,GOLD-CHF,Gold (CHF),1594.07
2021-03-12,GOLD-USD,Gold (USD),1719.5
2021-03-12,GOLD-CHF,Gold (CHF),1597.59
2021-03-15,GOLD-USD,Gold (USD),1728.9
2021-03-15,GOLD-CHF,Gold (CHF),1605.02
2021-03-16,GOLD-USD,Gold (USD),1730.6
2021-03-16,GOLD-CHF,Gold (CHF),1602.62
2021-03-17,GOLD-USD,Gold (USD),1726.8
2021-03-17,GOLD-CHF,Gold (CHF),1601.87
2021-03-18,GOLD-USD,Gold (USD),1732.2
2021-03-18,GOLD-CHF,Gold (CHF),1607.91
2021-03-19,GOLD-USD,Gold (USD),1741.4
2021-03-19,GOLD-CHF,Gold (CHF),1619.59
2021-03-22,GOLD-USD,Gold (USD),1737.8
2021-03-22,GOLD-CHF,Gold (CHF),1604.6
2021-03-23,GOLD-USD,Gold (USD),1724.7
2021-03-23,GOLD-CHF,Gold (CHF),1609.06
2021-03-24,GOLD-USD,Gold (USD),1732.9
2021-03-24,GOLD-CHF,Gold (CHF),1620.87
2021-03-25,GOLD-USD,Gold (USD),1724.9
2021-03-25,GOLD-CHF,Gold (CHF),1620.28
2021-03-26,GOLD-USD,Gold (USD),1732.2
2021-03-26,GOLD-CHF,Gold (CHF),1628.09
2021-03-29,GOLD-USD,Gold (USD),1712.1
2021-03-29,GOLD-CHF,Gold (CHF),1607.41
2021-03-30,GOLD-USD,Gold (USD),1683.9
2021-03-30,GOLD-CHF,Gold (CHF),1588.17
2021-03-31,GOLD-USD,Gold (USD),1713.8
2021-03-31,GOLD-CHF,Gold (CHF),1612.94
2021-04-01,GOLD-USD,Gold (USD),1726.5
2021-04-01,GOLD-CHF,Gold (CHF),1628.52
2021-04-05,GOLD-USD,Gold (USD),1727.0
2021-04-05,GOLD-CHF,Gold (CHF),1618.11
2021-04-06,GOLD-USD,Gold (USD),1741.5
2021-04-06,GOLD-CHF,Gold (CHF),1625.08
2021-04-07,GOLD-USD,Gold (USD),1740.1
2021-04-07,GOLD-CHF,Gold (CHF),1614.46
2021-04-08,GOLD-USD,Gold (USD),1756.8
2021-04-08,GOLD-CHF,Gold (CHF),1625.83
2021-04-09,GOLD-USD,Gold (USD),1743.3
2021-04-09,GOLD-CHF,Gold (CHF),1612.99
2021-04-12,GOLD-USD,Gold (USD),1731.2
2021-04-12,GOLD-CHF,Gold (CHF),1596.51
2021-04-13,GOLD-USD,Gold (USD),1746.2
2021-04-13,GOLD-CHF,Gold (CHF),1610.96
2021-04-14,GOLD-USD,Gold (USD),1734.9
2021-04-14,GOLD-CHF,Gold (CHF),1601.57
2021-04-15,GOLD-USD,Gold (USD),1765.4
2021-04-15,GOLD-CHF,Gold (CHF),1627.79
2021-04-16,GOLD-USD,Gold (USD),1779.0
2021-04-16,GOLD-CHF,Gold (CHF),1634.81
2021-04-19,GOLD-USD,Gold (USD),1769.4
2021-04-19,GOLD-CHF,Gold (CHF),1619.8
2021-04-20,GOLD-USD,Gold (USD),1777.3
2021-04-20,GOLD-CHF,Gold (CHF),1624.45
2021-04-21,GOLD-USD,Gold (USD),1792.3
2021-04-21,GOLD-CHF,Gold (CHF),1644.52
2021-04-22,GOLD-USD,Gold (USD),1781.2
2021-04-22,GOLD-CHF,Gold (CHF),1633.63
2021-04-23,GOLD-USD,Gold (USD),1777.0
2021-04-23,GOLD-CHF,Gold (CHF),1629.33
2021-04-26,GOLD-USD,Gold (USD),1779.2
2021-04-26,GOLD-CHF,Gold (CHF),1626.28
2021-04-27,GOLD-USD,Gold (USD),1778.0
2021-04-27,GOLD-CHF,Gold (CHF),1622.87
2021-04-28,GOLD-USD,Gold (USD),1773.2
2021-04-28,GOLD-CHF,Gold (CHF),1619.2
2021-04-29,GOLD-USD,Gold (USD),1768.1
2021-04-29,GOLD-CHF,Gold (CHF),1610.83
2021-04-30,GOLD-USD,Gold (USD),1767.3
2021-04-30,GOLD-CHF,Gold (CHF),1611.87
2021-05-03,GOLD-USD,Gold (USD),1791.4
2021-05-03,GOLD-CHF,Gold (CHF),1630.44
2021-05-04,GOLD-USD,Gold (USD),1775.8
2021-05-04,GOLD-CHF,Gold (CHF),1618.91
2021-05-05,GOLD-USD,Gold (USD),1784.1
2021-05-05,GOLD-CHF,Gold (CHF),1629.33
2021-05-06,GOLD-USD,Gold (USD),1815.5
2021-05-06,GOLD-CHF,Gold (CHF),1649.65
2021-05-07,GOLD-USD,Gold (USD),1831.1
2021-05-07,GOLD-CHF,Gold (CHF),1653.03
2021-05-10,GOLD-USD,Gold (USD),1837.5
2021-05-10,GOLD-CHF,Gold (CHF),1652.92
2021-05-11,GOLD-USD,Gold (USD),1835.9
2021-05-11,GOLD-CHF,Gold (CHF),1656.35
2021-05-12,GOLD-USD,Gold (USD),1822.6
2021-05-12,GOLD-CHF,Gold (CHF),1656.47
2021-05-13,GOLD-USD,Gold (USD),1823.8
2021-05-13,GOLD-CHF,Gold (CHF),1653.18
2021-05-14,GOLD-USD,Gold (USD),1837.9
2021-05-14,GOLD-CHF,Gold (CHF),1659.35
2021-05-17,GOLD-USD,Gold (USD),1867.5
2021-05-17,GOLD-CHF,Gold (CHF),1683.27
2021-05-18,GOLD-USD,Gold (USD),1867.8
2021-05-18,GOLD-CHF,Gold (CHF),1675.88
2021-05-19,GOLD-USD,Gold (USD),1881.3
2021-05-19,GOLD-CHF,Gold (CHF),1694.39
2021-05-20,GOLD-USD,Gold (USD),1881.8
2021-05-20,GOLD-CHF,Gold (CHF),1693.53
2021-05-21,GOLD-USD,Gold (USD),1876.7
2021-05-21,GOLD-CHF,Gold (CHF),1685.75
2021-05-24,GOLD-USD,Gold (USD),1884.6
2021-05-24,GOLD-CHF,Gold (CHF),1689.26
2021-05-25,GOLD-USD,Gold (USD),1898.1
2021-05-25,GOLD-CHF,Gold (CHF),1701.55
2021-05-26,GOLD-USD,Gold (USD),1901.3
2021-05-26,GOLD-CHF,Gold (CHF),1704.04
2021-05-27,GOLD-USD,Gold (USD),1895.7
2021-05-27,GOLD-CHF,Gold (CHF),1701.96
2021-05-28,GOLD-USD,Gold (USD),1902.5
2021-05-28,GOLD-CHF,Gold (CHF),1712.35
2021-06-01,GOLD-USD,Gold (USD),1902.9
2021-06-01,GOLD-CHF,Gold (CHF),1703.76
2021-06-02,GOLD-USD,Gold (USD),1907.5
2021-06-02,GOLD-CHF,Gold (CHF),1713.98
2021-06-03,GOLD-USD,Gold (USD),1871.2
2021-06-03,GOLD-CHF,Gold (CHF),1692.41
2021-06-04,GOLD-USD,Gold (USD),1889.8
2021-06-04,GOLD-CHF,Gold (CHF),1699.78
2021-06-07,GOLD-USD,Gold (USD),1896.8
2021-06-07,GOLD-CHF,Gold (CHF),1703.42
2021-06-08,GOLD-USD,Gold (USD),1892.2
2021-06-08,GOLD-CHF,Gold (CHF),1695.51
2021-06-09,GOLD-USD,Gold (USD),1893.2
2021-06-09,GOLD-CHF,Gold (CHF),1696.02
2021-06-10,GOLD-USD,Gold (USD),1894.2
2021-06-10,GOLD-CHF,Gold (CHF),1697.11
2021-06-11,GOLD-USD,Gold (USD),1877.4
2021-06-11,GOLD-CHF,Gold (CHF),1687.31
2021-06-14,GOLD-USD,Gold (USD),1864.0
2021-06-14,GOLD-CHF,Gold (CHF),1675.92
2021-06-15,GOLD-USD,Gold (USD),1854.5
2021-06-15,GOLD-CHF,Gold (CHF),1666.18
2021-06-16,GOLD-USD,Gold (USD),1859.5
2021-06-16,GOLD-CHF,Gold (CHF),1671.6
2021-06-17,GOLD-USD,Gold (USD),1773.8
2021-06-17,GOLD-CHF,Gold (CHF),1623.38
2021-06-18,GOLD-USD,Gold (USD),1767.9
2021-06-18,GOLD-CHF,Gold (CHF),1631.51
2021-06-21,GOLD-USD,Gold (USD),1781.8
2021-06-21,GOLD-CHF,Gold (CHF),1636.49
2021-06-22,GOLD-USD,Gold (USD),1776.3
2021-06-22,GOLD-CHF,Gold (CHF),1635.17
2021-06-23,GOLD-USD,Gold (USD),1782.3
2021-06-23,GOLD-CHF,Gold (CHF),1634.19
2021-06-24,GOLD-USD,Gold (USD),1775.6
2021-06-24,GOLD-CHF,Gold (CHF),1631.78
2021-06-25,GOLD-USD,Gold (USD),1776.6
2021-06-25,GOLD-CHF,Gold (CHF),1627.81
2021-06-28,GOLD-USD,Gold (USD),1779.6
2021-06-28,GOLD-CHF,Gold (CHF),1635.9
2021-06-29,GOLD-USD,Gold (USD),1762.8
2021-06-29,GOLD-CHF,Gold (CHF),1623.1
2021-06-30,GOLD-USD,Gold (USD),1770.8
2021-06-30,GOLD-CHF,Gold (CHF),1636.84
2021-07-01,GOLD-USD,Gold (USD),1775.9
2021-07-01,GOLD-CHF,Gold (CHF),1641.73
2021-07-02,GOLD-USD,Gold (USD),1782.6
2021-07-02,GOLD-CHF,Gold (CHF),1646.23
2021-07-06,GOLD-USD,Gold (USD),1793.5
2021-07-06,GOLD-CHF,Gold (CHF),1656.66
2021-07-07,GOLD-USD,Gold (USD),1801.5
2021-07-07,GOLD-CHF,Gold (CHF),1667.02
2021-07-08,GOLD-USD,Gold (USD),1799.6
2021-07-08,GOLD-CHF,Gold (CHF),1644.56
2021-07-09,GOLD-USD,Gold (USD),1810.0
2021-07-09,GOLD-CHF,Gold (CHF),1655.88
2021-07-12,GOLD-USD,Gold (USD),1805.5
2021-07-12,GOLD-CHF,Gold (CHF),1651.58
2021-07-13,GOLD-USD,Gold (USD),1809.4
2021-07-13,GOLD-CHF,Gold (CHF),1657.5
2021-07-14,GOLD-USD,Gold (USD),1824.3
2021-07-14,GOLD-CHF,Gold (CHF),1671.15
2021-07-15,GOLD-USD,Gold (USD),1828.4
2021-07-15,GOLD-CHF,Gold (CHF),1678.29
2021-07-16,GOLD-USD,Gold (USD),1814.5
2021-07-16,GOLD-CHF,Gold (CHF),1668.07
2021-07-19,GOLD-USD,Gold (USD),1808.7
2021-07-19,GOLD-CHF,Gold (CHF),1660.57
2021-07-20,GOLD-USD,Gold (USD),1810.9
2021-07-20,GOLD-CHF,Gold (CHF),1671.01
2021-07-21,GOLD-USD,Gold (USD),1802.9
2021-07-21,GOLD-CHF,Gold (CHF),1656.77
2021-07-22,GOLD-USD,Gold (USD),1805.0
2021-07-22,GOLD-CHF,Gold (CHF),1657.62
2021-07-23,GOLD-USD,Gold (USD),1801.4
2021-07-23,GOLD-CHF,Gold (CHF),1658.73
2021-07-26,GOLD-USD,Gold (USD),1798.7
2021-07-26,GOLD-CHF,Gold (CHF),1648.06
2021-07-27,GOLD-USD,Gold (USD),1799.5
2021-07-27,GOLD-CHF,Gold (CHF),1645.19
2021-07-28,GOLD-USD,Gold (USD),1799.5
2021-07-28,GOLD-CHF,Gold (CHF),1645.1
2021-07-29,GOLD-USD,Gold (USD),1831.2
2021-07-29,GOLD-CHF,Gold (CHF),1659.07
2021-07-30,GOLD-USD,Gold (USD),1812.6
2021-07-30,GOLD-CHF,Gold (CHF),1642.76
2021-08-02,GOLD-USD,Gold (USD),1818.1
2021-08-02,GOLD-CHF,Gold (CHF),1643.84
2021-08-03,GOLD-USD,Gold (USD),1810.1
2021-08-03,GOLD-CHF,Gold (CHF),1636.6
2021-08-04,GOLD-USD,Gold (USD),1810.5
2021-08-04,GOLD-CHF,Gold (CHF),1641.31
2021-08-05,GOLD-USD,Gold (USD),1805.1
2021-08-05,GOLD-CHF,Gold (CHF),1636.86
2021-08-06,GOLD-USD,Gold (USD),1760.0
2021-08-06,GOLD-CHF,Gold (CHF),1609.96
2021-08-09,GOLD-USD,Gold (USD),1723.4
2021-08-09,GOLD-CHF,Gold (CHF),1584.75
2021-08-10,GOLD-USD,Gold (USD),1728.8
2021-08-10,GOLD-CHF,Gold (CHF),1594.9
2021-08-11,GOLD-USD,Gold (USD),1750.4
2021-08-11,GOLD-CHF,Gold (CHF),1612.91
2021-08-12,GOLD-USD,Gold (USD),1749.0
2021-08-12,GOLD-CHF,Gold (CHF),1615.29
2021-08-13,GOLD-USD,Gold (USD),1775.2
2021-08-13,GOLD-CHF,Gold (CHF),1626.35
2021-08-16,GOLD-USD,Gold (USD),1786.9
2021-08-16,GOLD-CHF,Gold (CHF),1628.13
2021-08-17,GOLD-USD,Gold (USD),1785.0
2021-08-17,GOLD-CHF,Gold (CHF),1632.47
2021-08-18,GOLD-USD,Gold (USD),1781.6
2021-08-18,GOLD-CHF,Gold (CHF),1635.06
2021-08-19,GOLD-USD,Gold (USD),1780.2
2021-08-19,GOLD-CHF,Gold (CHF),1634.31
2021-08-20,GOLD-USD,Gold (USD),1781.0
2021-08-20,GOLD-CHF,Gold (CHF),1634.96
2021-08-23,GOLD-USD,Gold (USD),1803.2
2021-08-23,GOLD-CHF,Gold (CHF),1646.59
2021-08-24,GOLD-USD,Gold (USD),1805.6
2021-08-24,GOLD-CHF,Gold (CHF),1646.44
2021-08-25,GOLD-USD,Gold (USD),1788.2
2021-08-25,GOLD-CHF,Gold (CHF),1635.4
2021-08-26,GOLD-USD,Gold (USD),1792.2
2021-08-26,GOLD-CHF,Gold (CHF),1645.6
2021-08-27,GOLD-USD,Gold (USD),1816.6
2021-08-27,GOLD-CHF,Gold (CHF),1659.37
2021-08-30,GOLD-USD,Gold (USD),1809.0
2021-08-30,GOLD-CHF,Gold (CHF),1657.13
2021-08-31,GOLD-USD,Gold (USD),1815.0
2021-08-31,GOLD-CHF,Gold (CHF),1662.63
2021-09-01,GOLD-USD,Gold (USD),1813.1
2021-09-01,GOLD-CHF,Gold (CHF),1657.81
2021-09-02,GOLD-USD,Gold (USD),1808.7
2021-09-02,GOLD-CHF,Gold (CHF),1653.69
2021-09-03,GOLD-USD,Gold (USD),1830.9
2021-09-03,GOLD-CHF,Gold (CHF),1672.44
2021-09-07,GOLD-USD,Gold (USD),1795.9
2021-09-07,GOLD-CHF,Gold (CHF),1649.62
2021-09-08,GOLD-USD,Gold (USD),1790.7
2021-09-08,GOLD-CHF,Gold (CHF),1651.65
2021-09-09,GOLD-USD,Gold (USD),1797.4
2021-09-09,GOLD-CHF,Gold (CHF),1651.0
2021-09-10,GOLD-USD,Gold (USD),1789.6
2021-09-10,GOLD-CHF,Gold (CHF),1641.33
2021-09-13,GOLD-USD,Gold (USD),1792.0
2021-09-13,GOLD-CHF,Gold (CHF),1650.34
2021-09-14,GOLD-USD,Gold (USD),1804.7
2021-09-14,GOLD-CHF,Gold (CHF),1659.33
2021-09-15,GOLD-USD,Gold (USD),1792.4
2021-09-15,GOLD-CHF,Gold (CHF),1647.48
2021-09-16,GOLD-USD,Gold (USD),1754.6
2021-09-16,GOLD-CHF,Gold (CHF),1623.62
2021-09-17,GOLD-USD,Gold (USD),1749.4
2021-09-17,GOLD-CHF,Gold (CHF),1629.13
2021-09-20,GOLD-USD,Gold (USD),1761.8
2021-09-20,GOLD-CHF,Gold (CHF),1635.13
2021-09-21,GOLD-USD,Gold (USD),1776.0
2021-09-21,GOLD-CHF,Gold (CHF),1638.98
2021-09-22,GOLD-USD,Gold (USD),1776.7
2021-09-22,GOLD-CHF,Gold (CHF),1639.63
2021-09-23,GOLD-USD,Gold (USD),1747.7
2021-09-23,GOLD-CHF,Gold (CHF),1611.99
2021-09-24,GOLD-USD,Gold (USD),1749.7
2021-09-24,GOLD-CHF,Gold (CHF),1618.21
2021-09-27,GOLD-USD,Gold (USD),1750.0
2021-09-27,GOLD-CHF,Gold (CHF),1620.41
2021-09-28,GOLD-USD,Gold (USD),1735.8
2021-09-28,GOLD-CHF,Gold (CHF),1612.04
2021-09-29,GOLD-USD,Gold (USD),1721.5
2021-09-29,GOLD-CHF,Gold (CHF),1606.76
2021-09-30,GOLD-USD,Gold (USD),1755.3
2021-09-30,GOLD-CHF,Gold (CHF),1637.43
2021-10-01,GOLD-USD,Gold (USD),1757.0
2021-10-01,GOLD-CHF,Gold (CHF),1633.75
2021-10-04,GOLD-USD,Gold (USD),1766.2
2021-10-04,GOLD-CHF,Gold (CHF),1631.53
2021-10-05,GOLD-USD,Gold (USD),1759.6
2021-10-05,GOLD-CHF,Gold (CHF),1633.88
2021-10-06,GOLD-USD,Gold (USD),1760.5
2021-10-06,GOLD-CHF,Gold (CHF),1633.48
2021-10-07,GOLD-USD,Gold (USD),1757.9
2021-10-07,GOLD-CHF,Gold (CHF),1630.01
2021-10-08,GOLD-USD,Gold (USD),1756.3
2021-10-08,GOLD-CHF,Gold (CHF),1627.48
2021-10-11,GOLD-USD,Gold (USD),1754.6
2021-10-11,GOLD-CHF,Gold (CHF),1625.81
2021-10-12,GOLD-USD,Gold (USD),1758.3
2021-10-12,GOLD-CHF,Gold (CHF),1633.64
2021-10-13,GOLD-USD,Gold (USD),1793.7
2021-10-13,GOLD-CHF,Gold (CHF),1661.41
2021-10-14,GOLD-USD,Gold (USD),1796.7
2021-10-14,GOLD-CHF,Gold (CHF),1659.34
2021-10-15,GOLD-USD,Gold (USD),1767.2
2021-10-15,GOLD-CHF,Gold (CHF),1631.04
2021-10-18,GOLD-USD,Gold (USD),1764.8
2021-10-18,GOLD-CHF,Gold (CHF),1630.41
2021-10-19,GOLD-USD,Gold (USD),1769.7
2021-10-19,GOLD-CHF,Gold (CHF),1630.42
2021-10-20,GOLD-USD,Gold (USD),1784.1
2021-10-20,GOLD-CHF,Gold (CHF),1640.93
2021-10-21,GOLD-USD,Gold (USD),1781.2
2021-10-21,GOLD-CHF,Gold (CHF),1634.34
2021-10-22,GOLD-USD,Gold (USD),1795.5
2021-10-22,GOLD-CHF,Gold (CHF),1644.59
2021-10-25,GOLD-USD,Gold (USD),1806.0
2021-10-25,GOLD-CHF,Gold (CHF),1660.71
2021-10-26,GOLD-USD,Gold (USD),1792.7
2021-10-26,GOLD-CHF,Gold (CHF),1649.73
2021-10-27,GOLD-USD,Gold (USD),1797.9
2021-10-27,GOLD-CHF,Gold (CHF),1649.66
2021-10-28,GOLD-USD,Gold (USD),1801.6
2021-10-28,GOLD-CHF,Gold (CHF),1646.03
2021-10-29,GOLD-USD,Gold (USD),1783.0
2021-10-29,GOLD-CHF,Gold (CHF),1629.22
2021-11-01,GOLD-USD,Gold (USD),1795.1
2021-11-01,GOLD-CHF,Gold (CHF),1634.53
2021-11-02,GOLD-USD,Gold (USD),1788.7
2021-11-02,GOLD-CHF,Gold (CHF),1636.03
2021-11-03,GOLD-USD,Gold (USD),1763.6
2021-11-03,GOLD-CHF,Gold (CHF),1608.58
2021-11-04,GOLD-USD,Gold (USD),1793.0
2021-11-04,GOLD-CHF,Gold (CHF),1636.74
2021-11-05,GOLD-USD,Gold (USD),1816.4
2021-11-05,GOLD-CHF,Gold (CHF),1658.83
2021-11-08,GOLD-USD,Gold (USD),1827.4
2021-11-08,GOLD-CHF,Gold (CHF),1669.06
2021-11-09,GOLD-USD,Gold (USD),1830.2
2021-11-09,GOLD-CHF,Gold (CHF),1671.06
2021-11-10,GOLD-USD,Gold (USD),1847.6
2021-11-10,GOLD-CHF,Gold (CHF),1692.86
2021-11-11,GOLD-USD,Gold (USD),1863.2
2021-11-11,GOLD-CHF,Gold (CHF),1714.7
2021-11-12,GOLD-USD,Gold (USD),1867.9
2021-11-12,GOLD-CHF,Gold (CHF),1721.55
2021-11-15,GOLD-USD,Gold (USD),1866.1
2021-11-15,GOLD-CHF,Gold (CHF),1720.82
2021-11-16,GOLD-USD,Gold (USD),1853.6
2021-11-16,GOLD-CHF,Gold (CHF),1721.07
2021-11-17,GOLD-USD,Gold (USD),1869.7
2021-11-17,GOLD-CHF,Gold (CHF),1737.98
2021-11-18,GOLD-USD,Gold (USD),1861.0
2021-11-18,GOLD-CHF,Gold (CHF),1723.38
2021-11-19,GOLD-USD,Gold (USD),1851.2
2021-11-19,GOLD-CHF,Gold (CHF),1715.6
2021-11-22,GOLD-USD,Gold (USD),1806.0
2021-11-22,GOLD-CHF,Gold (CHF),1682.56
2021-11-23,GOLD-USD,Gold (USD),1783.5
2021-11-23,GOLD-CHF,Gold (CHF),1663.2
2021-11-24,GOLD-USD,Gold (USD),1784.1
2021-11-24,GOLD-CHF,Gold (CHF),1670.45
2021-11-26,GOLD-USD,Gold (USD),1785.3
2021-11-26,GOLD-CHF,Gold (CHF),1647.03
2021-11-29,GOLD-USD,Gold (USD),1782.3
2021-11-29,GOLD-CHF,Gold (CHF),1648.89
2021-11-30,GOLD-USD,Gold (USD),1773.6
2021-11-30,GOLD-CHF,Gold (CHF),1641.29
2021-12-01,GOLD-USD,Gold (USD),1781.6
2021-12-01,GOLD-CHF,Gold (CHF),1638.8
2021-12-02,GOLD-USD,Gold (USD),1760.7
2021-12-02,GOLD-CHF,Gold (CHF),1618.52
2021-12-03,GOLD-USD,Gold (USD),1782.0
2021-12-03,GOLD-CHF,Gold (CHF),1639.71
2021-12-06,GOLD-USD,Gold (USD),1777.5
2021-12-06,GOLD-CHF,Gold (CHF),1646.05
2021-12-07,GOLD-USD,Gold (USD),1782.6
2021-12-07,GOLD-CHF,Gold (CHF),1650.96
2021-12-08,GOLD-USD,Gold (USD),1783.4
2021-12-08,GOLD-CHF,Gold (CHF),1645.28
2021-12-09,GOLD-USD,Gold (USD),1774.6
2021-12-09,GOLD-CHF,Gold (CHF),1642.13
2021-12-10,GOLD-USD,Gold (USD),1782.9
2021-12-10,GOLD-CHF,Gold (CHF),1643.39
2021-12-13,GOLD-USD,Gold (USD),1786.3
2021-12-13,GOLD-CHF,Gold (CHF),1649.2
2021-12-14,GOLD-USD,Gold (USD),1770.4
2021-12-14,GOLD-CHF,Gold (CHF),1635.76
2021-12-15,GOLD-USD,Gold (USD),1762.6
2021-12-15,GOLD-CHF,Gold (CHF),1632.7
2021-12-16,GOLD-USD,Gold (USD),1796.6
2021-12-16,GOLD-CHF,Gold (CHF),1656.2
2021-12-17,GOLD-USD,Gold (USD),1803.8
2021-12-17,GOLD-CHF,Gold (CHF),1663.64
2021-12-20,GOLD-USD,Gold (USD),1793.7
2021-12-20,GOLD-CHF,Gold (CHF),1652.0
2021-12-21,GOLD-USD,Gold (USD),1787.9
2021-12-21,GOLD-CHF,Gold (CHF),1654.08
2021-12-22,GOLD-USD,Gold (USD),1801.6
2021-12-22,GOLD-CHF,Gold (CHF),1659.09
2021-12-23,GOLD-USD,Gold (USD),1811.2
2021-12-23,GOLD-CHF,Gold (CHF),1666.58
2021-12-27,GOLD-USD,Gold (USD),1808.1
2021-12-27,GOLD-CHF,Gold (CHF),1659.47
2021-12-28,GOLD-USD,Gold (USD),1810.2
2021-12-28,GOLD-CHF,Gold (CHF),1662.49
2021-12-29,GOLD-USD,Gold (USD),1805.1
2021-12-29,GOLD-CHF,Gold (CHF),1648.69
2021-12-30,GOLD-USD,Gold (USD),1812.7
2021-12-30,GOLD-CHF,Gold (CHF),1656.35
2021-12-31,GOLD-USD,Gold (USD),1827.5
2021-12-31,GOLD-CHF,Gold (CHF),1665.13
2022-01-03,GOLD-USD,Gold (USD),1799.4
2022-01-03,GOLD-CHF,Gold (CHF),1653.02
2022-01-04,GOLD-USD,Gold (USD),1814.0
2022-01-04,GOLD-CHF,Gold (CHF),1658.27
2022-01-05,GOLD-USD,Gold (USD),1824.6
2022-01-05,GOLD-CHF,Gold (CHF),1669.6
2022-01-06,GOLD-USD,Gold (USD),1788.7
2022-01-06,GOLD-CHF,Gold (CHF),1644.8
2022-01-07,GOLD-USD,Gold (USD),1797.0
2022-01-07,GOLD-CHF,Gold (CHF),1652.97
2022-01-10,GOLD-USD,Gold (USD),1798.4
2022-01-10,GOLD-CHF,Gold (CHF),1664.69
2022-01-11,GOLD-USD,Gold (USD),1818.6
2022-01-11,GOLD-CHF,Gold (CHF),1682.66
2022-01-12,GOLD-USD,Gold (USD),1827.2
2022-01-12,GOLD-CHF,Gold (CHF),1672.62
2022-01-13,GOLD-USD,Gold (USD),1821.2
2022-01-13,GOLD-CHF,Gold (CHF),1657.75
2022-01-14,GOLD-USD,Gold (USD),1816.5
2022-01-14,GOLD-CHF,Gold (CHF),1656.56
2022-01-18,GOLD-USD,Gold (USD),1812.3
2022-01-18,GOLD-CHF,Gold (CHF),1661.24
2022-01-19,GOLD-USD,Gold (USD),1843.1
2022-01-19,GOLD-CHF,Gold (CHF),1688.74
2022-01-20,GOLD-USD,Gold (USD),1842.5
2022-01-20,GOLD-CHF,Gold (CHF),1685.06
2022-01-21,GOLD-USD,Gold (USD),1831.8
2022-01-21,GOLD-CHF,Gold (CHF),1669.14
2022-01-24,GOLD-USD,Gold (USD),1841.7
2022-01-24,GOLD-CHF,Gold (CHF),1686.17
2022-01-25,GOLD-USD,Gold (USD),1852.7
2022-01-25,GOLD-CHF,Gold (CHF),1703.56
2022-01-26,GOLD-USD,Gold (USD),1829.9
2022-01-26,GOLD-CHF,Gold (CHF),1685.61
2022-01-27,GOLD-USD,Gold (USD),1793.3
2022-01-27,GOLD-CHF,Gold (CHF),1670.37
2022-01-28,GOLD-USD,Gold (USD),1784.9
2022-01-28,GOLD-CHF,Gold (CHF),1660.22
2022-01-31,GOLD-USD,Gold (USD),1795.0
2022-01-31,GOLD-CHF,Gold (CHF),1671.23
2022-02-01,GOLD-USD,Gold (USD),1800.3
2022-02-01,GOLD-CHF,Gold (CHF),1661.59
2022-02-02,GOLD-USD,Gold (USD),1809.2
2022-02-02,GOLD-CHF,Gold (CHF),1663.11
2022-02-03,GOLD-USD,Gold (USD),1803.0
2022-02-03,GOLD-CHF,Gold (CHF),1656.69
2022-02-04,GOLD-USD,Gold (USD),1806.6
2022-02-04,GOLD-CHF,Gold (CHF),1671.65
2022-02-07,GOLD-USD,Gold (USD),1820.6
2022-02-07,GOLD-CHF,Gold (CHF),1680.69
2022-02-08,GOLD-USD,Gold (USD),1826.6
2022-02-08,GOLD-CHF,Gold (CHF),1688.87
2022-02-09,GOLD-USD,Gold (USD),1835.2
2022-02-09,GOLD-CHF,Gold (CHF),1695.45
2022-02-10,GOLD-USD,Gold (USD),1836.2
2022-02-10,GOLD-CHF,Gold (CHF),1697.11
2022-02-11,GOLD-USD,Gold (USD),1840.8
2022-02-11,GOLD-CHF,Gold (CHF),1703.66
2022-02-14,GOLD-USD,Gold (USD),1868.0
2022-02-14,GOLD-CHF,Gold (CHF),1729.86
2022-02-15,GOLD-USD,Gold (USD),1854.8
2022-02-15,GOLD-CHF,Gold (CHF),1718.75
2022-02-16,GOLD-USD,Gold (USD),1870.2
2022-02-16,GOLD-CHF,Gold (CHF),1725.91
2022-02-17,GOLD-USD,Gold (USD),1900.7
2022-02-17,GOLD-CHF,Gold (CHF),1748.74
2022-02-18,GOLD-USD,Gold (USD),1898.6
2022-02-18,GOLD-CHF,Gold (CHF),1747.95
2022-02-22,GOLD-USD,Gold (USD),1906.1
2022-02-22,GOLD-CHF,Gold (CHF),1756.19
2022-02-23,GOLD-USD,Gold (USD),1909.2
2022-02-23,GOLD-CHF,Gold (CHF),1751.4
2022-02-24,GOLD-USD,Gold (USD),1925.1
2022-02-24,GOLD-CHF,Gold (CHF),1787.17
2022-02-25,GOLD-USD,Gold (USD),1886.5
2022-02-25,GOLD-CHF,Gold (CHF),1750.77
2022-02-28,GOLD-USD,Gold (USD),1899.4
2022-02-28,GOLD-CHF,Gold (CHF),1742.6
2022-03-01,GOLD-USD,Gold (USD),1942.4
2022-03-01,GOLD-CHF,Gold (CHF),1785.94
2022-03-02,GOLD-USD,Gold (USD),1920.9
2022-03-02,GOLD-CHF,Gold (CHF),1772.89
2022-03-03,GOLD-USD,Gold (USD),1934.4
2022-03-03,GOLD-CHF,Gold (CHF),1779.94
2022-03-04,GOLD-USD,Gold (USD),1965.1
2022-03-04,GOLD-CHF,Gold (CHF),1805.24
2022-03-07,GOLD-USD,Gold (USD),1993.9
2022-03-07,GOLD-CHF,Gold (CHF),1845.85
2022-03-08,GOLD-USD,Gold (USD),2040.1
2022-03-08,GOLD-CHF,Gold (CHF),1895.25
2022-03-09,GOLD-USD,Gold (USD),1985.9
2022-03-09,GOLD-CHF,Gold (CHF),1840.43
2022-03-10,GOLD-USD,Gold (USD),1998.1
2022-03-10,GOLD-CHF,Gold (CHF),1853.14
2022-03-11,GOLD-USD,Gold (USD),1982.7
2022-03-11,GOLD-CHF,Gold (CHF),1849.56
2022-03-14,GOLD-USD,Gold (USD),1959.6
2022-03-14,GOLD-CHF,Gold (CHF),1833.89
2022-03-15,GOLD-USD,Gold (USD),1928.5
2022-03-15,GOLD-CHF,Gold (CHF),1815.59
2022-03-16,GOLD-USD,Gold (USD),1908.0
2022-03-16,GOLD-CHF,Gold (CHF),1796.48
2022-03-17,GOLD-USD,Gold (USD),1942.1
2022-03-17,GOLD-CHF,Gold (CHF),1816.06
2022-03-18,GOLD-USD,Gold (USD),1928.2
2022-03-18,GOLD-CHF,Gold (CHF),1800.46
2022-03-21,GOLD-USD,Gold (USD),1928.6
2022-03-21,GOLD-CHF,Gold (CHF),1795.04
2022-03-22,GOLD-USD,Gold (USD),1920.7
2022-03-22,GOLD-CHF,Gold (CHF),1791.15
2022-03-23,GOLD-USD,Gold (USD),1936.6
2022-03-23,GOLD-CHF,Gold (CHF),1805.3
2022-03-24,GOLD-USD,Gold (USD),1961.6
2022-03-24,GOLD-CHF,Gold (CHF),1826.15
2022-03-25,GOLD-USD,Gold (USD),1953.8
2022-03-25,GOLD-CHF,Gold (CHF),1818.69
2022-03-28,GOLD-USD,Gold (USD),1939.6
2022-03-28,GOLD-CHF,Gold (CHF),1814.01
2022-03-29,GOLD-USD,Gold (USD),1912.0
2022-03-29,GOLD-CHF,Gold (CHF),1780.84
2022-03-30,GOLD-USD,Gold (USD),1933.5
2022-03-30,GOLD-CHF,Gold (CHF),1783.27
2022-03-31,GOLD-USD,Gold (USD),1949.2
2022-03-31,GOLD-CHF,Gold (CHF),1793.75
2022-04-01,GOLD-USD,Gold (USD),1919.1
2022-04-01,GOLD-CHF,Gold (CHF),1777.37
2022-04-04,GOLD-USD,Gold (USD),1929.2
2022-04-04,GOLD-CHF,Gold (CHF),1783.83
2022-04-05,GOLD-USD,Gold (USD),1922.9
2022-04-05,GOLD-CHF,Gold (CHF),1784.93
2022-04-06,GOLD-USD,Gold (USD),1918.4
2022-04-06,GOLD-CHF,Gold (CHF),1789.2
2022-04-07,GOLD-USD,Gold (USD),1933.8
2022-04-07,GOLD-CHF,Gold (CHF),1804.72
2022-04-08,GOLD-USD,Gold (USD),1941.6
2022-04-08,GOLD-CHF,Gold (CHF),1814.33
2022-04-11,GOLD-USD,Gold (USD),1944.3
2022-04-11,GOLD-CHF,Gold (CHF),1809.85
2022-04-12,GOLD-USD,Gold (USD),1972.1
2022-04-12,GOLD-CHF,Gold (CHF),1833.36
2022-04-13,GOLD-USD,Gold (USD),1981.0
2022-04-13,GOLD-CHF,Gold (CHF),1851.34
2022-04-14,GOLD-USD,Gold (USD),1970.9
2022-04-14,GOLD-CHF,Gold (CHF),1858.16
2022-04-18,GOLD-USD,Gold (USD),1982.9
2022-04-18,GOLD-CHF,Gold (CHF),1870.77
2022-04-19,GOLD-USD,Gold (USD),1955.7
2022-04-19,GOLD-CHF,Gold (CHF),1856.45
2022-04-20,GOLD-USD,Gold (USD),1952.3
2022-04-20,GOLD-CHF,Gold (CHF),1847.56
2022-04-21,GOLD-USD,Gold (USD),1944.9
2022-04-21,GOLD-CHF,Gold (CHF),1851.45
2022-04-22,GOLD-USD,Gold (USD),1931.0
2022-04-22,GOLD-CHF,Gold (CHF),1849.61
2022-04-25,GOLD-USD,Gold (USD),1893.2
2022-04-25,GOLD-CHF,Gold (CHF),1814.92
2022-04-26,GOLD-USD,Gold (USD),1901.4
2022-04-26,GOLD-CHF,Gold (CHF),1825.25
2022-04-27,GOLD-USD,Gold (USD),1885.9
2022-04-27,GOLD-CHF,Gold (CHF),1829.04
2022-04-28,GOLD-USD,Gold (USD),1888.7
2022-04-28,GOLD-CHF,Gold (CHF),1834.97
2022-04-29,GOLD-USD,Gold (USD),1909.3
2022-04-29,GOLD-CHF,Gold (CHF),1853.26
2022-05-02,GOLD-USD,Gold (USD),1861.8
2022-05-02,GOLD-CHF,Gold (CHF),1819.63
2022-05-03,GOLD-USD,Gold (USD),1868.8
2022-05-03,GOLD-CHF,Gold (CHF),1827.97
2022-05-04,GOLD-USD,Gold (USD),1867.0
2022-05-04,GOLD-CHF,Gold (CHF),1834.61
2022-05-05,GOLD-USD,Gold (USD),1874.0
2022-05-05,GOLD-CHF,Gold (CHF),1846.17
2022-05-06,GOLD-USD,Gold (USD),1881.2
2022-05-06,GOLD-CHF,Gold (CHF),1852.89
2022-05-09,GOLD-USD,Gold (USD),1857.1
2022-05-09,GOLD-CHF,Gold (CHF),1850.51
2022-05-10,GOLD-USD,Gold (USD),1839.9
2022-05-10,GOLD-CHF,Gold (CHF),1828.03
2022-05-11,GOLD-USD,Gold (USD),1852.6
2022-05-11,GOLD-CHF,Gold (CHF),1835.46
2022-05-12,GOLD-USD,Gold (USD),1823.8
2022-05-12,GOLD-CHF,Gold (CHF),1820.97
2022-05-13,GOLD-USD,Gold (USD),1807.4
2022-05-13,GOLD-CHF,Gold (CHF),1811.11
2022-05-16,GOLD-USD,Gold (USD),1813.5
2022-05-16,GOLD-CHF,Gold (CHF),1822.11
2022-05-17,GOLD-USD,Gold (USD),1818.2
2022-05-17,GOLD-CHF,Gold (CHF),1805.2
2022-05-18,GOLD-USD,Gold (USD),1815.9
2022-05-18,GOLD-CHF,Gold (CHF),1796.83
2022-05-19,GOLD-USD,Gold (USD),1841.2
2022-05-19,GOLD-CHF,Gold (CHF),1790.11
2022-05-20,GOLD-USD,Gold (USD),1841.8
2022-05-20,GOLD-CHF,Gold (CHF),1796.31
2022-05-23,GOLD-USD,Gold (USD),1847.8
2022-05-23,GOLD-CHF,Gold (CHF),1784.14
2022-05-24,GOLD-USD,Gold (USD),1865.1
2022-05-24,GOLD-CHF,Gold (CHF),1789.66
2022-05-25,GOLD-USD,Gold (USD),1846.2
2022-05-25,GOLD-CHF,Gold (CHF),1777.15
2022-05-26,GOLD-USD,Gold (USD),1847.4
2022-05-26,GOLD-CHF,Gold (CHF),1774.7
2022-05-27,GOLD-USD,Gold (USD),1851.3
2022-05-27,GOLD-CHF,Gold (CHF),1771.51
2022-05-31,GOLD-USD,Gold (USD),1842.7
2022-05-31,GOLD-CHF,Gold (CHF),1766.32
2022-06-01,GOLD-USD,Gold (USD),1843.3
2022-06-01,GOLD-CHF,Gold (CHF),1776.2
2022-06-02,GOLD-USD,Gold (USD),1866.5
2022-06-02,GOLD-CHF,Gold (CHF),1792.21
2022-06-03,GOLD-USD,Gold (USD),1845.4
2022-06-03,GOLD-CHF,Gold (CHF),1775.74
2022-06-06,GOLD-USD,Gold (USD),1839.2
2022-06-06,GOLD-CHF,Gold (CHF),1776.76
2022-06-07,GOLD-USD,Gold (USD),1847.5
2022-06-07,GOLD-CHF,Gold (CHF),1796.6
2022-06-08,GOLD-USD,Gold (USD),1851.9
2022-06-08,GOLD-CHF,Gold (CHF),1804.03
2022-06-09,GOLD-USD,Gold (USD),1848.8
2022-06-09,GOLD-CHF,Gold (CHF),1810.44
2022-06-10,GOLD-USD,Gold (USD),1871.5
2022-06-10,GOLD-CHF,Gold (CHF),1849.7
2022-06-13,GOLD-USD,Gold (USD),1828.0
2022-06-13,GOLD-CHF,Gold (CHF),1822.61
2022-06-14,GOLD-USD,Gold (USD),1809.5
2022-06-14,GOLD-CHF,Gold (CHF),1810.04
2022-06-15,GOLD-USD,Gold (USD),1815.3
2022-06-15,GOLD-CHF,Gold (CHF),1817.02
2022-06-16,GOLD-USD,Gold (USD),1845.7
2022-06-16,GOLD-CHF,Gold (CHF),1789.22
2022-06-17,GOLD-USD,Gold (USD),1835.6
2022-06-17,GOLD-CHF,Gold (CHF),1784.48
2022-06-21,GOLD-USD,Gold (USD),1834.6
2022-06-21,GOLD-CHF,Gold (CHF),1767.82
2022-06-22,GOLD-USD,Gold (USD),1834.3
2022-06-22,GOLD-CHF,Gold (CHF),1759.28
2022-06-23,GOLD-USD,Gold (USD),1825.7
2022-06-23,GOLD-CHF,Gold (CHF),1749.02
2022-06-24,GOLD-USD,Gold (USD),1826.5
2022-06-24,GOLD-CHF,Gold (CHF),1744.03
2022-06-27,GOLD-USD,Gold (USD),1820.9
2022-06-27,GOLD-CHF,Gold (CHF),1741.33
2022-06-28,GOLD-USD,Gold (USD),1817.5
2022-06-28,GOLD-CHF,Gold (CHF),1740.89
2022-06-29,GOLD-USD,Gold (USD),1813.7
2022-06-29,GOLD-CHF,Gold (CHF),1728.09
2022-06-30,GOLD-USD,Gold (USD),1804.1
2022-06-30,GOLD-CHF,Gold (CHF),1727.16
2022-07-01,GOLD-USD,Gold (USD),1798.9
2022-07-01,GOLD-CHF,Gold (CHF),1732.79
2022-07-05,GOLD-USD,Gold (USD),1761.8
2022-07-05,GOLD-CHF,Gold (CHF),1709.3
2022-07-06,GOLD-USD,Gold (USD),1734.9
2022-07-06,GOLD-CHF,Gold (CHF),1683.29
2022-07-07,GOLD-USD,Gold (USD),1737.9
2022-07-07,GOLD-CHF,Gold (CHF),1690.8
2022-07-08,GOLD-USD,Gold (USD),1740.6
2022-07-08,GOLD-CHF,Gold (CHF),1699.35
2022-07-11,GOLD-USD,Gold (USD),1730.0
2022-07-11,GOLD-CHF,Gold (CHF),1695.05
2022-07-12,GOLD-USD,Gold (USD),1723.3
2022-07-12,GOLD-CHF,Gold (CHF),1690.82
2022-07-13,GOLD-USD,Gold (USD),1734.2
2022-07-13,GOLD-CHF,Gold (CHF),1694.4
2022-07-14,GOLD-USD,Gold (USD),1704.5
2022-07-14,GOLD-CHF,Gold (CHF),1679.7
2022-07-15,GOLD-USD,Gold (USD),1702.4
2022-07-15,GOLD-CHF,Gold (CHF),1666.39
2022-07-18,GOLD-USD,Gold (USD),1709.2
2022-07-18,GOLD-CHF,Gold (CHF),1664.5
2022-07-19,GOLD-USD,Gold (USD),1710.0
2022-07-19,GOLD-CHF,Gold (CHF),1656.05
2022-07-20,GOLD-USD,Gold (USD),1699.5
2022-07-20,GOLD-CHF,Gold (CHF),1649.19
2022-07-21,GOLD-USD,Gold (USD),1712.7
2022-07-21,GOLD-CHF,Gold (CHF),1660.46
2022-07-22,GOLD-USD,Gold (USD),1727.1
2022-07-22,GOLD-CHF,Gold (CHF),1659.48
2022-07-25,GOLD-USD,Gold (USD),1719.0
2022-07-25,GOLD-CHF,Gold (CHF),1658.58
2022-07-26,GOLD-USD,Gold (USD),1717.7
2022-07-26,GOLD-CHF,Gold (CHF),1652.86
2022-07-27,GOLD-USD,Gold (USD),1719.1
2022-07-27,GOLD-CHF,Gold (CHF),1657.81
2022-07-28,GOLD-USD,Gold (USD),1750.3
2022-07-28,GOLD-CHF,Gold (CHF),1673.9
2022-07-29,GOLD-USD,Gold (USD),1762.9
2022-07-29,GOLD-CHF,Gold (CHF),1678.99
2022-08-01,GOLD-USD,Gold (USD),1769.0
2022-08-01,GOLD-CHF,Gold (CHF),1680.02
2022-08-02,GOLD-USD,Gold (USD),1771.1
2022-08-02,GOLD-CHF,Gold (CHF),1689.45
2022-08-03,GOLD-USD,Gold (USD),1758.0
2022-08-03,GOLD-CHF,Gold (CHF),1695.15
2022-08-04,GOLD-USD,Gold (USD),1788.5
2022-08-04,GOLD-CHF,Gold (CHF),1712.04
2022-08-05,GOLD-USD,Gold (USD),1772.9
2022-08-05,GOLD-CHF,Gold (CHF),1707.75
2022-08-08,GOLD-USD,Gold (USD),1786.8
2022-08-08,GOLD-CHF,Gold (CHF),1703.62
2022-08-09,GOLD-USD,Gold (USD),1794.0
2022-08-09,GOLD-CHF,Gold (CHF),1708.61
2022-08-10,GOLD-USD,Gold (USD),1795.6
2022-08-10,GOLD-CHF,Gold (CHF),1688.13
2022-08-11,GOLD-USD,Gold (USD),1789.7
2022-08-11,GOLD-CHF,Gold (CHF),1681.07
2022-08-12,GOLD-USD,Gold (USD),1798.6
2022-08-12,GOLD-CHF,Gold (CHF),1698.33
2022-08-15,GOLD-USD,Gold (USD),1781.4
2022-08-15,GOLD-CHF,Gold (CHF),1681.46
2022-08-16,GOLD-USD,Gold (USD),1773.2
2022-08-16,GOLD-CHF,Gold (CHF),1685.78
2022-08-17,GOLD-USD,Gold (USD),1760.3
2022-08-17,GOLD-CHF,Gold (CHF),1678.01
2022-08-18,GOLD-USD,Gold (USD),1755.3
2022-08-18,GOLD-CHF,Gold (CHF),1675.17
2022-08-19,GOLD-USD,Gold (USD),1747.6
2022-08-19,GOLD-CHF,Gold (CHF),1676.39
2022-08-22,GOLD-USD,Gold (USD),1734.0
2022-08-22,GOLD-CHF,Gold (CHF),1670.28
2022-08-23,GOLD-USD,Gold (USD),1746.8
2022-08-23,GOLD-CHF,Gold (CHF),1681.12
2022-08-24,GOLD-USD,Gold (USD),1747.8
2022-08-24,GOLD-CHF,Gold (CHF),1687.33
2022-08-25,GOLD-USD,Gold (USD),1757.7
2022-08-25,GOLD-CHF,Gold (CHF),1694.25
2022-08-26,GOLD-USD,Gold (USD),1736.1
2022-08-26,GOLD-CHF,Gold (CHF),1672.12
2022-08-29,GOLD-USD,Gold (USD),1736.6
2022-08-29,GOLD-CHF,Gold (CHF),1683.81
2022-08-30,GOLD-USD,Gold (USD),1723.2
2022-08-30,GOLD-CHF,Gold (CHF),1681.58
2022-08-31,GOLD-USD,Gold (USD),1712.8
2022-08-31,GOLD-CHF,Gold (CHF),1671.61
2022-09-01,GOLD-USD,Gold (USD),1696.6
2022-09-01,GOLD-CHF,Gold (CHF),1670.81
2022-09-02,GOLD-USD,Gold (USD),1709.8
2022-09-02,GOLD-CHF,Gold (CHF),1674.49
2022-09-06,GOLD-USD,Gold (USD),1700.4
2022-09-06,GOLD-CHF,Gold (CHF),1673.11
2022-09-07,GOLD-USD,Gold (USD),1715.3
2022-09-07,GOLD-CHF,Gold (CHF),1684.51
2022-09-08,GOLD-USD,Gold (USD),1708.0
2022-09-08,GOLD-CHF,Gold (CHF),1662.57
2022-09-09,GOLD-USD,Gold (USD),1716.2
2022-09-09,GOLD-CHF,Gold (CHF),1650.21
2022-09-12,GOLD-USD,Gold (USD),1728.1
2022-09-12,GOLD-CHF,Gold (CHF),1644.2
2022-09-13,GOLD-USD,Gold (USD),1705.0
2022-09-13,GOLD-CHF,Gold (CHF),1638.42
2022-09-14,GOLD-USD,Gold (USD),1696.5
2022-09-14,GOLD-CHF,Gold (CHF),1628.72
2022-09-15,GOLD-USD,Gold (USD),1665.4
2022-09-15,GOLD-CHF,Gold (CHF),1600.03
2022-09-16,GOLD-USD,Gold (USD),1671.7
2022-09-16,GOLD-CHF,Gold (CHF),1608.51
2022-09-19,GOLD-USD,Gold (USD),1666.2
2022-09-19,GOLD-CHF,Gold (CHF),1607.63
2022-09-20,GOLD-USD,Gold (USD),1659.7
2022-09-20,GOLD-CHF,Gold (CHF),1601.53
2022-09-21,GOLD-USD,Gold (USD),1664.6
2022-09-21,GOLD-CHF,Gold (CHF),1606.42
2022-09-22,GOLD-USD,Gold (USD),1670.8
2022-09-22,GOLD-CHF,Gold (CHF),1640.64
2022-09-23,GOLD-USD,Gold (USD),1645.3
2022-09-23,GOLD-CHF,Gold (CHF),1615.19
2022-09-26,GOLD-USD,Gold (USD),1623.3
2022-09-26,GOLD-CHF,Gold (CHF),1608.69
2022-09-27,GOLD-USD,Gold (USD),1626.7
2022-09-27,GOLD-CHF,Gold (CHF),1610.03
2022-09-28,GOLD-USD,Gold (USD),1660.4
2022-09-28,GOLD-CHF,Gold (CHF),1629.6
2022-09-29,GOLD-USD,Gold (USD),1658.5
2022-09-29,GOLD-CHF,Gold (CHF),1626.99
2022-09-30,GOLD-USD,Gold (USD),1662.4
2022-09-30,GOLD-CHF,Gold (CHF),1636.22
2022-10-03,GOLD-USD,Gold (USD),1692.9
2022-10-03,GOLD-CHF,Gold (CHF),1677.16
2022-10-04,GOLD-USD,Gold (USD),1721.1
2022-10-04,GOLD-CHF,Gold (CHF),1688.92
2022-10-05,GOLD-USD,Gold (USD),1711.4
2022-10-05,GOLD-CHF,Gold (CHF),1687.01
2022-10-06,GOLD-USD,Gold (USD),1711.7
2022-10-06,GOLD-CHF,Gold (CHF),1693.3
2022-10-07,GOLD-USD,Gold (USD),1700.5
2022-10-07,GOLD-CHF,Gold (CHF),1686.64
2022-10-10,GOLD-USD,Gold (USD),1667.3
2022-10-10,GOLD-CHF,Gold (CHF),1667.22
2022-10-11,GOLD-USD,Gold (USD),1678.7
2022-10-11,GOLD-CHF,Gold (CHF),1674.17
2022-10-12,GOLD-USD,Gold (USD),1670.3
2022-10-12,GOLD-CHF,Gold (CHF),1667.96
2022-10-13,GOLD-USD,Gold (USD),1670.0
2022-10-13,GOLD-CHF,Gold (CHF),1676.85
2022-10-14,GOLD-USD,Gold (USD),1641.7
2022-10-14,GOLD-CHF,Gold (CHF),1647.2
2022-10-17,GOLD-USD,Gold (USD),1657.0
2022-10-17,GOLD-CHF,Gold (CHF),1651.28
2022-10-18,GOLD-USD,Gold (USD),1649.0
2022-10-18,GOLD-CHF,Gold (CHF),1640.51
2022-10-19,GOLD-USD,Gold (USD),1627.5
2022-10-19,GOLD-CHF,Gold (CHF),1633.77
2022-10-20,GOLD-USD,Gold (USD),1630.8
2022-10-20,GOLD-CHF,Gold (CHF),1632.1
2022-10-21,GOLD-USD,Gold (USD),1651.0
2022-10-21,GOLD-CHF,Gold (CHF),1659.67
2022-10-24,GOLD-USD,Gold (USD),1648.7
2022-10-24,GOLD-CHF,Gold (CHF),1649.94
2022-10-25,GOLD-USD,Gold (USD),1652.8
2022-10-25,GOLD-CHF,Gold (CHF),1646.11
2022-10-26,GOLD-USD,Gold (USD),1664.0
2022-10-26,GOLD-CHF,Gold (CHF),1643.2
2022-10-27,GOLD-USD,Gold (USD),1660.7
2022-10-27,GOLD-CHF,Gold (CHF),1643.93
2022-10-28,GOLD-USD,Gold (USD),1639.6
2022-10-28,GOLD-CHF,Gold (CHF),1633.7
2022-10-31,GOLD-USD,Gold (USD),1635.9
2022-10-31,GOLD-CHF,Gold (CHF),1637.13
2022-11-01,GOLD-USD,Gold (USD),1645.0
2022-11-01,GOLD-CHF,Gold (CHF),1644.18
2022-11-02,GOLD-USD,Gold (USD),1645.7
2022-11-02,GOLD-CHF,Gold (CHF),1643.97
2022-11-03,GOLD-USD,Gold (USD),1627.3
2022-11-03,GOLD-CHF,Gold (CHF),1648.94
2022-11-04,GOLD-USD,Gold (USD),1672.5
2022-11-04,GOLD-CHF,Gold (CHF),1669.49
2022-11-07,GOLD-USD,Gold (USD),1676.5
2022-11-07,GOLD-CHF,Gold (CHF),1659.06
2022-11-08,GOLD-USD,Gold (USD),1712.1
2022-11-08,GOLD-CHF,Gold (CHF),1686.33
2022-11-09,GOLD-USD,Gold (USD),1710.1
2022-11-09,GOLD-CHF,Gold (CHF),1682.82
2022-11-10,GOLD-USD,Gold (USD),1750.3
2022-11-10,GOLD-CHF,Gold (CHF),1693.07
2022-11-11,GOLD-USD,Gold (USD),1766.0
2022-11-11,GOLD-CHF,Gold (CHF),1670.37
2022-11-14,GOLD-USD,Gold (USD),1773.6
2022-11-14,GOLD-CHF,Gold (CHF),1677.29
2022-11-15,GOLD-USD,Gold (USD),1773.8
2022-11-15,GOLD-CHF,Gold (CHF),1676.42
2022-11-16,GOLD-USD,Gold (USD),1773.0
2022-11-16,GOLD-CHF,Gold (CHF),1671.41
2022-11-17,GOLD-USD,Gold (USD),1760.8
2022-11-17,GOLD-CHF,Gold (CHF),1681.3
2022-11-18,GOLD-USD,Gold (USD),1751.9
2022-11-18,GOLD-CHF,Gold (CHF),1665.79
2022-11-21,GOLD-USD,Gold (USD),1737.4
2022-11-21,GOLD-CHF,Gold (CHF),1666.17
2022-11-22,GOLD-USD,Gold (USD),1738.3
2022-11-22,GOLD-CHF,Gold (CHF),1655.73
2022-11-23,GOLD-USD,Gold (USD),1744.9
2022-11-23,GOLD-CHF,Gold (CHF),1644.39
2022-11-25,GOLD-USD,Gold (USD),1753.3
2022-11-25,GOLD-CHF,Gold (CHF),1659.67
2022-11-28,GOLD-USD,Gold (USD),1740.1
2022-11-28,GOLD-CHF,Gold (CHF),1644.48
2022-11-29,GOLD-USD,Gold (USD),1748.4
2022-11-29,GOLD-CHF,Gold (CHF),1663.34
2022-11-30,GOLD-USD,Gold (USD),1746.0
2022-11-30,GOLD-CHF,Gold (CHF),1663.5
2022-12-01,GOLD-USD,Gold (USD),1801.1
2022-12-01,GOLD-CHF,Gold (CHF),1691.5
2022-12-02,GOLD-USD,Gold (USD),1795.9
2022-12-02,GOLD-CHF,Gold (CHF),1690.12
2022-12-05,GOLD-USD,Gold (USD),1767.4
2022-12-05,GOLD-CHF,Gold (CHF),1658.26
2022-12-06,GOLD-USD,Gold (USD),1769.3
2022-12-06,GOLD-CHF,Gold (CHF),1663.05
2022-12-07,GOLD-USD,Gold (USD),1785.5
2022-12-07,GOLD-CHF,Gold (CHF),1676.76
2022-12-08,GOLD-USD,Gold (USD),1788.7
2022-12-08,GOLD-CHF,Gold (CHF),1674.76
2022-12-09,GOLD-USD,Gold (USD),1798.1
2022-12-09,GOLD-CHF,Gold (CHF),1677.45
2022-12-12,GOLD-USD,Gold (USD),1780.5
2022-12-12,GOLD-CHF,Gold (CHF),1667.17
2022-12-13,GOLD-USD,Gold (USD),1813.9
2022-12-13,GOLD-CHF,Gold (CHF),1680.49
2022-12-14,GOLD-USD,Gold (USD),1807.5
2022-12-14,GOLD-CHF,Gold (CHF),1669.5
2022-12-15,GOLD-USD,Gold (USD),1777.2
2022-12-15,GOLD-CHF,Gold (CHF),1650.22
2022-12-16,GOLD-USD,Gold (USD),1790.0
2022-12-16,GOLD-CHF,Gold (CHF),1669.09
2022-12-19,GOLD-USD,Gold (USD),1787.7
2022-12-19,GOLD-CHF,Gold (CHF),1668.73
2022-12-20,GOLD-USD,Gold (USD),1815.9
2022-12-20,GOLD-CHF,Gold (CHF),1681.43
2022-12-21,GOLD-USD,Gold (USD),1815.9
2022-12-21,GOLD-CHF,Gold (CHF),1682.43
2022-12-22,GOLD-USD,Gold (USD),1787.0
2022-12-22,GOLD-CHF,Gold (CHF),1662.71
2022-12-23,GOLD-USD,Gold (USD),1795.9
2022-12-23,GOLD-CHF,Gold (CHF),1676.38
2022-12-27,GOLD-USD,Gold (USD),1814.8
2022-12-27,GOLD-CHF,Gold (CHF),1685.5
2022-12-28,GOLD-USD,Gold (USD),1807.9
2022-12-28,GOLD-CHF,Gold (CHF),1678.45
2022-12-29,GOLD-USD,Gold (USD),1819.5
2022-12-29,GOLD-CHF,Gold (CHF),1680.31
2022-12-30,GOLD-USD,Gold (USD),1819.7
2022-12-30,GOLD-CHF,Gold (CHF),1683.59
2023-01-03,GOLD-USD,Gold (USD),1839.7
2023-01-03,GOLD-CHF,Gold (CHF),1726.1
2023-01-04,GOLD-USD,Gold (USD),1852.8
2023-01-04,GOLD-CHF,Gold (CHF),1722.08
2023-01-05,GOLD-USD,Gold (USD),1834.8
2023-01-05,GOLD-CHF,Gold (CHF),1720.31
2023-01-06,GOLD-USD,Gold (USD),1864.2
2023-01-06,GOLD-CHF,Gold (CHF),1735.76
2023-01-09,GOLD-USD,Gold (USD),1872.7
2023-01-09,GOLD-CHF,Gold (CHF),1719.98
2023-01-10,GOLD-USD,Gold (USD),1871.6
2023-01-10,GOLD-CHF,Gold (CHF),1727.49
2023-01-11,GOLD-USD,Gold (USD),1874.6
2023-01-11,GOLD-CHF,Gold (CHF),1745.16
2023-01-12,GOLD-USD,Gold (USD),1895.5
2023-01-12,GOLD-CHF,Gold (CHF),1760.64
2023-01-13,GOLD-USD,Gold (USD),1918.4
2023-01-13,GOLD-CHF,Gold (CHF),1776.92
2023-01-17,GOLD-USD,Gold (USD),1907.2
2023-01-17,GOLD-CHF,Gold (CHF),1755.67
2023-01-18,GOLD-USD,Gold (USD),1904.4
2023-01-18,GOLD-CHF,Gold (CHF),1738.81
2023-01-19,GOLD-USD,Gold (USD),1922.1
2023-01-19,GOLD-CHF,Gold (CHF),1762.47
2023-01-20,GOLD-USD,Gold (USD),1926.4
2023-01-20,GOLD-CHF,Gold (CHF),1773.93
2023-01-23,GOLD-USD,Gold (USD),1927.1
2023-01-23,GOLD-CHF,Gold (CHF),1778.23
2023-01-24,GOLD-USD,Gold (USD),1933.9
2023-01-24,GOLD-CHF,Gold (CHF),1785.28
2023-01-25,GOLD-USD,Gold (USD),1941.2
2023-01-25,GOLD-CHF,Gold (CHF),1786.39
2023-01-26,GOLD-USD,Gold (USD),1929.1
2023-01-26,GOLD-CHF,Gold (CHF),1778.53
2023-01-27,GOLD-USD,Gold (USD),1928.6
2023-01-27,GOLD-CHF,Gold (CHF),1780.19
2023-01-30,GOLD-USD,Gold (USD),1922.9
2023-01-30,GOLD-CHF,Gold (CHF),1774.84
2023-01-31,GOLD-USD,Gold (USD),1929.5
2023-01-31,GOLD-CHF,Gold (CHF),1772.73
2023-02-01,GOLD-USD,Gold (USD),1927.8
2023-02-01,GOLD-CHF,Gold (CHF),1762.49
2023-02-02,GOLD-USD,Gold (USD),1916.3
2023-02-02,GOLD-CHF,Gold (CHF),1743.26
2023-02-03,GOLD-USD,Gold (USD),1862.9
2023-02-03,GOLD-CHF,Gold (CHF),1718.8
2023-02-06,GOLD-USD,Gold (USD),1866.2
2023-02-06,GOLD-CHF,Gold (CHF),1732.11
2023-02-07,GOLD-USD,Gold (USD),1871.7
2023-02-07,GOLD-CHF,Gold (CHF),1728.42
2023-02-08,GOLD-USD,Gold (USD),1877.4
2023-02-08,GOLD-CHF,Gold (CHF),1729.09
2023-02-09,GOLD-USD,Gold (USD),1866.2
2023-02-09,GOLD-CHF,Gold (CHF),1715.32
2023-02-10,GOLD-USD,Gold (USD),1862.8
2023-02-10,GOLD-CHF,Gold (CHF),1721.32
2023-02-13,GOLD-USD,Gold (USD),1851.9
2023-02-13,GOLD-CHF,Gold (CHF),1706.06
2023-02-14,GOLD-USD,Gold (USD),1854.0
2023-02-14,GOLD-CHF,Gold (CHF),1709.76
2023-02-15,GOLD-USD,Gold (USD),1834.2
2023-02-15,GOLD-CHF,Gold (CHF),1697.64
2023-02-16,GOLD-USD,Gold (USD),1842.0
2023-02-16,GOLD-CHF,Gold (CHF),1705.69
2023-02-17,GOLD-USD,Gold (USD),1840.4
2023-02-17,GOLD-CHF,Gold (CHF),1707.34
2023-02-21,GOLD-USD,Gold (USD),1833.0
2023-02-21,GOLD-CHF,Gold (CHF),1696.99
2023-02-22,GOLD-USD,Gold (USD),1832.0
2023-02-22,GOLD-CHF,Gold (CHF),1703.49
2023-02-23,GOLD-USD,Gold (USD),1818.0
2023-02-23,GOLD-CHF,Gold (CHF),1697.1
2023-02-24,GOLD-USD,Gold (USD),1808.8
2023-02-24,GOLD-CHF,Gold (CHF),1700.0
2023-02-27,GOLD-USD,Gold (USD),1817.0
2023-02-27,GOLD-CHF,Gold (CHF),1702.8
2023-02-28,GOLD-USD,Gold (USD),1828.9
2023-02-28,GOLD-CHF,Gold (CHF),1714.14
2023-03-01,GOLD-USD,Gold (USD),1837.7
2023-03-01,GOLD-CHF,Gold (CHF),1726.34
2023-03-02,GOLD-USD,Gold (USD),1833.5
2023-03-02,GOLD-CHF,Gold (CHF),1725.97
2023-03-03,GOLD-USD,Gold (USD),1847.7
2023-03-03,GOLD-CHF,Gold (CHF),1735.91
2023-03-06,GOLD-USD,Gold (USD),1847.9
2023-03-06,GOLD-CHF,Gold (CHF),1722.61
2023-03-07,GOLD-USD,Gold (USD),1813.9
2023-03-07,GOLD-CHF,Gold (CHF),1705.88
2023-03-08,GOLD-USD,Gold (USD),1812.7
2023-03-08,GOLD-CHF,Gold (CHF),1704.57
2023-03-09,GOLD-USD,Gold (USD),1829.3
2023-03-09,GOLD-CHF,Gold (CHF),1713.78
2023-03-10,GOLD-USD,Gold (USD),1862.0
2023-03-10,GOLD-CHF,Gold (CHF),1711.83
2023-03-13,GOLD-USD,Gold (USD),1911.7
2023-03-13,GOLD-CHF,Gold (CHF),1743.47
2023-03-14,GOLD-USD,Gold (USD),1906.2
2023-03-14,GOLD-CHF,Gold (CHF),1741.31
2023-03-15,GOLD-USD,Gold (USD),1926.6
2023-03-15,GOLD-CHF,Gold (CHF),1780.76
2023-03-16,GOLD-USD,Gold (USD),1919.0
2023-03-16,GOLD-CHF,Gold (CHF),1784.29
2023-03-17,GOLD-USD,Gold (USD),1969.8
2023-03-17,GOLD-CHF,Gold (CHF),1829.45
2023-03-20,GOLD-USD,Gold (USD),1979.2
2023-03-20,GOLD-CHF,Gold (CHF),1834.52
2023-03-21,GOLD-USD,Gold (USD),1938.0
2023-03-21,GOLD-CHF,Gold (CHF),1790.13
2023-03-22,GOLD-USD,Gold (USD),1946.8
2023-03-22,GOLD-CHF,Gold (CHF),1798.16
2023-03-23,GOLD-USD,Gold (USD),1993.8
2023-03-23,GOLD-CHF,Gold (CHF),1823.53
2023-03-24,GOLD-USD,Gold (USD),1982.1
2023-03-24,GOLD-CHF,Gold (CHF),1819.47
2023-03-27,GOLD-USD,Gold (USD),1952.4
2023-03-27,GOLD-CHF,Gold (CHF),1789.47
2023-03-28,GOLD-USD,Gold (USD),1972.4
2023-03-28,GOLD-CHF,Gold (CHF),1816.48
2023-03-29,GOLD-USD,Gold (USD),1966.1
2023-03-29,GOLD-CHF,Gold (CHF),1807.83
2023-03-30,GOLD-USD,Gold (USD),1980.3
2023-03-30,GOLD-CHF,Gold (CHF),1808.31
2023-03-31,GOLD-USD,Gold (USD),1969.0
2023-03-31,GOLD-CHF,Gold (CHF),1798.78
2023-04-03,GOLD-USD,Gold (USD),1983.9
2023-04-03,GOLD-CHF,Gold (CHF),1810.8
2023-04-04,GOLD-USD,Gold (USD),2022.2
2023-04-04,GOLD-CHF,Gold (CHF),1834.84
2023-04-05,GOLD-USD,Gold (USD),2020.9
2023-04-05,GOLD-CHF,Gold (CHF),1828.41
2023-04-06,GOLD-USD,Gold (USD),2011.9
2023-04-06,GOLD-CHF,Gold (CHF),1819.26
2023-04-10,GOLD-USD,Gold (USD),1989.1
2023-04-10,GOLD-CHF,Gold (CHF),1812.37
2023-04-11,GOLD-USD,Gold (USD),2004.8
2023-04-11,GOLD-CHF,Gold (CHF),1812.04
2023-04-12,GOLD-USD,Gold (USD),2010.9
2023-04-12,GOLD-CHF,Gold (CHF),1804.38
2023-04-13,GOLD-USD,Gold (USD),2041.3
2023-04-13,GOLD-CHF,Gold (CHF),1814.21
2023-04-14,GOLD-USD,Gold (USD),2002.2
2023-04-14,GOLD-CHF,Gold (CHF),1789.67
2023-04-17,GOLD-USD,Gold (USD),1994.2
2023-04-17,GOLD-CHF,Gold (CHF),1791.89
2023-04-18,GOLD-USD,Gold (USD),2007.4
2023-04-18,GOLD-CHF,Gold (CHF),1802.14
2023-04-19,GOLD-USD,Gold (USD),1995.2
2023-04-19,GOLD-CHF,Gold (CHF),1792.59
2023-04-20,GOLD-USD,Gold (USD),2007.6
2023-04-20,GOLD-CHF,Gold (CHF),1794.29
2023-04-21,GOLD-USD,Gold (USD),1979.5
2023-04-21,GOLD-CHF,Gold (CHF),1768.98
2023-04-24,GOLD-USD,Gold (USD),1989.1
2023-04-24,GOLD-CHF,Gold (CHF),1767.81
2023-04-25,GOLD-USD,Gold (USD),1994.0
2023-04-25,GOLD-CHF,Gold (CHF),1779.15
2023-04-26,GOLD-USD,Gold (USD),1985.7
2023-04-26,GOLD-CHF,Gold (CHF),1768.17
2023-04-27,GOLD-USD,Gold (USD),1989.9
2023-04-27,GOLD-CHF,Gold (CHF),1784.64
2023-04-28,GOLD-USD,Gold (USD),1990.1
2023-04-28,GOLD-CHF,Gold (CHF),1771.29
2023-05-01,GOLD-USD,Gold (USD),1983.4
2023-05-01,GOLD-CHF,Gold (CHF),1776.04
2023-05-02,GOLD-USD,Gold (USD),2014.3
2023-05-02,GOLD-CHF,Gold (CHF),1801.69
2023-05-03,GOLD-USD,Gold (USD),2028.6
2023-05-03,GOLD-CHF,Gold (CHF),1800.38
2023-05-04,GOLD-USD,Gold (USD),2048.0
2023-05-04,GOLD-CHF,Gold (CHF),1816.27
2023-05-05,GOLD-USD,Gold (USD),2017.4
2023-05-05,GOLD-CHF,Gold (CHF),1800.83
2023-05-08,GOLD-USD,Gold (USD),2026.3
2023-05-08,GOLD-CHF,Gold (CHF),1803.31
2023-05-09,GOLD-USD,Gold (USD),2036.2
2023-05-09,GOLD-CHF,Gold (CHF),1814.97
2023-05-10,GOLD-USD,Gold (USD),2030.5
2023-05-10,GOLD-CHF,Gold (CHF),1805.52
2023-05-11,GOLD-USD,Gold (USD),2014.7
2023-05-11,GOLD-CHF,Gold (CHF),1801.85
2023-05-12,GOLD-USD,Gold (USD),2014.5
2023-05-12,GOLD-CHF,Gold (CHF),1806.91
2023-05-15,GOLD-USD,Gold (USD),2018.0
2023-05-15,GOLD-CHF,Gold (CHF),1807.22
2023-05-16,GOLD-USD,Gold (USD),1988.4
2023-05-16,GOLD-CHF,Gold (CHF),1781.9
2023-05-17,GOLD-USD,Gold (USD),1980.7
2023-05-17,GOLD-CHF,Gold (CHF),1780.95
2023-05-18,GOLD-USD,Gold (USD),1956.5
2023-05-18,GOLD-CHF,Gold (CHF),1771.9
2023-05-19,GOLD-USD,Gold (USD),1978.7
2023-05-19,GOLD-CHF,Gold (CHF),1785.08
2023-05-22,GOLD-USD,Gold (USD),1974.8
2023-05-22,GOLD-CHF,Gold (CHF),1775.44
2023-05-23,GOLD-USD,Gold (USD),1972.4
2023-05-23,GOLD-CHF,Gold (CHF),1775.26
2023-05-24,GOLD-USD,Gold (USD),1962.8
2023-05-24,GOLD-CHF,Gold (CHF),1775.65
2023-05-25,GOLD-USD,Gold (USD),1943.1
2023-05-25,GOLD-CHF,Gold (CHF),1758.6
2023-05-26,GOLD-USD,Gold (USD),1944.1
2023-05-26,GOLD-CHF,Gold (CHF),1763.59
2023-05-30,GOLD-USD,Gold (USD),1958.0
2023-05-30,GOLD-CHF,Gold (CHF),1769.93
2023-05-31,GOLD-USD,Gold (USD),1963.9
2023-05-31,GOLD-CHF,Gold (CHF),1795.3
2023-06-01,GOLD-USD,Gold (USD),1978.0
2023-06-01,GOLD-CHF,Gold (CHF),1797.71
2023-06-02,GOLD-USD,Gold (USD),1952.4
2023-06-02,GOLD-CHF,Gold (CHF),1771.31
2023-06-05,GOLD-USD,Gold (USD),1958.0
2023-06-05,GOLD-CHF,Gold (CHF),1774.63
2023-06-06,GOLD-USD,Gold (USD),1965.5
2023-06-06,GOLD-CHF,Gold (CHF),1785.95
2023-06-07,GOLD-USD,Gold (USD),1942.7
2023-06-07,GOLD-CHF,Gold (CHF),1763.49
2023-06-08,GOLD-USD,Gold (USD),1963.6
2023-06-08,GOLD-CHF,Gold (CHF),1769.11
2023-06-09,GOLD-USD,Gold (USD),1962.2
2023-06-09,GOLD-CHF,Gold (CHF),1770.1
2023-06-12,GOLD-USD,Gold (USD),1955.3
2023-06-12,GOLD-CHF,Gold (CHF),1778.05
2023-06-13,GOLD-USD,Gold (USD),1944.6
2023-06-13,GOLD-CHF,Gold (CHF),1760.74
2023-06-14,GOLD-USD,Gold (USD),1955.3
2023-06-14,GOLD-CHF,Gold (CHF),1755.76
2023-06-15,GOLD-USD,Gold (USD),1957.8
2023-06-15,GOLD-CHF,Gold (CHF),1750.96
2023-06-16,GOLD-USD,Gold (USD),1958.4
2023-06-16,GOLD-CHF,Gold (CHF),1750.71
2023-06-20,GOLD-USD,Gold (USD),1935.5
2023-06-20,GOLD-CHF,Gold (CHF),1739.92
2023-06-21,GOLD-USD,Gold (USD),1933.3
2023-06-21,GOLD-CHF,Gold (CHF),1730.5
2023-06-22,GOLD-USD,Gold (USD),1912.7
2023-06-22,GOLD-CHF,Gold (CHF),1715.6
2023-06-23,GOLD-USD,Gold (USD),1919.1
2023-06-23,GOLD-CHF,Gold (CHF),1723.74
2023-06-26,GOLD-USD,Gold (USD),1923.7
2023-06-26,GOLD-CHF,Gold (CHF),1721.62
2023-06-27,GOLD-USD,Gold (USD),1914.0
2023-06-27,GOLD-CHF,Gold (CHF),1714.85
2023-06-28,GOLD-USD,Gold (USD),1912.3
2023-06-28,GOLD-CHF,Gold (CHF),1716.0
2023-06-29,GOLD-USD,Gold (USD),1909.2
2023-06-29,GOLD-CHF,Gold (CHF),1712.65
2023-06-30,GOLD-USD,Gold (USD),1921.1
2023-06-30,GOLD-CHF,Gold (CHF),1718.71
2023-07-03,GOLD-USD,Gold (USD),1921.7
2023-07-03,GOLD-CHF,Gold (CHF),1722.32
2023-07-05,GOLD-USD,Gold (USD),1919.6
2023-07-05,GOLD-CHF,Gold (CHF),1723.22
2023-07-06,GOLD-USD,Gold (USD),1908.7
2023-07-06,GOLD-CHF,Gold (CHF),1711.72
2023-07-07,GOLD-USD,Gold (USD),1926.2
2023-07-07,GOLD-CHF,Gold (CHF),1714.41
2023-07-10,GOLD-USD,Gold (USD),1925.0
2023-07-10,GOLD-CHF,Gold (CHF),1710.17
2023-07-11,GOLD-USD,Gold (USD),1931.3
2023-07-11,GOLD-CHF,Gold (CHF),1703.7
2023-07-12,GOLD-USD,Gold (USD),1956.2
2023-07-12,GOLD-CHF,Gold (CHF),1696.71
2023-07-13,GOLD-USD,Gold (USD),1959.2
2023-07-13,GOLD-CHF,Gold (CHF),1683.25
2023-07-14,GOLD-USD,Gold (USD),1960.1
2023-07-14,GOLD-CHF,Gold (CHF),1685.78
2023-07-17,GOLD-USD,Gold (USD),1952.4
2023-07-17,GOLD-CHF,Gold (CHF),1679.85
2023-07-18,GOLD-USD,Gold (USD),1977.2
2023-07-18,GOLD-CHF,Gold (CHF),1695.75
2023-07-19,GOLD-USD,Gold (USD),1977.5
2023-07-19,GOLD-CHF,Gold (CHF),1699.76
2023-07-20,GOLD-USD,Gold (USD),1968.3
2023-07-20,GOLD-CHF,Gold (CHF),1703.47
2023-07-21,GOLD-USD,Gold (USD),1964.3
2023-07-21,GOLD-CHF,Gold (CHF),1700.99
2023-07-24,GOLD-USD,Gold (USD),1960.3
2023-07-24,GOLD-CHF,Gold (CHF),1697.62
2023-07-25,GOLD-USD,Gold (USD),1962.1
2023-07-25,GOLD-CHF,Gold (CHF),1699.08
2023-07-26,GOLD-USD,Gold (USD),1968.9
2023-07-26,GOLD-CHF,Gold (CHF),1699.46
2023-07-27,GOLD-USD,Gold (USD),1945.4
2023-07-27,GOLD-CHF,Gold (CHF),1690.46
2023-07-28,GOLD-USD,Gold (USD),1960.4
2023-07-28,GOLD-CHF,Gold (CHF),1700.94
2023-07-31,GOLD-USD,Gold (USD),1970.5
2023-07-31,GOLD-CHF,Gold (CHF),1708.13
2023-08-01,GOLD-USD,Gold (USD),1940.7
2023-08-01,GOLD-CHF,Gold (CHF),1698.21
2023-08-02,GOLD-USD,Gold (USD),1937.4
2023-08-02,GOLD-CHF,Gold (CHF),1700.17
2023-08-03,GOLD-USD,Gold (USD),1932.0
2023-08-03,GOLD-CHF,Gold (CHF),1691.76
2023-08-04,GOLD-USD,Gold (USD),1939.6
2023-08-04,GOLD-CHF,Gold (CHF),1691.43
2023-08-07,GOLD-USD,Gold (USD),1933.5
2023-08-07,GOLD-CHF,Gold (CHF),1690.75
2023-08-08,GOLD-USD,Gold (USD),1924.1
2023-08-08,GOLD-CHF,Gold (CHF),1685.22
2023-08-09,GOLD-USD,Gold (USD),1915.4
2023-08-09,GOLD-CHF,Gold (CHF),1679.14
2023-08-10,GOLD-USD,Gold (USD),1914.4
2023-08-10,GOLD-CHF,Gold (CHF),1672.71
2023-08-11,GOLD-USD,Gold (USD),1912.9
2023-08-11,GOLD-CHF,Gold (CHF),1674.84
2023-08-14,GOLD-USD,Gold (USD),1910.6
2023-08-14,GOLD-CHF,Gold (CHF),1680.09
2023-08-15,GOLD-USD,Gold (USD),1902.5
2023-08-15,GOLD-CHF,Gold (CHF),1666.49
2023-08-16,GOLD-USD,Gold (USD),1896.1
2023-08-16,GOLD-CHF,Gold (CHF),1666.58
2023-08-17,GOLD-USD,Gold (USD),1884.1
2023-08-17,GOLD-CHF,Gold (CHF),1654.9
2023-08-18,GOLD-USD,Gold (USD),1886.1
2023-08-18,GOLD-CHF,Gold (CHF),1662.13
2023-08-21,GOLD-USD,Gold (USD),1893.3
2023-08-21,GOLD-CHF,Gold (CHF),1667.33
2023-08-22,GOLD-USD,Gold (USD),1896.4
2023-08-22,GOLD-CHF,Gold (CHF),1669.02
2023-08-23,GOLD-USD,Gold (USD),1918.5
2023-08-23,GOLD-CHF,Gold (CHF),1686.94
2023-08-24,GOLD-USD,Gold (USD),1918.2
2023-08-24,GOLD-CHF,Gold (CHF),1692.14
2023-08-25,GOLD-USD,Gold (USD),1911.1
2023-08-25,GOLD-CHF,Gold (CHF),1695.24
2023-08-28,GOLD-USD,Gold (USD),1917.9
2023-08-28,GOLD-CHF,Gold (CHF),1696.86
2023-08-29,GOLD-USD,Gold (USD),1936.5
2023-08-29,GOLD-CHF,Gold (CHF),1707.12
2023-08-30,GOLD-USD,Gold (USD),1944.3
2023-08-30,GOLD-CHF,Gold (CHF),1704.67
2023-08-31,GOLD-USD,Gold (USD),1938.2
2023-08-31,GOLD-CHF,Gold (CHF),1711.92
2023-09-01,GOLD-USD,Gold (USD),1939.8
2023-09-01,GOLD-CHF,Gold (CHF),1715.07
2023-09-05,GOLD-USD,Gold (USD),1926.2
2023-09-05,GOLD-CHF,Gold (CHF),1712.78
2023-09-06,GOLD-USD,Gold (USD),1918.1
2023-09-06,GOLD-CHF,Gold (CHF),1712.96
2023-09-07,GOLD-USD,Gold (USD),1917.5
2023-09-07,GOLD-CHF,Gold (CHF),1712.14
2023-09-08,GOLD-USD,Gold (USD),1918.4
2023-09-08,GOLD-CHF,Gold (CHF),1710.73
2023-09-11,GOLD-USD,Gold (USD),1923.3
2023-09-11,GOLD-CHF,Gold (CHF),1714.53
2023-09-12,GOLD-USD,Gold (USD),1911.3
2023-09-12,GOLD-CHF,Gold (CHF),1706.31
2023-09-13,GOLD-USD,Gold (USD),1909.1
2023-09-13,GOLD-CHF,Gold (CHF),1704.35
2023-09-14,GOLD-USD,Gold (USD),1910.0
2023-09-14,GOLD-CHF,Gold (CHF),1708.4
2023-09-15,GOLD-USD,Gold (USD),1923.7
2023-09-15,GOLD-CHF,Gold (CHF),1725.46
2023-09-18,GOLD-USD,Gold (USD),1931.5
2023-09-18,GOLD-CHF,Gold (CHF),1734.29
2023-09-19,GOLD-USD,Gold (USD),1932.0
2023-09-19,GOLD-CHF,Gold (CHF),1734.45
2023-09-20,GOLD-USD,Gold (USD),1945.6
2023-09-20,GOLD-CHF,Gold (CHF),1740.44
2023-09-21,GOLD-USD,Gold (USD),1919.2
2023-09-21,GOLD-CHF,Gold (CHF),1732.85
2023-09-22,GOLD-USD,Gold (USD),1925.4
2023-09-22,GOLD-CHF,Gold (CHF),1744.32
2023-09-25,GOLD-USD,Gold (USD),1916.6
2023-09-25,GOLD-CHF,Gold (CHF),1750.53
2023-09-26,GOLD-USD,Gold (USD),1900.4
2023-09-26,GOLD-CHF,Gold (CHF),1736.4
2023-09-27,GOLD-USD,Gold (USD),1871.6
2023-09-27,GOLD-CHF,Gold (CHF),1721.59
2023-09-28,GOLD-USD,Gold (USD),1860.4
2023-09-28,GOLD-CHF,Gold (CHF),1705.15
2023-09-29,GOLD-USD,Gold (USD),1848.1
2023-09-29,GOLD-CHF,Gold (CHF),1690.64
2023-10-02,GOLD-USD,Gold (USD),1830.0
2023-10-02,GOLD-CHF,Gold (CHF),1682.04
2023-10-03,GOLD-USD,Gold (USD),1824.6
2023-10-03,GOLD-CHF,Gold (CHF),1680.82
2023-10-04,GOLD-USD,Gold (USD),1818.5
2023-10-04,GOLD-CHF,Gold (CHF),1671.66
2023-10-05,GOLD-USD,Gold (USD),1816.6
2023-10-05,GOLD-CHF,Gold (CHF),1660.46
2023-10-06,GOLD-USD,Gold (USD),1830.2
2023-10-06,GOLD-CHF,Gold (CHF),1672.44
2023-10-09,GOLD-USD,Gold (USD),1849.5
2023-10-09,GOLD-CHF,Gold (CHF),1678.33
2023-10-10,GOLD-USD,Gold (USD),1861.0
2023-10-10,GOLD-CHF,Gold (CHF),1685.41
2023-10-11,GOLD-USD,Gold (USD),1872.8
2023-10-11,GOLD-CHF,Gold (CHF),1689.92
2023-10-12,GOLD-USD,Gold (USD),1869.3
2023-10-12,GOLD-CHF,Gold (CHF),1694.24
2023-10-13,GOLD-USD,Gold (USD),1927.4
2023-10-13,GOLD-CHF,Gold (CHF),1743.91
2023-10-16,GOLD-USD,Gold (USD),1921.1
2023-10-16,GOLD-CHF,Gold (CHF),1731.78
2023-10-17,GOLD-USD,Gold (USD),1922.7
2023-10-17,GOLD-CHF,Gold (CHF),1731.3
2023-10-18,GOLD-USD,Gold (USD),1955.3
2023-10-18,GOLD-CHF,Gold (CHF),1755.76
2023-10-19,GOLD-USD,Gold (USD),1968.4
2023-10-19,GOLD-CHF,Gold (CHF),1764.97
2023-10-20,GOLD-USD,Gold (USD),1982.5
2023-10-20,GOLD-CHF,Gold (CHF),1767.5
2023-10-23,GOLD-USD,Gold (USD),1976.3
2023-10-23,GOLD-CHF,Gold (CHF),1764.54
2023-10-24,GOLD-USD,Gold (USD),1975.0
2023-10-24,GOLD-CHF,Gold (CHF),1764.27
2023-10-25,GOLD-USD,Gold (USD),1984.1
2023-10-25,GOLD-CHF,Gold (CHF),1775.87
2023-10-26,GOLD-USD,Gold (USD),1987.2
2023-10-26,GOLD-CHF,Gold (CHF),1785.5
2023-10-27,GOLD-USD,Gold (USD),1988.6
2023-10-27,GOLD-CHF,Gold (CHF),1795.21
2023-10-30,GOLD-USD,Gold (USD),1996.2
2023-10-30,GOLD-CHF,Gold (CHF),1800.27
2023-10-31,GOLD-USD,Gold (USD),1985.2
2023-10-31,GOLD-CHF,Gold (CHF),1806.63
2023-11-01,GOLD-USD,Gold (USD),1978.8
2023-11-01,GOLD-CHF,Gold (CHF),1801.4
2023-11-02,GOLD-USD,Gold (USD),1985.6
2023-11-02,GOLD-CHF,Gold (CHF),1799.45
2023-11-03,GOLD-USD,Gold (USD),1991.5
2023-11-03,GOLD-CHF,Gold (CHF),1789.06
2023-11-06,GOLD-USD,Gold (USD),1981.6
2023-11-06,GOLD-CHF,Gold (CHF),1777.79
2023-11-07,GOLD-USD,Gold (USD),1966.8
2023-11-07,GOLD-CHF,Gold (CHF),1770.81
2023-11-08,GOLD-USD,Gold (USD),1951.5
2023-11-08,GOLD-CHF,Gold (CHF),1753.42
2023-11-09,GOLD-USD,Gold (USD),1964.2
2023-11-09,GOLD-CHF,Gold (CHF),1766.5
2023-11-10,GOLD-USD,Gold (USD),1932.6
2023-11-10,GOLD-CHF,Gold (CHF),1745.23
2023-11-13,GOLD-USD,Gold (USD),1945.5
2023-11-13,GOLD-CHF,Gold (CHF),1755.72
2023-11-14,GOLD-USD,Gold (USD),1961.8
2023-11-14,GOLD-CHF,Gold (CHF),1750.22
2023-11-15,GOLD-USD,Gold (USD),1960.1
2023-11-15,GOLD-CHF,Gold (CHF),1737.04
2023-11-16,GOLD-USD,Gold (USD),1983.9
2023-11-16,GOLD-CHF,Gold (CHF),1760.61
2023-11-17,GOLD-USD,Gold (USD),1981.6
2023-11-17,GOLD-CHF,Gold (CHF),1756.69
2023-11-20,GOLD-USD,Gold (USD),1977.7
2023-11-20,GOLD-CHF,Gold (CHF),1748.78
2023-11-21,GOLD-USD,Gold (USD),1999.3
2023-11-21,GOLD-CHF,Gold (CHF),1764.48
2023-11-22,GOLD-USD,Gold (USD),1991.4
2023-11-22,GOLD-CHF,Gold (CHF),1763.88
2023-11-24,GOLD-USD,Gold (USD),2002.2
2023-11-24,GOLD-CHF,Gold (CHF),1765.64
2023-11-27,GOLD-USD,Gold (USD),2011.8
2023-11-27,GOLD-CHF,Gold (CHF),1772.4
2023-11-28,GOLD-USD,Gold (USD),2039.7
2023-11-28,GOLD-CHF,Gold (CHF),1791.57
2023-11-29,GOLD-USD,Gold (USD),2047.1
2023-11-29,GOLD-CHF,Gold (CHF),1791.11
2023-11-30,GOLD-USD,Gold (USD),2038.1
2023-11-30,GOLD-CHF,Gold (CHF),1772.23
2023-12-01,GOLD-USD,Gold (USD),2071.0
2023-12-01,GOLD-CHF,Gold (CHF),1806.74
2023-12-04,GOLD-USD,Gold (USD),2024.1
2023-12-04,GOLD-CHF,Gold (CHF),1768.96
2023-12-05,GOLD-USD,Gold (USD),2018.5
2023-12-05,GOLD-CHF,Gold (CHF),1764.57
2023-12-06,GOLD-USD,Gold (USD),2030.5
2023-12-06,GOLD-CHF,Gold (CHF),1773.95
2023-12-07,GOLD-USD,Gold (USD),2029.9
2023-12-07,GOLD-CHF,Gold (CHF),1779.31
2023-12-08,GOLD-USD,Gold (USD),1998.3
2023-12-08,GOLD-CHF,Gold (CHF),1757.8
2023-12-11,GOLD-USD,Gold (USD),1978.0
2023-12-11,GOLD-CHF,Gold (CHF),1739.35
2023-12-12,GOLD-USD,Gold (USD),1977.8
2023-12-12,GOLD-CHF,Gold (CHF),1733.25
2023-12-13,GOLD-USD,Gold (USD),1982.3
2023-12-13,GOLD-CHF,Gold (CHF),1736.59
2023-12-14,GOLD-USD,Gold (USD),2030.2
2023-12-14,GOLD-CHF,Gold (CHF),1758.25
2023-12-15,GOLD-USD,Gold (USD),2021.1
2023-12-15,GOLD-CHF,Gold (CHF),1751.99
2023-12-18,GOLD-USD,Gold (USD),2026.3
2023-12-18,GOLD-CHF,Gold (CHF),1758.63
2023-12-19,GOLD-USD,Gold (USD),2038.4
2023-12-19,GOLD-CHF,Gold (CHF),1752.51
2023-12-20,GOLD-USD,Gold (USD),2034.5
2023-12-20,GOLD-CHF,Gold (CHF),1752.01
2023-12-21,GOLD-USD,Gold (USD),2039.1
2023-12-21,GOLD-CHF,Gold (CHF),1747.3
2023-12-22,GOLD-USD,Gold (USD),2057.1
2023-12-22,GOLD-CHF,Gold (CHF),1759.95
2023-12-26,GOLD-USD,Gold (USD),2058.2
2023-12-26,GOLD-CHF,Gold (CHF),1760.48
2023-12-27,GOLD-USD,Gold (USD),2081.9
2023-12-27,GOLD-CHF,Gold (CHF),1760.98
2023-12-28,GOLD-USD,Gold (USD),2073.9
2023-12-28,GOLD-CHF,Gold (CHF),1734.51
2023-12-29,GOLD-USD,Gold (USD),2062.4
2023-12-29,GOLD-CHF,Gold (CHF),1735.82
2024-01-02,GOLD-USD,Gold (USD),2064.4
2024-01-02,GOLD-CHF,Gold (CHF),1751.95
2024-01-03,GOLD-USD,Gold (USD),2034.2
2024-01-03,GOLD-CHF,Gold (CHF),1734.26
2024-01-04,GOLD-USD,Gold (USD),2042.3
2024-01-04,GOLD-CHF,Gold (CHF),1735.44
2024-01-05,GOLD-USD,Gold (USD),2042.4
2024-01-05,GOLD-CHF,Gold (CHF),1730.63
2024-01-08,GOLD-USD,Gold (USD),2026.6
2024-01-08,GOLD-CHF,Gold (CHF),1715.21
2024-01-09,GOLD-USD,Gold (USD),2026.4
2024-01-09,GOLD-CHF,Gold (CHF),1727.0
2024-01-10,GOLD-USD,Gold (USD),2021.7
2024-01-10,GOLD-CHF,Gold (CHF),1721.38
2024-01-11,GOLD-USD,Gold (USD),2014.3
2024-01-11,GOLD-CHF,Gold (CHF),1722.33
2024-01-12,GOLD-USD,Gold (USD),2046.7
2024-01-12,GOLD-CHF,Gold (CHF),1741.64
2024-01-16,GOLD-USD,Gold (USD),2026.0
2024-01-16,GOLD-CHF,Gold (CHF),1742.36
2024-01-17,GOLD-USD,Gold (USD),2002.6
2024-01-17,GOLD-CHF,Gold (CHF),1738.56
2024-01-18,GOLD-USD,Gold (USD),2018.6
2024-01-18,GOLD-CHF,Gold (CHF),1754.26
2024-01-19,GOLD-USD,Gold (USD),2026.5
2024-01-19,GOLD-CHF,Gold (CHF),1760.83
2024-01-22,GOLD-USD,Gold (USD),2019.8
2024-01-22,GOLD-CHF,Gold (CHF),1755.91
2024-01-23,GOLD-USD,Gold (USD),2023.7
2024-01-23,GOLD-CHF,Gold (CHF),1763.55
2024-01-24,GOLD-USD,Gold (USD),2013.9
2024-01-24,GOLD-CHF,Gold (CHF),1738.7
2024-01-25,GOLD-USD,Gold (USD),2016.9
2024-01-25,GOLD-CHF,Gold (CHF),1750.57
2024-01-26,GOLD-USD,Gold (USD),2016.8
2024-01-26,GOLD-CHF,Gold (CHF),1740.9
2024-01-29,GOLD-USD,Gold (USD),2025.2
2024-01-29,GOLD-CHF,Gold (CHF),1749.37
2024-01-30,GOLD-USD,Gold (USD),2031.5
2024-01-30,GOLD-CHF,Gold (CHF),1753.9
2024-01-31,GOLD-USD,Gold (USD),2048.4
2024-01-31,GOLD-CHF,Gold (CHF),1757.22
2024-02-01,GOLD-USD,Gold (USD),2053.0
2024-02-01,GOLD-CHF,Gold (CHF),1768.76
2024-02-02,GOLD-USD,Gold (USD),2036.1
2024-02-02,GOLD-CHF,Gold (CHF),1762.45
2024-02-05,GOLD-USD,Gold (USD),2025.7
2024-02-05,GOLD-CHF,Gold (CHF),1765.5
2024-02-06,GOLD-USD,Gold (USD),2034.5
2024-02-06,GOLD-CHF,Gold (CHF),1770.93
2024-02-07,GOLD-USD,Gold (USD),2035.2
2024-02-07,GOLD-CHF,Gold (CHF),1774.29
2024-02-08,GOLD-USD,Gold (USD),2032.2
2024-02-08,GOLD-CHF,Gold (CHF),1777.46
2024-02-09,GOLD-USD,Gold (USD),2023.3
2024-02-09,GOLD-CHF,Gold (CHF),1770.39
2024-02-12,GOLD-USD,Gold (USD),2018.2
2024-02-12,GOLD-CHF,Gold (CHF),1768.45
2024-02-13,GOLD-USD,Gold (USD),1992.9
2024-02-13,GOLD-CHF,Gold (CHF),1766.61
2024-02-14,GOLD-USD,Gold (USD),1990.3
2024-02-14,GOLD-CHF,Gold (CHF),1764.1
2024-02-15,GOLD-USD,Gold (USD),2002.1
2024-02-15,GOLD-CHF,Gold (CHF),1762.55
2024-02-16,GOLD-USD,Gold (USD),2011.5
2024-02-16,GOLD-CHF,Gold (CHF),1771.63
2024-02-20,GOLD-USD,Gold (USD),2027.5
2024-02-20,GOLD-CHF,Gold (CHF),1784.3
2024-02-21,GOLD-USD,Gold (USD),2022.3
2024-02-21,GOLD-CHF,Gold (CHF),1781.34
2024-02-22,GOLD-USD,Gold (USD),2019.7
2024-02-22,GOLD-CHF,Gold (CHF),1781.38
2024-02-23,GOLD-USD,Gold (USD),2038.6
2024-02-23,GOLD-CHF,Gold (CHF),1796.11
2024-02-26,GOLD-USD,Gold (USD),2028.5
2024-02-26,GOLD-CHF,Gold (CHF),1786.2
2024-02-27,GOLD-USD,Gold (USD),2034.0
2024-02-27,GOLD-CHF,Gold (CHF),1788.39
2024-02-28,GOLD-USD,Gold (USD),2033.0
2024-02-28,GOLD-CHF,Gold (CHF),1789.14
2024-02-29,GOLD-USD,Gold (USD),2045.7
2024-02-29,GOLD-CHF,Gold (CHF),1801.34
2024-03-01,GOLD-USD,Gold (USD),2086.9
2024-03-01,GOLD-CHF,Gold (CHF),1847.01
2024-03-04,GOLD-USD,Gold (USD),2117.7
2024-03-04,GOLD-CHF,Gold (CHF),1873.64
2024-03-05,GOLD-USD,Gold (USD),2133.5
2024-03-05,GOLD-CHF,Gold (CHF),1883.35
2024-03-06,GOLD-USD,Gold (USD),2150.3
2024-03-06,GOLD-CHF,Gold (CHF),1896.03
2024-03-07,GOLD-USD,Gold (USD),2158.0
2024-03-07,GOLD-CHF,Gold (CHF),1896.99
2024-03-08,GOLD-USD,Gold (USD),2178.6
2024-03-08,GOLD-CHF,Gold (CHF),1907.26
2024-03-11,GOLD-USD,Gold (USD),2182.5
2024-03-11,GOLD-CHF,Gold (CHF),1916.78
2024-03-12,GOLD-USD,Gold (USD),2160.4
2024-03-12,GOLD-CHF,Gold (CHF),1897.37
2024-03-13,GOLD-USD,Gold (USD),2175.4
2024-03-13,GOLD-CHF,Gold (CHF),1910.11
2024-03-14,GOLD-USD,Gold (USD),2163.0
2024-03-14,GOLD-CHF,Gold (CHF),1910.9
2024-03-15,GOLD-USD,Gold (USD),2157.3
2024-03-15,GOLD-CHF,Gold (CHF),1906.3
2024-03-18,GOLD-USD,Gold (USD),2160.7
2024-03-18,GOLD-CHF,Gold (CHF),1915.14
2024-03-19,GOLD-USD,Gold (USD),2156.3
2024-03-19,GOLD-CHF,Gold (CHF),1915.23
2024-03-20,GOLD-USD,Gold (USD),2157.9
2024-03-20,GOLD-CHF,Gold (CHF),1923.23
2024-03-21,GOLD-USD,Gold (USD),2182.4
2024-03-21,GOLD-CHF,Gold (CHF),1962.52
2024-03-22,GOLD-USD,Gold (USD),2158.1
2024-03-22,GOLD-CHF,Gold (CHF),1938.51
2024-03-25,GOLD-USD,Gold (USD),2174.8
2024-03-25,GOLD-CHF,Gold (CHF),1953.51
2024-03-26,GOLD-USD,Gold (USD),2175.6
2024-03-26,GOLD-CHF,Gold (CHF),1964.24
2024-03-27,GOLD-USD,Gold (USD),2190.6
2024-03-27,GOLD-CHF,Gold (CHF),1983.92
2024-03-28,GOLD-USD,Gold (USD),2217.4
2024-03-28,GOLD-CHF,Gold (CHF),1997.21
2024-04-01,GOLD-USD,Gold (USD),2236.5
2024-04-01,GOLD-CHF,Gold (CHF),2023.7
2024-04-02,GOLD-USD,Gold (USD),2261.0
2024-04-02,GOLD-CHF,Gold (CHF),2049.03
2024-04-03,GOLD-USD,Gold (USD),2294.4
2024-04-03,GOLD-CHF,Gold (CHF),2078.38
2024-04-04,GOLD-USD,Gold (USD),2288.8
2024-04-04,GOLD-CHF,Gold (CHF),2070.68
2024-04-05,GOLD-USD,Gold (USD),2325.7
2024-04-05,GOLD-CHF,Gold (CHF),2097.67
2024-04-08,GOLD-USD,Gold (USD),2331.7
2024-04-08,GOLD-CHF,Gold (CHF),2110.07
2024-04-09,GOLD-USD,Gold (USD),2343.5
2024-04-09,GOLD-CHF,Gold (CHF),2117.59
2024-04-10,GOLD-USD,Gold (USD),2329.6
2024-04-10,GOLD-CHF,Gold (CHF),2124.36
2024-04-11,GOLD-USD,Gold (USD),2354.8
2024-04-11,GOLD-CHF,Gold (CHF),2145.93
2024-04-12,GOLD-USD,Gold (USD),2356.2
2024-04-12,GOLD-CHF,Gold (CHF),2146.14
2024-04-15,GOLD-USD,Gold (USD),2365.8
2024-04-15,GOLD-CHF,Gold (CHF),2162.46
2024-04-16,GOLD-USD,Gold (USD),2390.8
2024-04-16,GOLD-CHF,Gold (CHF),2182.44
2024-04-17,GOLD-USD,Gold (USD),2371.7
2024-04-17,GOLD-CHF,Gold (CHF),2165.24
2024-04-18,GOLD-USD,Gold (USD),2382.3
2024-04-18,GOLD-CHF,Gold (CHF),2172.9
2024-04-19,GOLD-USD,Gold (USD),2398.4
2024-04-19,GOLD-CHF,Gold (CHF),2180.98
2024-04-22,GOLD-USD,Gold (USD),2332.2
2024-04-22,GOLD-CHF,Gold (CHF),2125.22
2024-04-23,GOLD-USD,Gold (USD),2327.7
2024-04-23,GOLD-CHF,Gold (CHF),2119.25
2024-04-24,GOLD-USD,Gold (USD),2324.5
2024-04-24,GOLD-CHF,Gold (CHF),2124.24
2024-04-25,GOLD-USD,Gold (USD),2329.8
2024-04-25,GOLD-CHF,Gold (CHF),2128.62
2024-04-26,GOLD-USD,Gold (USD),2334.8
2024-04-26,GOLD-CHF,Gold (CHF),2135.17
2024-04-29,GOLD-USD,Gold (USD),2345.4
2024-04-29,GOLD-CHF,Gold (CHF),2135.96
2024-04-30,GOLD-USD,Gold (USD),2291.4
2024-04-30,GOLD-CHF,Gold (CHF),2101.56
2024-05-01,GOLD-USD,Gold (USD),2299.9
2024-05-01,GOLD-CHF,Gold (CHF),2114.41
2024-05-02,GOLD-USD,Gold (USD),2299.2
2024-05-02,GOLD-CHF,Gold (CHF),2100.32
2024-05-03,GOLD-USD,Gold (USD),2299.0
2024-05-03,GOLD-CHF,Gold (CHF),2080.02
2024-05-06,GOLD-USD,Gold (USD),2321.6
2024-05-06,GOLD-CHF,Gold (CHF),2101.16
2024-05-07,GOLD-USD,Gold (USD),2315.2
2024-05-07,GOLD-CHF,Gold (CHF),2099.54
2024-05-08,GOLD-USD,Gold (USD),2313.6
2024-05-08,GOLD-CHF,Gold (CHF),2100.86
2024-05-09,GOLD-USD,Gold (USD),2332.1
2024-05-09,GOLD-CHF,Gold (CHF),2114.63
2024-05-10,GOLD-USD,Gold (USD),2367.3
2024-05-10,GOLD-CHF,Gold (CHF),2148.32
2024-05-13,GOLD-USD,Gold (USD),2336.1
2024-05-13,GOLD-CHF,Gold (CHF),2117.09
2024-05-14,GOLD-USD,Gold (USD),2353.4
2024-05-14,GOLD-CHF,Gold (CHF),2132.65
2024-05-15,GOLD-USD,Gold (USD),2388.7
2024-05-15,GOLD-CHF,Gold (CHF),2161.42
2024-05-16,GOLD-USD,Gold (USD),2380.0
2024-05-16,GOLD-CHF,Gold (CHF),2152.59
2024-05-17,GOLD-USD,Gold (USD),2412.2
2024-05-17,GOLD-CHF,Gold (CHF),2187.99
2024-05-20,GOLD-USD,Gold (USD),2433.9
2024-05-20,GOLD-CHF,Gold (CHF),2212.29
2024-05-21,GOLD-USD,Gold (USD),2421.7
2024-05-21,GOLD-CHF,Gold (CHF),2201.69
2024-05-22,GOLD-USD,Gold (USD),2389.2
2024-05-22,GOLD-CHF,Gold (CHF),2184.8
2024-05-23,GOLD-USD,Gold (USD),2335.0
2024-05-23,GOLD-CHF,Gold (CHF),2133.37
2024-05-24,GOLD-USD,Gold (USD),2332.5
2024-05-24,GOLD-CHF,Gold (CHF),2133.19
2024-05-28,GOLD-USD,Gold (USD),2355.2
2024-05-28,GOLD-CHF,Gold (CHF),2143.59
2024-05-29,GOLD-USD,Gold (USD),2340.3
2024-05-29,GOLD-CHF,Gold (CHF),2137.04
2024-05-30,GOLD-USD,Gold (USD),2342.9
2024-05-30,GOLD-CHF,Gold (CHF),2117.4
2024-05-31,GOLD-USD,Gold (USD),2322.9
2024-05-31,GOLD-CHF,Gold (CHF),2095.6
2024-06-03,GOLD-USD,Gold (USD),2346.6
2024-06-03,GOLD-CHF,Gold (CHF),2104.31
2024-06-04,GOLD-USD,Gold (USD),2325.5
2024-06-04,GOLD-CHF,Gold (CHF),2070.51
2024-06-05,GOLD-USD,Gold (USD),2354.1
2024-06-05,GOLD-CHF,Gold (CHF),2105.86
2024-06-06,GOLD-USD,Gold (USD),2370.3
2024-06-06,GOLD-CHF,Gold (CHF),2114.43
2024-06-07,GOLD-USD,Gold (USD),2305.2
2024-06-07,GOLD-CHF,Gold (CHF),2066.84
2024-06-10,GOLD-USD,Gold (USD),2307.7
2024-06-10,GOLD-CHF,Gold (CHF),2070.47
2024-06-11,GOLD-USD,Gold (USD),2307.5
2024-06-11,GOLD-CHF,Gold (CHF),2075.02
2024-06-12,GOLD-USD,Gold (USD),2336.0
2024-06-12,GOLD-CHF,Gold (CHF),2081.14
2024-06-13,GOLD-USD,Gold (USD),2300.2
2024-06-13,GOLD-CHF,Gold (CHF),2057.07
2024-06-14,GOLD-USD,Gold (USD),2331.4
2024-06-14,GOLD-CHF,Gold (CHF),2076.0
2024-06-17,GOLD-USD,Gold (USD),2312.4
2024-06-17,GOLD-CHF,Gold (CHF),2063.01
2024-06-18,GOLD-USD,Gold (USD),2330.4
2024-06-18,GOLD-CHF,Gold (CHF),2061.47
2024-06-20,GOLD-USD,Gold (USD),2353.8
2024-06-20,GOLD-CHF,Gold (CHF),2095.71
2024-06-21,GOLD-USD,Gold (USD),2316.4
2024-06-21,GOLD-CHF,Gold (CHF),2069.82
2024-06-24,GOLD-USD,Gold (USD),2330.0
2024-06-24,GOLD-CHF,Gold (CHF),2082.67
2024-06-25,GOLD-USD,Gold (USD),2316.6
2024-06-25,GOLD-CHF,Gold (CHF),2072.08
2024-06-26,GOLD-USD,Gold (USD),2299.2
2024-06-26,GOLD-CHF,Gold (CHF),2062.73
2024-06-27,GOLD-USD,Gold (USD),2324.5
2024-06-27,GOLD-CHF,Gold (CHF),2085.08
2024-06-28,GOLD-USD,Gold (USD),2327.7
2024-06-28,GOLD-CHF,Gold (CHF),2091.67
2024-07-01,GOLD-USD,Gold (USD),2327.6
2024-07-01,GOLD-CHF,Gold (CHF),2104.27
2024-07-02,GOLD-USD,Gold (USD),2323.0
2024-07-02,GOLD-CHF,Gold (CHF),2098.25
2024-07-03,GOLD-USD,Gold (USD),2359.8
2024-07-03,GOLD-CHF,Gold (CHF),2126.53
2024-07-05,GOLD-USD,Gold (USD),2388.5
2024-07-05,GOLD-CHF,Gold (CHF),2144.75
2024-07-08,GOLD-USD,Gold (USD),2355.2
2024-07-08,GOLD-CHF,Gold (CHF),2112.73
2024-07-09,GOLD-USD,Gold (USD),2360.1
2024-07-09,GOLD-CHF,Gold (CHF),2118.54
2024-07-10,GOLD-USD,Gold (USD),2372.2
2024-07-10,GOLD-CHF,Gold (CHF),2133.68
2024-07-11,GOLD-USD,Gold (USD),2415.0
2024-07-11,GOLD-CHF,Gold (CHF),2158.41
2024-07-12,GOLD-USD,Gold (USD),2414.0
2024-07-12,GOLD-CHF,Gold (CHF),2158.72
2024-07-15,GOLD-USD,Gold (USD),2422.9
2024-07-15,GOLD-CHF,Gold (CHF),2168.74
2024-07-16,GOLD-USD,Gold (USD),2462.4
2024-07-16,GOLD-CHF,Gold (CHF),2206.31
2024-07-17,GOLD-USD,Gold (USD),2454.8
2024-07-17,GOLD-CHF,Gold (CHF),2175.81
2024-07-18,GOLD-USD,Gold (USD),2451.8
2024-07-18,GOLD-CHF,Gold (CHF),2167.76
2024-07-19,GOLD-USD,Gold (USD),2395.5
2024-07-19,GOLD-CHF,Gold (CHF),2128.52
2024-07-22,GOLD-USD,Gold (USD),2392.0
2024-07-22,GOLD-CHF,Gold (CHF),2127.44
2024-07-23,GOLD-USD,Gold (USD),2404.6
2024-07-23,GOLD-CHF,Gold (CHF),2145.74
2024-07-24,GOLD-USD,Gold (USD),2413.3
2024-07-24,GOLD-CHF,Gold (CHF),2133.0
2024-07-25,GOLD-USD,Gold (USD),2351.9
2024-07-25,GOLD-CHF,Gold (CHF),2069.32
2024-07-26,GOLD-USD,Gold (USD),2380.0
2024-07-26,GOLD-CHF,Gold (CHF),2101.66
2024-07-29,GOLD-USD,Gold (USD),2377.3
2024-07-29,GOLD-CHF,Gold (CHF),2107.24
2024-07-30,GOLD-USD,Gold (USD),2405.0
2024-07-30,GOLD-CHF,Gold (CHF),2130.71
2024-07-31,GOLD-USD,Gold (USD),2426.5
2024-07-31,GOLD-CHF,Gold (CHF),2135.93
2024-08-01,GOLD-USD,Gold (USD),2435.0
2024-08-01,GOLD-CHF,Gold (CHF),2128.43
2024-08-02,GOLD-USD,Gold (USD),2425.7
2024-08-02,GOLD-CHF,Gold (CHF),2084.16
2024-08-05,GOLD-USD,Gold (USD),2401.7
2024-08-05,GOLD-CHF,Gold (CHF),2038.92
2024-08-06,GOLD-USD,Gold (USD),2389.1
2024-08-06,GOLD-CHF,Gold (CHF),2036.83
2024-08-07,GOLD-USD,Gold (USD),2390.5
2024-08-07,GOLD-CHF,Gold (CHF),2068.38
2024-08-08,GOLD-USD,Gold (USD),2422.2
2024-08-08,GOLD-CHF,Gold (CHF),2094.96
2024-08-09,GOLD-USD,Gold (USD),2432.1
2024-08-09,GOLD-CHF,Gold (CHF),2103.4
2024-08-12,GOLD-USD,Gold (USD),2462.4
2024-08-12,GOLD-CHF,Gold (CHF),2137.98
2024-08-13,GOLD-USD,Gold (USD),2466.7
2024-08-13,GOLD-CHF,Gold (CHF),2134.81
2024-08-14,GOLD-USD,Gold (USD),2439.4
2024-08-14,GOLD-CHF,Gold (CHF),2106.3
2024-08-15,GOLD-USD,Gold (USD),2453.1
2024-08-15,GOLD-CHF,Gold (CHF),2136.77
2024-08-16,GOLD-USD,Gold (USD),2498.6
2024-08-16,GOLD-CHF,Gold (CHF),2169.66
2024-08-19,GOLD-USD,Gold (USD),2501.8
2024-08-19,GOLD-CHF,Gold (CHF),2160.43
2024-08-20,GOLD-USD,Gold (USD),2511.3
2024-08-20,GOLD-CHF,Gold (CHF),2152.81
2024-08-21,GOLD-USD,Gold (USD),2508.4
2024-08-21,GOLD-CHF,Gold (CHF),2140.29
2024-08-22,GOLD-USD,Gold (USD),2478.9
2024-08-22,GOLD-CHF,Gold (CHF),2112.52
2024-08-23,GOLD-USD,Gold (USD),2508.4
2024-08-23,GOLD-CHF,Gold (CHF),2128.75
2024-08-26,GOLD-USD,Gold (USD),2517.7
2024-08-26,GOLD-CHF,Gold (CHF),2131.61
2024-08-27,GOLD-USD,Gold (USD),2516.0
2024-08-27,GOLD-CHF,Gold (CHF),2120.36
2024-08-28,GOLD-USD,Gold (USD),2501.0
2024-08-28,GOLD-CHF,Gold (CHF),2105.84
2024-08-29,GOLD-USD,Gold (USD),2525.7
2024-08-29,GOLD-CHF,Gold (CHF),2143.18
2024-08-30,GOLD-USD,Gold (USD),2493.8
2024-08-30,GOLD-CHF,Gold (CHF),2115.86
2024-09-03,GOLD-USD,Gold (USD),2489.9
2024-09-03,GOLD-CHF,Gold (CHF),2116.17
2024-09-04,GOLD-USD,Gold (USD),2493.4
2024-09-04,GOLD-CHF,Gold (CHF),2113.28
2024-09-05,GOLD-USD,Gold (USD),2511.4
2024-09-05,GOLD-CHF,Gold (CHF),2130.55
2024-09-06,GOLD-USD,Gold (USD),2493.5
2024-09-06,GOLD-CHF,Gold (CHF),2099.65
2024-09-09,GOLD-USD,Gold (USD),2501.8
2024-09-09,GOLD-CHF,Gold (CHF),2120.4
2024-09-10,GOLD-USD,Gold (USD),2512.3
2024-09-10,GOLD-CHF,Gold (CHF),2129.8
2024-09-11,GOLD-USD,Gold (USD),2512.1
2024-09-11,GOLD-CHF,Gold (CHF),2131.39
2024-09-12,GOLD-USD,Gold (USD),2551.2
2024-09-12,GOLD-CHF,Gold (CHF),2178.6
2024-09-13,GOLD-USD,Gold (USD),2581.3
2024-09-13,GOLD-CHF,Gold (CHF),2188.56
2024-09-16,GOLD-USD,Gold (USD),2580.4
2024-09-16,GOLD-CHF,Gold (CHF),2181.08
2024-09-17,GOLD-USD,Gold (USD),2564.3
2024-09-17,GOLD-CHF,Gold (CHF),2170.81
2024-09-18,GOLD-USD,Gold (USD),2570.7
2024-09-18,GOLD-CHF,Gold (CHF),2174.43
2024-09-19,GOLD-USD,Gold (USD),2588.0
2024-09-19,GOLD-CHF,Gold (CHF),2195.27
2024-09-20,GOLD-USD,Gold (USD),2619.9
2024-09-20,GOLD-CHF,Gold (CHF),2227.96
2024-09-23,GOLD-USD,Gold (USD),2626.5
2024-09-23,GOLD-CHF,Gold (CHF),2226.88
2024-09-24,GOLD-USD,Gold (USD),2651.2
2024-09-24,GOLD-CHF,Gold (CHF),2242.52
2024-09-25,GOLD-USD,Gold (USD),2659.2
2024-09-25,GOLD-CHF,Gold (CHF),2257.39
2024-09-26,GOLD-USD,Gold (USD),2669.9
2024-09-26,GOLD-CHF,Gold (CHF),2262.87
2024-09-27,GOLD-USD,Gold (USD),2644.3
2024-09-27,GOLD-CHF,Gold (CHF),2226.37
2024-09-30,GOLD-USD,Gold (USD),2636.1
2024-09-30,GOLD-CHF,Gold (CHF),2223.68
2024-10-01,GOLD-USD,Gold (USD),2667.3
2024-10-01,GOLD-CHF,Gold (CHF),2254.54
2024-10-02,GOLD-USD,Gold (USD),2647.1
2024-10-02,GOLD-CHF,Gold (CHF),2251.76
2024-10-03,GOLD-USD,Gold (USD),2657.1
2024-10-03,GOLD-CHF,Gold (CHF),2267.97
2024-10-04,GOLD-USD,Gold (USD),2645.8
2024-10-04,GOLD-CHF,Gold (CHF),2272.21
2024-10-07,GOLD-USD,Gold (USD),2644.8
2024-10-07,GOLD-CHF,Gold (CHF),2264.35
2024-10-08,GOLD-USD,Gold (USD),2615.0
2024-10-08,GOLD-CHF,Gold (CHF),2243.28
2024-10-09,GOLD-USD,Gold (USD),2606.0
2024-10-09,GOLD-CHF,Gold (CHF),2239.34
2024-10-10,GOLD-USD,Gold (USD),2620.6
2024-10-10,GOLD-CHF,Gold (CHF),2248.74
2024-10-11,GOLD-USD,Gold (USD),2657.6
2024-10-11,GOLD-CHF,Gold (CHF),2278.49
2024-10-14,GOLD-USD,Gold (USD),2647.8
2024-10-14,GOLD-CHF,Gold (CHF),2285.45
2024-10-15,GOLD-USD,Gold (USD),2661.4
2024-10-15,GOLD-CHF,Gold (CHF),2294.26
2024-10-16,GOLD-USD,Gold (USD),2674.0
2024-10-16,GOLD-CHF,Gold (CHF),2311.0
2024-10-17,GOLD-USD,Gold (USD),2691.0
2024-10-17,GOLD-CHF,Gold (CHF),2328.12
2024-10-18,GOLD-USD,Gold (USD),2713.7
2024-10-18,GOLD-CHF,Gold (CHF),2348.16
2024-10-21,GOLD-USD,Gold (USD),2723.1
2024-10-21,GOLD-CHF,Gold (CHF),2355.75
2024-10-22,GOLD-USD,Gold (USD),2744.2
2024-10-22,GOLD-CHF,Gold (CHF),2374.69
2024-10-23,GOLD-USD,Gold (USD),2714.4
2024-10-23,GOLD-CHF,Gold (CHF),2353.52
2024-10-24,GOLD-USD,Gold (USD),2734.9
2024-10-24,GOLD-CHF,Gold (CHF),2369.11
2024-10-25,GOLD-USD,Gold (USD),2740.9
2024-10-25,GOLD-CHF,Gold (CHF),2374.3
2024-10-28,GOLD-USD,Gold (USD),2742.9
2024-10-28,GOLD-CHF,Gold (CHF),2374.94
2024-10-29,GOLD-USD,Gold (USD),2768.4
2024-10-29,GOLD-CHF,Gold (CHF),2404.22
2024-10-30,GOLD-USD,Gold (USD),2788.5
2024-10-30,GOLD-CHF,Gold (CHF),2416.37
2024-10-31,GOLD-USD,Gold (USD),2738.3
2024-10-31,GOLD-CHF,Gold (CHF),2367.81
2024-11-01,GOLD-USD,Gold (USD),2738.6
2024-11-01,GOLD-CHF,Gold (CHF),2383.81
2024-11-04,GOLD-USD,Gold (USD),2736.1
2024-11-04,GOLD-CHF,Gold (CHF),2360.84
2024-11-05,GOLD-USD,Gold (USD),2740.3
2024-11-05,GOLD-CHF,Gold (CHF),2368.58
2024-11-06,GOLD-USD,Gold (USD),2667.6
2024-11-06,GOLD-CHF,Gold (CHF),2334.68
2024-11-07,GOLD-USD,Gold (USD),2698.4
2024-11-07,GOLD-CHF,Gold (CHF),2352.33
2024-11-08,GOLD-USD,Gold (USD),2687.5
2024-11-08,GOLD-CHF,Gold (CHF),2347.67
2024-11-11,GOLD-USD,Gold (USD),2611.2
2024-11-11,GOLD-CHF,Gold (CHF),2297.73
2024-11-12,GOLD-USD,Gold (USD),2600.0
2024-11-12,GOLD-CHF,Gold (CHF),2293.85
2024-11-13,GOLD-USD,Gold (USD),2580.8
2024-11-13,GOLD-CHF,Gold (CHF),2280.01
2024-11-14,GOLD-USD,Gold (USD),2568.2
2024-11-14,GOLD-CHF,Gold (CHF),2279.41
2024-11-15,GOLD-USD,Gold (USD),2565.7
2024-11-15,GOLD-CHF,Gold (CHF),2278.21
2024-11-18,GOLD-USD,Gold (USD),2610.6
2024-11-18,GOLD-CHF,Gold (CHF),2312.34
2024-11-19,GOLD-USD,Gold (USD),2627.1
2024-11-19,GOLD-CHF,Gold (CHF),2317.23
2024-11-20,GOLD-USD,Gold (USD),2648.2
2024-11-20,GOLD-CHF,Gold (CHF),2344.85
2024-11-21,GOLD-USD,Gold (USD),2672.1
2024-11-21,GOLD-CHF,Gold (CHF),2364.67
2024-11-22,GOLD-USD,Gold (USD),2709.9
2024-11-22,GOLD-CHF,Gold (CHF),2421.97
2024-11-25,GOLD-USD,Gold (USD),2616.8
2024-11-25,GOLD-CHF,Gold (CHF),2322.8
2024-11-26,GOLD-USD,Gold (USD),2620.3
2024-11-26,GOLD-CHF,Gold (CHF),2325.65
2024-11-27,GOLD-USD,Gold (USD),2639.9
2024-11-27,GOLD-CHF,Gold (CHF),2325.36
2024-11-29,GOLD-USD,Gold (USD),2657.0
2024-11-29,GOLD-CHF,Gold (CHF),2340.82
2024-12-02,GOLD-USD,Gold (USD),2634.9
2024-12-02,GOLD-CHF,Gold (CHF),2339.4
2024-12-03,GOLD-USD,Gold (USD),2644.7
2024-12-03,GOLD-CHF,Gold (CHF),2341.49
2024-12-04,GOLD-USD,Gold (USD),2653.8
2024-12-04,GOLD-CHF,Gold (CHF),2345.03
2024-12-05,GOLD-USD,Gold (USD),2626.6
2024-12-05,GOLD-CHF,Gold (CHF),2311.01
2024-12-06,GOLD-USD,Gold (USD),2638.6
2024-12-06,GOLD-CHF,Gold (CHF),2314.71
2024-12-09,GOLD-USD,Gold (USD),2664.9
2024-12-09,GOLD-CHF,Gold (CHF),2334.85
2024-12-10,GOLD-USD,Gold (USD),2697.6
2024-12-10,GOLD-CHF,Gold (CHF),2380.36
2024-12-11,GOLD-USD,Gold (USD),2733.8
2024-12-11,GOLD-CHF,Gold (CHF),2417.36
2024-12-12,GOLD-USD,Gold (USD),2687.5
2024-12-12,GOLD-CHF,Gold (CHF),2388.52
2024-12-13,GOLD-USD,Gold (USD),2656.0
2024-12-13,GOLD-CHF,Gold (CHF),2373.27
2024-12-16,GOLD-USD,Gold (USD),2651.4
2024-12-16,GOLD-CHF,Gold (CHF),2366.24
2024-12-17,GOLD-USD,Gold (USD),2644.4
2024-12-17,GOLD-CHF,Gold (CHF),2365.81
2024-12-18,GOLD-USD,Gold (USD),2636.5
2024-12-18,GOLD-CHF,Gold (CHF),2354.26
2024-12-19,GOLD-USD,Gold (USD),2592.2
2024-12-19,GOLD-CHF,Gold (CHF),2327.41
2024-12-20,GOLD-USD,Gold (USD),2628.7
2024-12-20,GOLD-CHF,Gold (CHF),2351.5
2024-12-23,GOLD-USD,Gold (USD),2612.3
2024-12-23,GOLD-CHF,Gold (CHF),2351.33
2024-12-24,GOLD-USD,Gold (USD),2620.0
2024-12-24,GOLD-CHF,Gold (CHF),2360.23
2024-12-26,GOLD-USD,Gold (USD),2638.8
2024-12-26,GOLD-CHF,Gold (CHF),2376.11
2024-12-27,GOLD-USD,Gold (USD),2617.2
2024-12-27,GOLD-CHF,Gold (CHF),2359.27
2024-12-30,GOLD-USD,Gold (USD),2606.1
2024-12-30,GOLD-CHF,Gold (CHF),2362.82
2024-12-31,GOLD-USD,Gold (USD),2629.2
2024-12-31,GOLD-CHF,Gold (CHF),2382.71
2025-01-02,GOLD-USD,Gold (USD),2658.9
2025-01-02,GOLD-CHF,Gold (CHF),2421.86
2025-01-03,GOLD-USD,Gold (USD),2645.0
2025-01-03,GOLD-CHF,Gold (CHF),2408.93
2025-01-06,GOLD-USD,Gold (USD),2638.4
2025-01-06,GOLD-CHF,Gold (CHF),2387.62
2025-01-07,GOLD-USD,Gold (USD),2656.7
2025-01-07,GOLD-CHF,Gold (CHF),2412.68
2025-01-08,GOLD-USD,Gold (USD),2664.5
2025-01-08,GOLD-CHF,Gold (CHF),2428.56
2025-01-10,GOLD-USD,Gold (USD),2708.5
2025-01-10,GOLD-CHF,Gold (CHF),2482.2
2025-01-13,GOLD-USD,Gold (USD),2673.5
2025-01-13,GOLD-CHF,Gold (CHF),2458.55
2025-01-14,GOLD-USD,Gold (USD),2677.5
2025-01-14,GOLD-CHF,Gold (CHF),2448.57
2025-01-15,GOLD-USD,Gold (USD),2712.5
2025-01-15,GOLD-CHF,Gold (CHF),2472.85
2025-01-16,GOLD-USD,Gold (USD),2746.4
2025-01-16,GOLD-CHF,Gold (CHF),2504.58
2025-01-17,GOLD-USD,Gold (USD),2744.3
2025-01-17,GOLD-CHF,Gold (CHF),2507.6
2025-01-21,GOLD-USD,Gold (USD),2755.0
2025-01-21,GOLD-CHF,Gold (CHF),2500.58
2025-01-22,GOLD-USD,Gold (USD),2767.6
2025-01-22,GOLD-CHF,Gold (CHF),2510.07
2025-01-23,GOLD-USD,Gold (USD),2763.1
2025-01-23,GOLD-CHF,Gold (CHF),2512.07
2025-01-24,GOLD-USD,Gold (USD),2777.3
2025-01-24,GOLD-CHF,Gold (CHF),2512.21
2025-01-27,GOLD-USD,Gold (USD),2737.5
2025-01-27,GOLD-CHF,Gold (CHF),2466.08
2025-01-28,GOLD-USD,Gold (USD),2766.8
2025-01-28,GOLD-CHF,Gold (CHF),2506.03
2025-01-29,GOLD-USD,Gold (USD),2769.1
2025-01-29,GOLD-CHF,Gold (CHF),2510.33
2025-01-30,GOLD-USD,Gold (USD),2823.0
2025-01-30,GOLD-CHF,Gold (CHF),2561.17
2025-01-31,GOLD-USD,Gold (USD),2812.5
2025-01-31,GOLD-CHF,Gold (CHF),2553.89
2025-02-03,GOLD-USD,Gold (USD),2833.9
2025-02-03,GOLD-CHF,Gold (CHF),2583.81
2025-02-04,GOLD-USD,Gold (USD),2853.3
2025-02-04,GOLD-CHF,Gold (CHF),2584.66
2025-02-05,GOLD-USD,Gold (USD),2871.6
2025-02-05,GOLD-CHF,Gold (CHF),2586.31
2025-02-06,GOLD-USD,Gold (USD),2856.0
2025-02-06,GOLD-CHF,Gold (CHF),2585.39
2025-02-07,GOLD-USD,Gold (USD),2867.3
2025-02-07,GOLD-CHF,Gold (CHF),2607.38
2025-02-10,GOLD-USD,Gold (USD),2914.3
2025-02-10,GOLD-CHF,Gold (CHF),2653.03
2025-02-11,GOLD-USD,Gold (USD),2912.5
2025-02-11,GOLD-CHF,Gold (CHF),2659.84
2025-02-12,GOLD-USD,Gold (USD),2909.0
2025-02-12,GOLD-CHF,Gold (CHF),2657.23
2025-02-13,GOLD-USD,Gold (USD),2925.9
2025-02-13,GOLD-CHF,Gold (CHF),2648.38
2025-02-14,GOLD-USD,Gold (USD),2883.6
2025-02-14,GOLD-CHF,Gold (CHF),2589.04
2025-02-18,GOLD-USD,Gold (USD),2931.6
2025-02-18,GOLD-CHF,Gold (CHF),2643.28
2025-02-19,GOLD-USD,Gold (USD),2919.4
2025-02-19,GOLD-CHF,Gold (CHF),2638.55
2025-02-20,GOLD-USD,Gold (USD),2940.0
2025-02-20,GOLD-CHF,Gold (CHF),2645.26
2025-02-21,GOLD-USD,Gold (USD),2937.6
2025-02-21,GOLD-CHF,Gold (CHF),2642.52
2025-02-24,GOLD-USD,Gold (USD),2947.9
2025-02-24,GOLD-CHF,Gold (CHF),2644.41
2025-02-25,GOLD-USD,Gold (USD),2904.5
2025-02-25,GOLD-CHF,Gold (CHF),2595.32
2025-02-26,GOLD-USD,Gold (USD),2916.8
2025-02-26,GOLD-CHF,Gold (CHF),2606.74
2025-02-27,GOLD-USD,Gold (USD),2883.2
2025-02-27,GOLD-CHF,Gold (CHF),2593.01
2025-02-28,GOLD-USD,Gold (USD),2836.8
2025-02-28,GOLD-CHF,Gold (CHF),2559.5
2025-03-03,GOLD-USD,Gold (USD),2890.2
2025-03-03,GOLD-CHF,Gold (CHF),2596.41
2025-03-04,GOLD-USD,Gold (USD),2909.6
2025-03-04,GOLD-CHF,Gold (CHF),2590.85
2025-03-05,GOLD-USD,Gold (USD),2915.3
2025-03-05,GOLD-CHF,Gold (CHF),2590.68
2025-03-06,GOLD-USD,Gold (USD),2916.6
2025-03-06,GOLD-CHF,Gold (CHF),2584.25
2025-03-07,GOLD-USD,Gold (USD),2904.7
2025-03-07,GOLD-CHF,Gold (CHF),2552.51
2025-03-10,GOLD-USD,Gold (USD),2891.0
2025-03-10,GOLD-CHF,Gold (CHF),2548.13
2025-03-11,GOLD-USD,Gold (USD),2912.9
2025-03-11,GOLD-CHF,Gold (CHF),2563.79
2025-03-12,GOLD-USD,Gold (USD),2939.1
2025-03-12,GOLD-CHF,Gold (CHF),2594.49
2025-03-13,GOLD-USD,Gold (USD),2984.3
2025-03-13,GOLD-CHF,Gold (CHF),2640.96
2025-03-14,GOLD-USD,Gold (USD),2994.5
2025-03-14,GOLD-CHF,Gold (CHF),2651.63
2025-03-17,GOLD-USD,Gold (USD),3000.0
2025-03-17,GOLD-CHF,Gold (CHF),2643.75
2025-03-18,GOLD-USD,Gold (USD),3035.1
2025-03-18,GOLD-CHF,Gold (CHF),2662.54
2025-03-19,GOLD-USD,Gold (USD),3035.9
2025-03-19,GOLD-CHF,Gold (CHF),2671.59
2025-03-20,GOLD-USD,Gold (USD),3040.0
2025-03-20,GOLD-CHF,Gold (CHF),2683.26
2025-03-21,GOLD-USD,Gold (USD),3018.2
2025-03-21,GOLD-CHF,Gold (CHF),2666.43
2025-03-24,GOLD-USD,Gold (USD),3013.1
2025-03-24,GOLD-CHF,Gold (CHF),2664.63
2025-03-25,GOLD-USD,Gold (USD),3023.7
2025-03-25,GOLD-CHF,Gold (CHF),2667.05
2025-03-26,GOLD-USD,Gold (USD),3020.9
2025-03-26,GOLD-CHF,Gold (CHF),2670.32
2025-03-27,GOLD-USD,Gold (USD),3060.2
2025-03-27,GOLD-CHF,Gold (CHF),2698.64
2025-03-28,GOLD-USD,Gold (USD),3086.5
2025-03-28,GOLD-CHF,Gold (CHF),2719.05
2025-03-31,GOLD-USD,Gold (USD),3122.8
2025-03-31,GOLD-CHF,Gold (CHF),2762.9
2025-04-01,GOLD-USD,Gold (USD),3118.9
2025-04-01,GOLD-CHF,Gold (CHF),2752.9
2025-04-02,GOLD-USD,Gold (USD),3139.9
2025-04-02,GOLD-CHF,Gold (CHF),2770.49
2025-04-03,GOLD-USD,Gold (USD),3097.0
2025-04-03,GOLD-CHF,Gold (CHF),2650.88
2025-04-04,GOLD-USD,Gold (USD),3012.0
2025-04-04,GOLD-CHF,Gold (CHF),2579.18
2025-04-07,GOLD-USD,Gold (USD),2951.3
2025-04-07,GOLD-CHF,Gold (CHF),2542.25
2025-04-08,GOLD-USD,Gold (USD),2968.4
2025-04-08,GOLD-CHF,Gold (CHF),2548.07
2025-04-09,GOLD-USD,Gold (USD),3056.5
2025-04-09,GOLD-CHF,Gold (CHF),2569.14
2025-04-10,GOLD-USD,Gold (USD),3155.2
2025-04-10,GOLD-CHF,Gold (CHF),2629.7
2025-04-11,GOLD-USD,Gold (USD),3222.2
2025-04-11,GOLD-CHF,Gold (CHF),2626.25
2025-04-14,GOLD-USD,Gold (USD),3204.8
2025-04-14,GOLD-CHF,Gold (CHF),2619.44
2025-04-15,GOLD-USD,Gold (USD),3218.7
2025-04-15,GOLD-CHF,Gold (CHF),2631.29
2025-04-16,GOLD-USD,Gold (USD),3326.6
2025-04-16,GOLD-CHF,Gold (CHF),2712.68
2025-04-17,GOLD-USD,Gold (USD),3308.7
2025-04-17,GOLD-CHF,Gold (CHF),2712.97
2025-04-21,GOLD-USD,Gold (USD),3406.2
2025-04-21,GOLD-CHF,Gold (CHF),2751.36
2025-04-22,GOLD-USD,Gold (USD),3400.8
2025-04-22,GOLD-CHF,Gold (CHF),2768.42
2025-04-23,GOLD-USD,Gold (USD),3276.3
2025-04-23,GOLD-CHF,Gold (CHF),2713.27
2025-04-24,GOLD-USD,Gold (USD),3332.0
2025-04-24,GOLD-CHF,Gold (CHF),2755.06
2025-04-25,GOLD-USD,Gold (USD),3282.4
2025-04-25,GOLD-CHF,Gold (CHF),2723.57
2025-04-28,GOLD-USD,Gold (USD),3332.5
2025-04-28,GOLD-CHF,Gold (CHF),2750.81
2025-04-29,GOLD-USD,Gold (USD),3318.8
2025-04-29,GOLD-CHF,Gold (CHF),2735.69
2025-04-30,GOLD-USD,Gold (USD),3305.0
2025-04-30,GOLD-CHF,Gold (CHF),2715.88
2025-05-01,GOLD-USD,Gold (USD),3210.0
2025-05-01,GOLD-CHF,Gold (CHF),2671.84
2025-05-02,GOLD-USD,Gold (USD),3231.9
2025-05-02,GOLD-CHF,Gold (CHF),2660.98
2025-05-05,GOLD-USD,Gold (USD),3311.3
2025-05-05,GOLD-CHF,Gold (CHF),2721.39
2025-05-06,GOLD-USD,Gold (USD),3411.4
2025-05-06,GOLD-CHF,Gold (CHF),2811.16
2025-05-07,GOLD-USD,Gold (USD),3381.4
2025-05-07,GOLD-CHF,Gold (CHF),2774.1
2025-05-08,GOLD-USD,Gold (USD),3296.6
2025-05-08,GOLD-CHF,Gold (CHF),2726.78
2025-05-09,GOLD-USD,Gold (USD),3335.4
2025-05-09,GOLD-CHF,Gold (CHF),2764.88
2025-05-12,GOLD-USD,Gold (USD),3220.0
2025-05-12,GOLD-CHF,Gold (CHF),2716.23
2025-05-13,GOLD-USD,Gold (USD),3240.3
2025-05-13,GOLD-CHF,Gold (CHF),2726.87
2025-05-14,GOLD-USD,Gold (USD),3181.4
2025-05-14,GOLD-CHF,Gold (CHF),2670.31
2025-05-15,GOLD-USD,Gold (USD),3220.7
2025-05-15,GOLD-CHF,Gold (CHF),2695.4
2025-05-16,GOLD-USD,Gold (USD),3182.0
2025-05-16,GOLD-CHF,Gold (CHF),2670.33
2025-05-19,GOLD-USD,Gold (USD),3228.9
2025-05-19,GOLD-CHF,Gold (CHF),2687.57
2025-05-20,GOLD-USD,Gold (USD),3280.3
2025-05-20,GOLD-CHF,Gold (CHF),2726.59
2025-05-21,GOLD-USD,Gold (USD),3309.3
2025-05-21,GOLD-CHF,Gold (CHF),2728.35
2025-05-22,GOLD-USD,Gold (USD),3292.3
2025-05-22,GOLD-CHF,Gold (CHF),2729.15
2025-05-23,GOLD-USD,Gold (USD),3363.6
2025-05-23,GOLD-CHF,Gold (CHF),2762.36
2025-05-27,GOLD-USD,Gold (USD),3299.1
2025-05-27,GOLD-CHF,Gold (CHF),2727.7
2025-05-28,GOLD-USD,Gold (USD),3293.6
2025-05-28,GOLD-CHF,Gold (CHF),2721.17
2025-05-29,GOLD-USD,Gold (USD),3317.1
2025-05-29,GOLD-CHF,Gold (CHF),2735.45
2025-05-30,GOLD-USD,Gold (USD),3288.9
2025-05-30,GOLD-CHF,Gold (CHF),2702.0
2025-06-02,GOLD-USD,Gold (USD),3370.6
2025-06-02,GOLD-CHF,Gold (CHF),2752.6
2025-06-03,GOLD-USD,Gold (USD),3350.2
2025-06-03,GOLD-CHF,Gold (CHF),2758.05
2025-06-04,GOLD-USD,Gold (USD),3373.5
2025-06-04,GOLD-CHF,Gold (CHF),2760.37
2025-06-05,GOLD-USD,Gold (USD),3350.7
2025-06-05,GOLD-CHF,Gold (CHF),2747.41
2025-06-06,GOLD-USD,Gold (USD),3322.7
2025-06-06,GOLD-CHF,Gold (CHF),2735.75
2025-06-09,GOLD-USD,Gold (USD),3332.1
2025-06-09,GOLD-CHF,Gold (CHF),2738.15
2025-06-10,GOLD-USD,Gold (USD),3320.9
2025-06-10,GOLD-CHF,Gold (CHF),2729.61
2025-06-11,GOLD-USD,Gold (USD),3321.3
2025-06-11,GOLD-CHF,Gold (CHF),2722.64
2025-06-12,GOLD-USD,Gold (USD),3380.9
2025-06-12,GOLD-CHF,Gold (CHF),2749.18
2025-06-13,GOLD-USD,Gold (USD),3431.2
2025-06-13,GOLD-CHF,Gold (CHF),2786.13
2025-06-16,GOLD-USD,Gold (USD),3396.4
2025-06-16,GOLD-CHF,Gold (CHF),2753.63
2025-06-17,GOLD-USD,Gold (USD),3386.6
2025-06-17,GOLD-CHF,Gold (CHF),2762.28
2025-06-18,GOLD-USD,Gold (USD),3389.8
2025-06-18,GOLD-CHF,Gold (CHF),2772.35
2025-06-20,GOLD-USD,Gold (USD),3368.1
2025-06-20,GOLD-CHF,Gold (CHF),2753.93
2025-06-23,GOLD-USD,Gold (USD),3377.7
2025-06-23,GOLD-CHF,Gold (CHF),2748.6
2025-06-24,GOLD-USD,Gold (USD),3317.4
2025-06-24,GOLD-CHF,Gold (CHF),2671.34
2025-06-25,GOLD-USD,Gold (USD),3327.1
2025-06-25,GOLD-CHF,Gold (CHF),2681.48
2025-06-26,GOLD-USD,Gold (USD),3333.5
2025-06-26,GOLD-CHF,Gold (CHF),2666.3
2025-06-27,GOLD-USD,Gold (USD),3273.7
2025-06-27,GOLD-CHF,Gold (CHF),2617.49
2025-06-30,GOLD-USD,Gold (USD),3294.4
2025-06-30,GOLD-CHF,Gold (CHF),2622.34
2025-07-01,GOLD-USD,Gold (USD),3336.7
2025-07-01,GOLD-CHF,Gold (CHF),2644.5
2025-07-02,GOLD-USD,Gold (USD),3348.0
2025-07-02,GOLD-CHF,Gold (CHF),2656.47
2025-07-03,GOLD-USD,Gold (USD),3331.6
2025-07-03,GOLD-CHF,Gold (CHF),2652.29
2025-07-07,GOLD-USD,Gold (USD),3332.2
2025-07-07,GOLD-CHF,Gold (CHF),2655.6
2025-07-08,GOLD-USD,Gold (USD),3307.0
2025-07-08,GOLD-CHF,Gold (CHF),2638.82
2025-07-09,GOLD-USD,Gold (USD),3311.6
2025-07-09,GOLD-CHF,Gold (CHF),2632.23
2025-07-10,GOLD-USD,Gold (USD),3317.4
2025-07-10,GOLD-CHF,Gold (CHF),2645.46
2025-07-11,GOLD-USD,Gold (USD),3356.0
2025-07-11,GOLD-CHF,Gold (CHF),2672.55
2025-07-14,GOLD-USD,Gold (USD),3351.5
2025-07-14,GOLD-CHF,Gold (CHF),2670.64
2025-07-15,GOLD-USD,Gold (USD),3329.8
2025-07-15,GOLD-CHF,Gold (CHF),2666.0
2025-07-16,GOLD-USD,Gold (USD),3352.5
2025-07-16,GOLD-CHF,Gold (CHF),2696.25
2025-07-17,GOLD-USD,Gold (USD),3340.1
2025-07-17,GOLD-CHF,Gold (CHF),2688.95
2025-07-18,GOLD-USD,Gold (USD),3353.0
2025-07-18,GOLD-CHF,Gold (CHF),2682.9
2025-07-21,GOLD-USD,Gold (USD),3401.9
2025-07-21,GOLD-CHF,Gold (CHF),2713.53
2025-07-22,GOLD-USD,Gold (USD),3439.2
2025-07-22,GOLD-CHF,Gold (CHF),2735.71
2025-07-23,GOLD-USD,Gold (USD),3394.1
2025-07-23,GOLD-CHF,Gold (CHF),2694.41
2025-07-24,GOLD-USD,Gold (USD),3371.0
2025-07-24,GOLD-CHF,Gold (CHF),2679.78
2025-07-25,GOLD-USD,Gold (USD),3334.0
2025-07-25,GOLD-CHF,Gold (CHF),2656.03
2025-07-28,GOLD-USD,Gold (USD),3309.1
2025-07-28,GOLD-CHF,Gold (CHF),2651.42
2025-07-29,GOLD-USD,Gold (USD),3323.4
2025-07-29,GOLD-CHF,Gold (CHF),2683.48
2025-07-30,GOLD-USD,Gold (USD),3295.8
2025-07-30,GOLD-CHF,Gold (CHF),2672.4
2025-07-31,GOLD-USD,Gold (USD),3293.2
2025-07-31,GOLD-CHF,Gold (CHF),2674.24
2025-08-01,GOLD-USD,Gold (USD),3347.7
2025-08-01,GOLD-CHF,Gold (CHF),2700.09
2025-08-04,GOLD-USD,Gold (USD),3374.4
2025-08-04,GOLD-CHF,Gold (CHF),2727.7
2025-08-05,GOLD-USD,Gold (USD),3381.9
2025-08-05,GOLD-CHF,Gold (CHF),2730.04
2025-08-06,GOLD-USD,Gold (USD),3380.0
2025-08-06,GOLD-CHF,Gold (CHF),2729.52
2025-08-07,GOLD-USD,Gold (USD),3400.3
2025-08-07,GOLD-CHF,Gold (CHF),2747.61
2025-08-08,GOLD-USD,Gold (USD),3439.1
2025-08-08,GOLD-CHF,Gold (CHF),2777.25
2025-08-11,GOLD-USD,Gold (USD),3353.1
2025-08-11,GOLD-CHF,Gold (CHF),2724.9
2025-08-12,GOLD-USD,Gold (USD),3348.9
2025-08-12,GOLD-CHF,Gold (CHF),2710.1
2025-08-13,GOLD-USD,Gold (USD),3358.7
2025-08-13,GOLD-CHF,Gold (CHF),2700.23
2025-08-14,GOLD-USD,Gold (USD),3335.2
2025-08-14,GOLD-CHF,Gold (CHF),2692.01
2025-08-15,GOLD-USD,Gold (USD),3336.0
2025-08-15,GOLD-CHF,Gold (CHF),2686.31
2025-08-18,GOLD-USD,Gold (USD),3331.7
2025-08-18,GOLD-CHF,Gold (CHF),2689.51
2025-08-19,GOLD-USD,Gold (USD),3313.4
2025-08-19,GOLD-CHF,Gold (CHF),2671.43
2025-08-20,GOLD-USD,Gold (USD),3343.4
2025-08-20,GOLD-CHF,Gold (CHF),2687.59
2025-08-21,GOLD-USD,Gold (USD),3336.9
2025-08-21,GOLD-CHF,Gold (CHF),2696.38
2025-08-22,GOLD-USD,Gold (USD),3374.4
2025-08-22,GOLD-CHF,Gold (CHF),2704.75
2025-08-25,GOLD-USD,Gold (USD),3373.8
2025-08-25,GOLD-CHF,Gold (CHF),2709.33
2025-08-26,GOLD-USD,Gold (USD),3388.6
2025-08-26,GOLD-CHF,Gold (CHF),2724.27
2025-08-27,GOLD-USD,Gold (USD),3404.6
2025-08-27,GOLD-CHF,Gold (CHF),2737.13
2025-08-28,GOLD-USD,Gold (USD),3431.8
2025-08-28,GOLD-CHF,Gold (CHF),2752.48
2025-08-29,GOLD-USD,Gold (USD),3473.7
2025-08-29,GOLD-CHF,Gold (CHF),2775.66
2025-09-02,GOLD-USD,Gold (USD),3549.4
2025-09-02,GOLD-CHF,Gold (CHF),2849.1
2025-09-03,GOLD-USD,Gold (USD),3593.2
2025-09-03,GOLD-CHF,Gold (CHF),2887.32
2025-09-04,GOLD-USD,Gold (USD),3565.8
2025-09-04,GOLD-CHF,Gold (CHF),2876.35
2025-09-05,GOLD-USD,Gold (USD),3613.2
2025-09-05,GOLD-CHF,Gold (CHF),2882.43
2025-09-08,GOLD-USD,Gold (USD),3638.1
2025-09-08,GOLD-CHF,Gold (CHF),2888.11
2025-09-09,GOLD-USD,Gold (USD),3643.3
2025-09-09,GOLD-CHF,Gold (CHF),2897.52
2025-09-10,GOLD-USD,Gold (USD),3643.6
2025-09-10,GOLD-CHF,Gold (CHF),2904.86
2025-09-11,GOLD-USD,Gold (USD),3636.9
2025-09-11,GOLD-CHF,Gold (CHF),2894.79
2025-09-12,GOLD-USD,Gold (USD),3649.4
2025-09-12,GOLD-CHF,Gold (CHF),2907.48
2025-09-15,GOLD-USD,Gold (USD),3682.2
2025-09-15,GOLD-CHF,Gold (CHF),2926.43
2025-09-16,GOLD-USD,Gold (USD),3688.9
2025-09-16,GOLD-CHF,Gold (CHF),2905.56
2025-09-17,GOLD-USD,Gold (USD),3681.8
2025-09-17,GOLD-CHF,Gold (CHF),2897.02
2025-09-18,GOLD-USD,Gold (USD),3643.7
2025-09-18,GOLD-CHF,Gold (CHF),2887.09
2025-09-19,GOLD-USD,Gold (USD),3671.5
2025-09-19,GOLD-CHF,Gold (CHF),2919.39
2025-09-22,GOLD-USD,Gold (USD),3740.7
2025-09-22,GOLD-CHF,Gold (CHF),2968.81
2025-09-23,GOLD-USD,Gold (USD),3780.6
2025-09-23,GOLD-CHF,Gold (CHF),2997.83
2025-09-24,GOLD-USD,Gold (USD),3732.1
2025-09-24,GOLD-CHF,Gold (CHF),2965.71
2025-09-25,GOLD-USD,Gold (USD),3736.9
2025-09-25,GOLD-CHF,Gold (CHF),2990.83
2025-09-26,GOLD-USD,Gold (USD),3775.3
2025-09-26,GOLD-CHF,Gold (CHF),3014.77
2025-09-29,GOLD-USD,Gold (USD),3820.9
2025-09-29,GOLD-CHF,Gold (CHF),3046.98
2025-09-30,GOLD-USD,Gold (USD),3840.8
2025-09-30,GOLD-CHF,Gold (CHF),3055.93
2025-10-01,GOLD-USD,Gold (USD),3867.5
2025-10-01,GOLD-CHF,Gold (CHF),3082.98
2025-10-02,GOLD-USD,Gold (USD),3839.7
2025-10-02,GOLD-CHF,Gold (CHF),3065.23
2025-10-03,GOLD-USD,Gold (USD),3880.8
2025-10-03,GOLD-CHF,Gold (CHF),3086.01
2025-10-06,GOLD-USD,Gold (USD),3948.5
2025-10-06,GOLD-CHF,Gold (CHF),3140.44
2025-10-07,GOLD-USD,Gold (USD),3976.6
2025-10-07,GOLD-CHF,Gold (CHF),3173.53
2025-10-08,GOLD-USD,Gold (USD),4043.3
2025-10-08,GOLD-CHF,Gold (CHF),3236.86
2025-10-09,GOLD-USD,Gold (USD),3946.3
2025-10-09,GOLD-CHF,Gold (CHF),3174.6
2025-10-10,GOLD-USD,Gold (USD),3975.9
2025-10-10,GOLD-CHF,Gold (CHF),3198.81
2025-10-13,GOLD-USD,Gold (USD),4108.6
2025-10-13,GOLD-CHF,Gold (CHF),3308.66
2025-10-14,GOLD-USD,Gold (USD),4138.7
2025-10-14,GOLD-CHF,Gold (CHF),3318.62
2025-10-15,GOLD-USD,Gold (USD),4176.9
2025-10-15,GOLD-CHF,Gold (CHF),3336.09
2025-10-16,GOLD-USD,Gold (USD),4280.2
2025-10-16,GOLD-CHF,Gold (CHF),3403.4
2025-10-17,GOLD-USD,Gold (USD),4189.9
2025-10-17,GOLD-CHF,Gold (CHF),3320.71
2025-10-20,GOLD-USD,Gold (USD),4336.4
2025-10-20,GOLD-CHF,Gold (CHF),3429.44
2025-10-21,GOLD-USD,Gold (USD),4087.7
2025-10-21,GOLD-CHF,Gold (CHF),3252.58
2025-10-22,GOLD-USD,Gold (USD),4044.4
2025-10-22,GOLD-CHF,Gold (CHF),3217.93
2025-10-23,GOLD-USD,Gold (USD),4125.5
2025-10-23,GOLD-CHF,Gold (CHF),3281.42
2025-10-24,GOLD-USD,Gold (USD),4118.4
2025-10-24,GOLD-CHF,Gold (CHF),3275.36
2025-10-27,GOLD-USD,Gold (USD),4001.9
2025-10-27,GOLD-CHF,Gold (CHF),3187.51
2025-10-28,GOLD-USD,Gold (USD),3966.2
2025-10-28,GOLD-CHF,Gold (CHF),3144.21
2025-10-29,GOLD-USD,Gold (USD),3983.7
2025-10-29,GOLD-CHF,Gold (CHF),3170.43
2025-10-30,GOLD-USD,Gold (USD),4001.3
2025-10-30,GOLD-CHF,Gold (CHF),3209.24
2025-10-31,GOLD-USD,Gold (USD),3982.2
2025-10-31,GOLD-CHF,Gold (CHF),3196.71
2025-11-03,GOLD-USD,Gold (USD),4000.3
2025-11-03,GOLD-CHF,Gold (CHF),3230.44
2025-11-04,GOLD-USD,Gold (USD),3947.7
2025-11-04,GOLD-CHF,Gold (CHF),3194.68
2025-11-05,GOLD-USD,Gold (USD),3980.3
2025-11-05,GOLD-CHF,Gold (CHF),3229.02
2025-11-06,GOLD-USD,Gold (USD),3979.9
2025-11-06,GOLD-CHF,Gold (CHF),3212.18
2025-11-07,GOLD-USD,Gold (USD),3999.4
2025-11-07,GOLD-CHF,Gold (CHF),3218.52
2025-11-10,GOLD-USD,Gold (USD),4111.8
2025-11-10,GOLD-CHF,Gold (CHF),3315.96
2025-11-11,GOLD-USD,Gold (USD),4106.8
2025-11-11,GOLD-CHF,Gold (CHF),3284.41
2025-11-12,GOLD-USD,Gold (USD),4204.4
2025-11-12,GOLD-CHF,Gold (CHF),3351.54
2025-11-13,GOLD-USD,Gold (USD),4186.9
2025-11-13,GOLD-CHF,Gold (CHF),3319.37
2025-11-14,GOLD-USD,Gold (USD),4087.6
2025-11-14,GOLD-CHF,Gold (CHF),3243.1
2025-11-17,GOLD-USD,Gold (USD),4068.3
2025-11-17,GOLD-CHF,Gold (CHF),3236.54
2025-11-18,GOLD-USD,Gold (USD),4061.3
2025-11-18,GOLD-CHF,Gold (CHF),3243.15
2025-11-19,GOLD-USD,Gold (USD),4077.7
2025-11-19,GOLD-CHF,Gold (CHF),3280.71
2025-11-20,GOLD-USD,Gold (USD),4056.5
2025-11-20,GOLD-CHF,Gold (CHF),3271.77
2025-11-21,GOLD-USD,Gold (USD),4076.7
2025-11-21,GOLD-CHF,Gold (CHF),3296.62
2025-11-24,GOLD-USD,Gold (USD),4091.9
2025-11-24,GOLD-CHF,Gold (CHF),3305.03
2025-11-25,GOLD-USD,Gold (USD),4139.2
2025-11-25,GOLD-CHF,Gold (CHF),3343.85
2025-11-26,GOLD-USD,Gold (USD),4165.2
2025-11-26,GOLD-CHF,Gold (CHF),3355.69
2025-11-28,GOLD-USD,Gold (USD),4218.3
2025-11-28,GOLD-CHF,Gold (CHF),3387.08
2025-12-01,GOLD-USD,Gold (USD),4239.3
2025-12-01,GOLD-CHF,Gold (CHF),3401.19
2025-12-02,GOLD-USD,Gold (USD),4186.6
2025-12-02,GOLD-CHF,Gold (CHF),3368.33
2025-12-03,GOLD-USD,Gold (USD),4199.3
2025-12-03,GOLD-CHF,Gold (CHF),3362.17
2025-12-04,GOLD-USD,Gold (USD),4211.8
2025-12-04,GOLD-CHF,Gold (CHF),3373.44
2025-12-05,GOLD-USD,Gold (USD),4212.9
2025-12-05,GOLD-CHF,Gold (CHF),3388.22
2025-12-08,GOLD-USD,Gold (USD),4187.2
2025-12-08,GOLD-CHF,Gold (CHF),3382.63
2025-12-09,GOLD-USD,Gold (USD),4206.7
2025-12-09,GOLD-CHF,Gold (CHF),3394.81
2025-12-10,GOLD-USD,Gold (USD),4196.4
2025-12-10,GOLD-CHF,Gold (CHF),3368.24
2025-12-11,GOLD-USD,Gold (USD),4285.5
2025-12-11,GOLD-CHF,Gold (CHF),3400.33
2025-12-12,GOLD-USD,Gold (USD),4300.1
2025-12-12,GOLD-CHF,Gold (CHF),3422.23
2025-12-15,GOLD-USD,Gold (USD),4306.7
2025-12-15,GOLD-CHF,Gold (CHF),3424.47
2025-12-16,GOLD-USD,Gold (USD),4304.5
2025-12-16,GOLD-CHF,Gold (CHF),3423.58
2025-12-17,GOLD-USD,Gold (USD),4347.5
2025-12-17,GOLD-CHF,Gold (CHF),3454.31
2025-12-18,GOLD-USD,Gold (USD),4339.5
2025-12-18,GOLD-CHF,Gold (CHF),3445.56
2025-12-19,GOLD-USD,Gold (USD),4361.4
2025-12-19,GOLD-CHF,Gold (CHF),3471.02
2025-12-22,GOLD-USD,Gold (USD),4444.6
2025-12-22,GOLD-CHF,Gold (CHF),3521.68
2025-12-23,GOLD-USD,Gold (USD),4482.8
2025-12-23,GOLD-CHF,Gold (CHF),3540.74
2025-12-24,GOLD-USD,Gold (USD),4480.6
2025-12-24,GOLD-CHF,Gold (CHF),3534.52
2025-12-26,GOLD-USD,Gold (USD),4529.1
2025-12-26,GOLD-CHF,Gold (CHF),3572.78
2025-12-29,GOLD-USD,Gold (USD),4325.1
2025-12-29,GOLD-CHF,Gold (CHF),3414.02
2025-12-30,GOLD-USD,Gold (USD),4370.1
2025-12-30,GOLD-CHF,Gold (CHF),3456.53
2025-12-31,GOLD-USD,Gold (USD),4325.6
2025-12-31,GOLD-CHF,Gold (CHF),3426.96
2026-01-02,GOLD-USD,Gold (USD),4314.4
2026-01-02,GOLD-CHF,Gold (CHF),3409.89
2026-01-05,GOLD-USD,Gold (USD),4436.9
2026-01-05,GOLD-CHF,Gold (CHF),3520.46
2026-01-06,GOLD-USD,Gold (USD),4482.2
2026-01-06,GOLD-CHF,Gold (CHF),3563.12
2026-01-07,GOLD-USD,Gold (USD),4449.3
2026-01-07,GOLD-CHF,Gold (CHF),3544.98
2026-01-08,GOLD-USD,Gold (USD),4449.7
2026-01-08,GOLD-CHF,Gold (CHF),3553.75
2026-01-09,GOLD-USD,Gold (USD),4490.3
2026-01-09,GOLD-CHF,Gold (CHF),3597.4
2026-01-12,GOLD-USD,Gold (USD),4604.3
2026-01-12,GOLD-CHF,Gold (CHF),3665.25
2026-01-13,GOLD-USD,Gold (USD),4589.2
2026-01-13,GOLD-CHF,Gold (CHF),3670.67
2026-01-14,GOLD-USD,Gold (USD),4626.3
2026-01-14,GOLD-CHF,Gold (CHF),3695.49
2026-01-15,GOLD-USD,Gold (USD),4616.3
2026-01-15,GOLD-CHF,Gold (CHF),3709.66
2026-01-16,GOLD-USD,Gold (USD),4588.4
2026-01-16,GOLD-CHF,Gold (CHF),3684.49
2026-01-20,GOLD-USD,Gold (USD),4759.6
2026-01-20,GOLD-CHF,Gold (CHF),3760.8
2026-01-21,GOLD-USD,Gold (USD),4831.8
2026-01-21,GOLD-CHF,Gold (CHF),3836.69
2026-01-22,GOLD-USD,Gold (USD),4908.8
2026-01-22,GOLD-CHF,Gold (CHF),3882.12
2026-01-23,GOLD-USD,Gold (USD),4976.2
2026-01-23,GOLD-CHF,Gold (CHF),3926.47
2026-01-26,GOLD-USD,Gold (USD),5079.7
2026-01-26,GOLD-CHF,Gold (CHF),3930.93
2026-01-27,GOLD-USD,Gold (USD),5079.9
2026-01-27,GOLD-CHF,Gold (CHF),3900.35
2026-01-28,GOLD-USD,Gold (USD),5301.6
2026-01-28,GOLD-CHF,Gold (CHF),4078.26
2026-01-29,GOLD-USD,Gold (USD),5318.4
2026-01-29,GOLD-CHF,Gold (CHF),4084.8
2026-01-30,GOLD-USD,Gold (USD),4713.9
2026-01-30,GOLD-CHF,Gold (CHF),3629.94
2026-02-02,GOLD-USD,Gold (USD),4622.5
2026-02-02,GOLD-CHF,Gold (CHF),3613.18
2026-02-03,GOLD-USD,Gold (USD),4903.7
2026-02-03,GOLD-CHF,Gold (CHF),3801.1
2026-02-04,GOLD-USD,Gold (USD),4920.4
2026-02-04,GOLD-CHF,Gold (CHF),3823.89
2026-02-05,GOLD-USD,Gold (USD),4861.4
2026-02-05,GOLD-CHF,Gold (CHF),3778.52
2026-02-06,GOLD-USD,Gold (USD),4951.2
2026-02-06,GOLD-CHF,Gold (CHF),3838.42
2026-02-09,GOLD-USD,Gold (USD),5050.9
2026-02-09,GOLD-CHF,Gold (CHF),3870.25
2026-02-10,GOLD-USD,Gold (USD),5003.8
2026-02-10,GOLD-CHF,Gold (CHF),3828.66
2026-02-11,GOLD-USD,Gold (USD),5071.6
2026-02-11,GOLD-CHF,Gold (CHF),3917.81
2026-02-12,GOLD-USD,Gold (USD),4923.7
2026-02-12,GOLD-CHF,Gold (CHF),3780.17
2026-02-13,GOLD-USD,Gold (USD),5022.0
2026-02-13,GOLD-CHF,Gold (CHF),3867.69
2026-02-17,GOLD-USD,Gold (USD),4882.9
2026-02-17,GOLD-CHF,Gold (CHF),3778.63
